customer_age,age_group,gender,income_category,income_inr,income_group,credit_limit,total_trans_amt,total_trans_count,avg_trans_value,spending_level
45,36 - 45,M,$60K - $80K,Rs50L - Rs66L,Mid Income,12691,1144,42,27.23809524,Low
49,46 - 55,F,Less than $40K,<Rs33L,Low Income,8256,1291,33,39.12121212,Medium
51,46 - 55,M,$80K - $120K,Rs66L - Rs1Cr,Mid Income,3418,1887,20,94.35,Medium
40,36 - 45,F,Less than $40K,<Rs33L,Low Income,3313,1171,20,58.55,Low
40,36 - 45,M,$60K - $80K,Rs50L - Rs66L,Mid Income,4716,816,28,29.14285714,Low
44,36 - 45,M,$40K - $60K,Rs33L - Rs50L,Low Income,4010,1088,24,45.33333333,Low
51,46 - 55,M,$120K +,Rs1Cr +,High Income,34516,1330,31,42.90322581,Medium
32,26 - 35,M,$60K - $80K,Rs50L - Rs66L,Mid Income,29081,1538,36,42.72222222,Medium
37,36 - 45,M,$60K - $80K,Rs50L - Rs66L,Mid Income,22352,1350,24,56.25,Medium
48,46 - 55,M,$80K - $120K,Rs66L - Rs1Cr,Mid Income,11656,1441,32,45.03125,Medium
42,36 - 45,M,$120K +,Rs1Cr +,High Income,6748,1201,42,28.5952381,Medium
65,55+,M,$40K - $60K,Rs33L - Rs50L,Low Income,9095,1314,26,50.53846154,Medium
56,55+,M,$80K - $120K,Rs66L - Rs1Cr,Mid Income,11751,1539,17,90.52941176,Medium
35,26 - 35,M,$60K - $80K,Rs50L - Rs66L,Mid Income,8547,1311,33,39.72727273,Medium
57,55+,F,Less than $40K,<Rs33L,Low Income,2436,1570,29,54.13793103,Medium
44,36 - 45,M,$80K - $120K,Rs66L - Rs1Cr,Mid Income,4234,1348,27,49.92592593,Medium
48,46 - 55,M,$80K - $120K,Rs66L - Rs1Cr,Mid Income,30367,1671,27,61.88888889,Medium
41,36 - 45,M,$80K - $120K,Rs66L - Rs1Cr,Mid Income,13535,1028,21,48.95238095,Low
61,55+,M,$40K - $60K,Rs33L - Rs50L,Low Income,3193,1336,30,44.53333333,Medium
45,36 - 45,F,Unknown,Unknown,Unknown,14470,1207,21,57.47619048,Medium
47,46 - 55,M,$60K - $80K,Rs50L - Rs66L,Mid Income,20979,1178,27,43.62962963,Low
62,55+,F,Less than $40K,<Rs33L,Low Income,1438.3,692,16,43.25,Low
41,36 - 45,M,$40K - $60K,Rs33L - Rs50L,Low Income,4470,931,18,51.72222222,Low
47,46 - 55,F,Less than $40K,<Rs33L,Low Income,2492,1126,23,48.95652174,Low
54,46 - 55,M,$80K - $120K,Rs66L - Rs1Cr,Mid Income,12217,1110,21,52.85714286,Low
41,36 - 45,F,Less than $40K,<Rs33L,Low Income,7768,1051,22,47.77272727,Low
59,55+,M,$40K - $60K,Rs33L - Rs50L,Low Income,14784,1197,23,52.04347826,Low
63,55+,M,$60K - $80K,Rs50L - Rs66L,Mid Income,10215,1904,40,47.6,Medium
44,36 - 45,F,Unknown,Unknown,Unknown,10100,1052,18,58.44444444,Low
47,46 - 55,M,$40K - $60K,Rs33L - Rs50L,Low Income,4785,1045,38,27.5,Low
53,46 - 55,M,$80K - $120K,Rs66L - Rs1Cr,Mid Income,2753,1038,25,41.52,Low
53,46 - 55,M,$60K - $80K,Rs50L - Rs66L,Mid Income,2451,1596,26,61.38461538,Medium
41,36 - 45,M,$60K - $80K,Rs50L - Rs66L,Mid Income,8923,1589,24,66.20833333,Medium
53,46 - 55,F,Less than $40K,<Rs33L,Low Income,2650,1411,28,50.39285714,Medium
58,55+,M,$80K - $120K,Rs66L - Rs1Cr,Mid Income,12555,1291,24,53.79166667,Medium
55,46 - 55,F,Less than $40K,<Rs33L,Low Income,3520,1407,43,32.72093023,Medium
55,46 - 55,F,Less than $40K,<Rs33L,Low Income,3035,1877,37,50.72972973,Medium
42,36 - 45,F,Less than $40K,<Rs33L,Low Income,15433,966,22,43.90909091,Low
57,55+,F,$40K - $60K,Rs33L - Rs50L,Low Income,3672,1464,28,52.28571429,Medium
66,55+,F,Unknown,Unknown,Unknown,7882,704,16,44,Low
45,36 - 45,M,$80K - $120K,Rs66L - Rs1Cr,Mid Income,32426,1109,28,39.60714286,Low
51,46 - 55,M,$40K - $60K,Rs33L - Rs50L,Low Income,6205,1347,28,48.10714286,Medium
50,46 - 55,F,$40K - $60K,Rs33L - Rs50L,Low Income,17304,1756,33,53.21212121,Medium
49,46 - 55,M,$60K - $80K,Rs50L - Rs66L,Mid Income,3906,1756,32,54.875,Medium
38,36 - 45,F,Unknown,Unknown,Unknown,9830,1042,23,45.30434783,Low
49,46 - 55,M,$80K - $120K,Rs66L - Rs1Cr,Mid Income,34516,1444,28,51.57142857,Medium
56,55+,M,$60K - $80K,Rs50L - Rs66L,Mid Income,2283,1741,27,64.48148148,Medium
59,55+,M,$40K - $60K,Rs33L - Rs50L,Low Income,2548,1719,27,63.66666667,Medium
46,46 - 55,M,$80K - $120K,Rs66L - Rs1Cr,Mid Income,19458,1217,27,45.07407407,Medium
52,46 - 55,M,$80K - $120K,Rs66L - Rs1Cr,Mid Income,4745,1140,40,28.5,Low
52,46 - 55,F,Less than $40K,<Rs33L,Low Income,2622,1878,30,62.6,Medium
54,46 - 55,F,Less than $40K,<Rs33L,Low Income,1438.3,705,19,37.10526316,Low
66,55+,F,Less than $40K,<Rs33L,Low Income,3171,1946,38,51.21052632,Medium
49,46 - 55,M,$120K +,Rs1Cr +,High Income,19763,1414,35,40.4,Medium
56,55+,M,$120K +,Rs1Cr +,High Income,15769,602,15,40.13333333,Low
49,46 - 55,F,Less than $40K,<Rs33L,Low Income,3298,1052,32,32.875,Low
49,46 - 55,F,Less than $40K,<Rs33L,Low Income,2802,1295,40,32.375,Medium
56,55+,M,$40K - $60K,Rs33L - Rs50L,Low Income,4458,1424,29,49.10344828,Medium
44,36 - 45,F,Unknown,Unknown,Unknown,6273,1359,25,54.36,Medium
42,36 - 45,M,$60K - $80K,Rs50L - Rs66L,Mid Income,3336,1168,27,43.25925926,Low
55,46 - 55,M,$80K - $120K,Rs66L - Rs1Cr,Mid Income,3436,1097,33,33.24242424,Low
48,46 - 55,M,$60K - $80K,Rs50L - Rs66L,Mid Income,34516,691,15,46.06666667,Low
39,36 - 45,M,$60K - $80K,Rs50L - Rs66L,Mid Income,5926,1316,28,47,Medium
44,36 - 45,M,$120K +,Rs1Cr +,High Income,23957,1276,26,49.07692308,Medium
53,46 - 55,M,$120K +,Rs1Cr +,High Income,14734,1289,23,56.04347826,Medium
51,46 - 55,M,$80K - $120K,Rs66L - Rs1Cr,Mid Income,34516,1293,32,40.40625,Medium
57,55+,M,$60K - $80K,Rs50L - Rs66L,Mid Income,6584,1353,35,38.65714286,Medium
44,36 - 45,F,Less than $40K,<Rs33L,Low Income,2084,1132,28,40.42857143,Low
49,46 - 55,M,$60K - $80K,Rs50L - Rs66L,Mid Income,1687,1670,17,98.23529412,Medium
50,46 - 55,M,$80K - $120K,Rs66L - Rs1Cr,Mid Income,25300,837,15,55.8,Low
51,46 - 55,M,$120K +,Rs1Cr +,High Income,34516,1550,41,37.80487805,Medium
55,46 - 55,F,Less than $40K,<Rs33L,Low Income,2216,1540,36,42.77777778,Medium
54,46 - 55,M,$60K - $80K,Rs50L - Rs66L,Mid Income,2910,1256,21,59.80952381,Medium
42,36 - 45,M,$80K - $120K,Rs66L - Rs1Cr,Mid Income,22913,1394,35,39.82857143,Medium
44,36 - 45,M,$60K - $80K,Rs50L - Rs66L,Mid Income,24312,1341,24,55.875,Medium
53,46 - 55,M,$80K - $120K,Rs66L - Rs1Cr,Mid Income,5272,1289,33,39.06060606,Medium
44,36 - 45,F,Less than $40K,<Rs33L,Low Income,7000,1112,23,48.34782609,Low
37,36 - 45,F,Less than $40K,<Rs33L,Low Income,7038,2339,57,41.03508772,High
49,46 - 55,M,$60K - $80K,Rs50L - Rs66L,Mid Income,2536,1468,23,63.82608696,Medium
47,46 - 55,M,$80K - $120K,Rs66L - Rs1Cr,Mid Income,28904,1334,35,38.11428571,Medium
47,46 - 55,M,$60K - $80K,Rs50L - Rs66L,Mid Income,8567,1457,41,35.53658537,Medium
44,36 - 45,M,$120K +,Rs1Cr +,High Income,34516,1603,29,55.27586207,Medium
55,46 - 55,F,$40K - $60K,Rs33L - Rs50L,Low Income,2158,615,12,51.25,Low
59,55+,F,Unknown,Unknown,Unknown,10133,1068,20,53.4,Low
53,46 - 55,M,$80K - $120K,Rs66L - Rs1Cr,Mid Income,34516,1590,27,58.88888889,Medium
52,46 - 55,M,$60K - $80K,Rs50L - Rs66L,Mid Income,3085,1531,35,43.74285714,Medium
53,46 - 55,M,$120K +,Rs1Cr +,High Income,19040,1212,31,39.09677419,Medium
43,36 - 45,F,Less than $40K,<Rs33L,Low Income,4026,1237,32,38.65625,Medium
44,36 - 45,M,$60K - $80K,Rs50L - Rs66L,Mid Income,12756,1413,14,100.9285714,Medium
57,55+,M,$120K +,Rs1Cr +,High Income,5266,1516,29,52.27586207,Medium
51,46 - 55,F,Less than $40K,<Rs33L,Low Income,9930,1276,21,60.76190476,Medium
49,46 - 55,M,$80K - $120K,Rs66L - Rs1Cr,Mid Income,31302,1564,35,44.68571429,Medium
45,36 - 45,M,$40K - $60K,Rs33L - Rs50L,Low Income,6576,1465,34,43.08823529,Medium
53,46 - 55,M,$80K - $120K,Rs66L - Rs1Cr,Mid Income,2664,1286,29,44.34482759,Medium
45,36 - 45,F,Unknown,Unknown,Unknown,2535,1312,20,65.6,Medium
64,55+,M,Less than $40K,<Rs33L,Low Income,1709,1673,32,52.28125,Medium
45,36 - 45,M,$40K - $60K,Rs33L - Rs50L,Low Income,3454,1313,30,43.76666667,Medium
53,46 - 55,M,$40K - $60K,Rs33L - Rs50L,Low Income,3789,1609,42,38.30952381,Medium
56,55+,M,$120K +,Rs1Cr +,High Income,9689,1158,19,60.94736842,Low
47,46 - 55,M,$80K - $120K,Rs66L - Rs1Cr,Mid Income,5449,836,18,46.44444444,Low
49,46 - 55,F,Unknown,Unknown,Unknown,23032,1289,22,58.59090909,Medium
41,36 - 45,F,Unknown,Unknown,Unknown,34516,1487,26,57.19230769,Medium
53,46 - 55,M,$120K +,Rs1Cr +,High Income,2940,1259,33,38.15151515,Medium
44,36 - 45,F,Less than $40K,<Rs33L,Low Income,3031,1298,15,86.53333333,Medium
44,36 - 45,M,$60K - $80K,Rs50L - Rs66L,Mid Income,1862,1226,34,36.05882353,Medium
43,36 - 45,F,Less than $40K,<Rs33L,Low Income,8358,1566,37,42.32432432,Medium
53,46 - 55,M,$120K +,Rs1Cr +,High Income,34516,1022,21,48.66666667,Low
44,36 - 45,M,$60K - $80K,Rs50L - Rs66L,Mid Income,14450,1235,30,41.16666667,Medium
62,55+,F,Less than $40K,<Rs33L,Low Income,1438.3,1951,44,44.34090909,Medium
54,46 - 55,M,$120K +,Rs1Cr +,High Income,33791,1047,31,33.77419355,Low
57,55+,M,$60K - $80K,Rs50L - Rs66L,Mid Income,8466,1342,32,41.9375,Medium
42,36 - 45,M,$60K - $80K,Rs50L - Rs66L,Mid Income,15088,1107,21,52.71428571,Low
42,36 - 45,M,$60K - $80K,Rs50L - Rs66L,Mid Income,3263,1251,35,35.74285714,Medium
54,46 - 55,F,Less than $40K,<Rs33L,Low Income,1494,1305,24,54.375,Medium
48,46 - 55,M,$80K - $120K,Rs66L - Rs1Cr,Mid Income,13551,1388,37,37.51351351,Medium
49,46 - 55,M,$80K - $120K,Rs66L - Rs1Cr,Mid Income,18886,1235,18,68.61111111,Medium
52,46 - 55,M,$80K - $120K,Rs66L - Rs1Cr,Mid Income,11976,2089,36,58.02777778,High
50,46 - 55,M,$80K - $120K,Rs66L - Rs1Cr,Mid Income,9964,1626,25,65.04,Medium
49,46 - 55,M,$60K - $80K,Rs50L - Rs66L,Mid Income,24159,1111,24,46.29166667,Low
53,46 - 55,F,Less than $40K,<Rs33L,Low Income,5362,1553,38,40.86842105,Medium
50,46 - 55,M,$120K +,Rs1Cr +,High Income,34516,1064,13,81.84615385,Low
55,46 - 55,F,Less than $40K,<Rs33L,Low Income,3174,1243,29,42.86206897,Medium
53,46 - 55,M,$80K - $120K,Rs66L - Rs1Cr,Mid Income,12262,1659,38,43.65789474,Medium
47,46 - 55,F,$40K - $60K,Rs33L - Rs50L,Low Income,3788,1594,47,33.91489362,Medium
55,46 - 55,M,$120K +,Rs1Cr +,High Income,34516,1268,42,30.19047619,Medium
47,46 - 55,M,$60K - $80K,Rs50L - Rs66L,Mid Income,2926,1304,24,54.33333333,Medium
58,55+,M,$120K +,Rs1Cr +,High Income,32090,1368,30,45.6,Medium
53,46 - 55,M,$80K - $120K,Rs66L - Rs1Cr,Mid Income,11669,720,23,31.30434783,Low
52,46 - 55,M,$40K - $60K,Rs33L - Rs50L,Low Income,13532,1521,29,52.44827586,Medium
50,46 - 55,F,Less than $40K,<Rs33L,Low Income,11888,1137,30,37.9,Low
42,36 - 45,F,Less than $40K,<Rs33L,Low Income,2393,978,16,61.125,Low
43,36 - 45,M,$40K - $60K,Rs33L - Rs50L,Low Income,6111,1221,16,76.3125,Medium
57,55+,M,$80K - $120K,Rs66L - Rs1Cr,Mid Income,19270,1565,28,55.89285714,Medium
52,46 - 55,M,$80K - $120K,Rs66L - Rs1Cr,Mid Income,3710,1578,34,46.41176471,Medium
47,46 - 55,M,Less than $40K,<Rs33L,Low Income,3235,1493,32,46.65625,Medium
44,36 - 45,F,$40K - $60K,Rs33L - Rs50L,Low Income,11749,1178,27,43.62962963,Low
53,46 - 55,M,$60K - $80K,Rs50L - Rs66L,Mid Income,7753,991,26,38.11538462,Low
45,36 - 45,M,$60K - $80K,Rs50L - Rs66L,Mid Income,10408,2560,42,60.95238095,High
63,55+,F,Unknown,Unknown,Unknown,3967,1657,29,57.13793103,Medium
39,36 - 45,F,Less than $40K,<Rs33L,Low Income,6205,1204,19,63.36842105,Medium
48,46 - 55,F,Less than $40K,<Rs33L,Low Income,8025,673,18,37.38888889,Low
51,46 - 55,M,$120K +,Rs1Cr +,High Income,9036,1131,18,62.83333333,Low
54,46 - 55,M,$80K - $120K,Rs66L - Rs1Cr,Mid Income,14926,1576,25,63.04,Medium
59,55+,F,Less than $40K,<Rs33L,Low Income,6335,1217,20,60.85,Medium
59,55+,M,$60K - $80K,Rs50L - Rs66L,Mid Income,14979,530,10,53,Low
48,46 - 55,F,Less than $40K,<Rs33L,Low Income,2732,739,16,46.1875,Low
41,36 - 45,F,Less than $40K,<Rs33L,Low Income,2250,1617,31,52.16129032,Medium
55,46 - 55,M,$120K +,Rs1Cr +,High Income,10916,1592,34,46.82352941,Medium
47,46 - 55,F,Unknown,Unknown,Unknown,5349,1343,30,44.76666667,Medium
41,36 - 45,M,$80K - $120K,Rs66L - Rs1Cr,Mid Income,9366,1303,39,33.41025641,Medium
40,36 - 45,M,$80K - $120K,Rs66L - Rs1Cr,Mid Income,21617,1351,22,61.40909091,Medium
68,55+,M,Unknown,Unknown,Unknown,13860,1910,32,59.6875,Medium
50,46 - 55,F,$40K - $60K,Rs33L - Rs50L,Low Income,18386,1298,22,59,Medium
47,46 - 55,M,$60K - $80K,Rs50L - Rs66L,Mid Income,2405,1087,29,37.48275862,Low
53,46 - 55,F,Less than $40K,<Rs33L,Low Income,2154,1439,26,55.34615385,Medium
42,36 - 45,F,$40K - $60K,Rs33L - Rs50L,Low Income,2038,1238,28,44.21428571,Medium
48,46 - 55,F,$40K - $60K,Rs33L - Rs50L,Low Income,8135,1716,29,59.17241379,Medium
49,46 - 55,M,$120K +,Rs1Cr +,High Income,9364,1099,27,40.7037037,Low
44,36 - 45,F,Unknown,Unknown,Unknown,32643,1058,24,44.08333333,Low
43,36 - 45,F,Less than $40K,<Rs33L,Low Income,3195,1285,29,44.31034483,Medium
56,55+,M,$80K - $120K,Rs66L - Rs1Cr,Mid Income,2852,1651,28,58.96428571,Medium
59,55+,F,Unknown,Unknown,Unknown,4224,1152,31,37.16129032,Low
46,46 - 55,M,$60K - $80K,Rs50L - Rs66L,Mid Income,20459,1767,38,46.5,Medium
47,46 - 55,F,Less than $40K,<Rs33L,Low Income,3482,1039,24,43.29166667,Low
50,46 - 55,F,$40K - $60K,Rs33L - Rs50L,Low Income,3065,1130,28,40.35714286,Low
51,46 - 55,F,Less than $40K,<Rs33L,Low Income,2185,1645,30,54.83333333,Medium
47,46 - 55,F,Less than $40K,<Rs33L,Low Income,1611,1413,29,48.72413793,Medium
58,55+,F,Less than $40K,<Rs33L,Low Income,2822,1218,23,52.95652174,Medium
46,46 - 55,M,$80K - $120K,Rs66L - Rs1Cr,Mid Income,32975,597,17,35.11764706,Low
53,46 - 55,M,$60K - $80K,Rs50L - Rs66L,Mid Income,1438.3,2184,53,41.20754717,High
45,36 - 45,F,Unknown,Unknown,Unknown,15875,1592,37,43.02702703,Medium
52,46 - 55,F,Less than $40K,<Rs33L,Low Income,6703,1388,28,49.57142857,Medium
53,46 - 55,M,$80K - $120K,Rs66L - Rs1Cr,Mid Income,3212,757,20,37.85,Low
50,46 - 55,M,$80K - $120K,Rs66L - Rs1Cr,Mid Income,34516,1504,34,44.23529412,Medium
41,36 - 45,F,$40K - $60K,Rs33L - Rs50L,Low Income,9797,1503,34,44.20588235,Medium
45,36 - 45,F,$40K - $60K,Rs33L - Rs50L,Low Income,10400,1105,28,39.46428571,Low
53,46 - 55,M,$80K - $120K,Rs66L - Rs1Cr,Mid Income,26792,2398,47,51.0212766,High
67,55+,F,Less than $40K,<Rs33L,Low Income,3006,1661,32,51.90625,Medium
57,55+,F,$40K - $60K,Rs33L - Rs50L,Low Income,19482,1421,22,64.59090909,Medium
59,55+,F,$40K - $60K,Rs33L - Rs50L,Low Income,3356,999,28,35.67857143,Low
45,36 - 45,M,$40K - $60K,Rs33L - Rs50L,Low Income,5771,1387,18,77.05555556,Medium
51,46 - 55,M,$80K - $120K,Rs66L - Rs1Cr,Mid Income,11106,1243,24,51.79166667,Medium
59,55+,F,Less than $40K,<Rs33L,Low Income,2890,1860,36,51.66666667,Medium
53,46 - 55,M,$60K - $80K,Rs50L - Rs66L,Mid Income,3380,1502,25,60.08,Medium
47,46 - 55,M,$60K - $80K,Rs50L - Rs66L,Mid Income,21331,1460,50,29.2,Medium
49,46 - 55,F,Unknown,Unknown,Unknown,12860,1348,27,49.92592593,Medium
49,46 - 55,M,$80K - $120K,Rs66L - Rs1Cr,Mid Income,6278,1087,33,32.93939394,Low
60,55+,F,Less than $40K,<Rs33L,Low Income,1438.3,1226,33,37.15151515,Medium
50,46 - 55,F,Less than $40K,<Rs33L,Low Income,9355,1230,28,43.92857143,Medium
41,36 - 45,F,Unknown,Unknown,Unknown,20758,1555,32,48.59375,Medium
57,55+,M,$80K - $120K,Rs66L - Rs1Cr,Mid Income,14612,1827,24,76.125,Medium
43,36 - 45,M,$80K - $120K,Rs66L - Rs1Cr,Mid Income,27259,1376,35,39.31428571,Medium
57,55+,F,Less than $40K,<Rs33L,Low Income,6347,1771,37,47.86486486,Medium
54,46 - 55,M,$120K +,Rs1Cr +,High Income,21592,1873,52,36.01923077,Medium
51,46 - 55,F,Less than $40K,<Rs33L,Low Income,3449,1679,42,39.97619048,Medium
47,46 - 55,F,Less than $40K,<Rs33L,Low Income,6028,1002,22,45.54545455,Low
41,36 - 45,M,$120K +,Rs1Cr +,High Income,18214,1344,21,64,Medium
53,46 - 55,M,$80K - $120K,Rs66L - Rs1Cr,Mid Income,16393,1461,42,34.78571429,Medium
68,55+,M,Less than $40K,<Rs33L,Low Income,1438.3,760,21,36.19047619,Low
59,55+,M,$60K - $80K,Rs50L - Rs66L,Mid Income,7871,1428,22,64.90909091,Medium
48,46 - 55,M,$80K - $120K,Rs66L - Rs1Cr,Mid Income,5288,1777,42,42.30952381,Medium
44,36 - 45,M,$60K - $80K,Rs50L - Rs66L,Mid Income,11376,1302,27,48.22222222,Medium
48,46 - 55,M,$80K - $120K,Rs66L - Rs1Cr,Mid Income,12302,1483,41,36.17073171,Medium
47,46 - 55,M,$60K - $80K,Rs50L - Rs66L,Mid Income,34516,1060,27,39.25925926,Low
47,46 - 55,M,$60K - $80K,Rs50L - Rs66L,Mid Income,34516,1330,32,41.5625,Medium
43,36 - 45,F,Less than $40K,<Rs33L,Low Income,10514,1229,27,45.51851852,Medium
55,46 - 55,F,Less than $40K,<Rs33L,Low Income,1438.3,886,27,32.81481481,Low
59,55+,M,$60K - $80K,Rs50L - Rs66L,Mid Income,1438.3,844,24,35.16666667,Low
63,55+,M,$40K - $60K,Rs33L - Rs50L,Low Income,2619,1450,37,39.18918919,Medium
58,55+,M,$120K +,Rs1Cr +,High Income,24407,2311,48,48.14583333,High
53,46 - 55,F,Less than $40K,<Rs33L,Low Income,2377,1378,26,53,Medium
59,55+,M,$80K - $120K,Rs66L - Rs1Cr,Mid Income,34516,1033,26,39.73076923,Low
52,46 - 55,M,$120K +,Rs1Cr +,High Income,11086,1523,40,38.075,Medium
48,46 - 55,M,$60K - $80K,Rs50L - Rs66L,Mid Income,11432,1374,37,37.13513514,Medium
43,36 - 45,M,$40K - $60K,Rs33L - Rs50L,Low Income,13258,1080,21,51.42857143,Low
48,46 - 55,M,Less than $40K,<Rs33L,Low Income,2571,1234,24,51.41666667,Medium
43,36 - 45,F,Less than $40K,<Rs33L,Low Income,5781,1600,32,50,Medium
44,36 - 45,M,$60K - $80K,Rs50L - Rs66L,Mid Income,7872,1155,32,36.09375,Low
41,36 - 45,M,$80K - $120K,Rs66L - Rs1Cr,Mid Income,34516,1353,33,41,Medium
44,36 - 45,F,Less than $40K,<Rs33L,Low Income,11127,1546,25,61.84,Medium
50,46 - 55,M,$40K - $60K,Rs33L - Rs50L,Low Income,1857,1590,43,36.97674419,Medium
60,55+,F,Less than $40K,<Rs33L,Low Income,1913,1448,22,65.81818182,Medium
44,36 - 45,M,$80K - $120K,Rs66L - Rs1Cr,Mid Income,3839,1271,24,52.95833333,Medium
48,46 - 55,F,$40K - $60K,Rs33L - Rs50L,Low Income,2115,1223,20,61.15,Medium
44,36 - 45,F,Less than $40K,<Rs33L,Low Income,1438.3,1117,29,38.51724138,Low
41,36 - 45,M,$80K - $120K,Rs66L - Rs1Cr,Mid Income,27756,994,24,41.41666667,Low
45,36 - 45,M,$60K - $80K,Rs50L - Rs66L,Mid Income,1438.3,1468,26,56.46153846,Medium
47,46 - 55,F,Less than $40K,<Rs33L,Low Income,13878,1658,38,43.63157895,Medium
51,46 - 55,F,Less than $40K,<Rs33L,Low Income,3106,1368,38,36,Medium
51,46 - 55,M,$120K +,Rs1Cr +,High Income,34516,1218,18,67.66666667,Medium
60,55+,F,$40K - $60K,Rs33L - Rs50L,Low Income,1438.3,702,12,58.5,Low
57,55+,M,$80K - $120K,Rs66L - Rs1Cr,Mid Income,18871,1516,21,72.19047619,Medium
41,36 - 45,M,$120K +,Rs1Cr +,High Income,5207,1310,26,50.38461538,Medium
44,36 - 45,M,$80K - $120K,Rs66L - Rs1Cr,Mid Income,17965,1767,50,35.34,Medium
43,36 - 45,M,$60K - $80K,Rs50L - Rs66L,Mid Income,2733,933,25,37.32,Low
55,46 - 55,M,$60K - $80K,Rs50L - Rs66L,Mid Income,8863,1512,27,56,Medium
52,46 - 55,M,$80K - $120K,Rs66L - Rs1Cr,Mid Income,1857,829,17,48.76470588,Low
44,36 - 45,M,$80K - $120K,Rs66L - Rs1Cr,Mid Income,34516,1120,27,41.48148148,Low
41,36 - 45,M,$40K - $60K,Rs33L - Rs50L,Low Income,11107,1506,33,45.63636364,Medium
44,36 - 45,M,$80K - $120K,Rs66L - Rs1Cr,Mid Income,21573,1384,36,38.44444444,Medium
53,46 - 55,F,Less than $40K,<Rs33L,Low Income,2859,817,30,27.23333333,Low
39,36 - 45,M,$80K - $120K,Rs66L - Rs1Cr,Mid Income,5269,2094,25,83.76,High
49,46 - 55,M,$40K - $60K,Rs33L - Rs50L,Low Income,1438.3,815,21,38.80952381,Low
45,36 - 45,F,Less than $40K,<Rs33L,Low Income,3387,510,24,21.25,Low
54,46 - 55,M,$80K - $120K,Rs66L - Rs1Cr,Mid Income,1982,1377,49,28.10204082,Medium
49,46 - 55,M,$80K - $120K,Rs66L - Rs1Cr,Mid Income,4645,1193,33,36.15151515,Low
46,46 - 55,F,Unknown,Unknown,Unknown,2189,1287,36,35.75,Medium
46,46 - 55,M,$120K +,Rs1Cr +,High Income,2442,701,19,36.89473684,Low
47,46 - 55,M,$60K - $80K,Rs50L - Rs66L,Mid Income,21304,1770,25,70.8,Medium
44,36 - 45,M,$60K - $80K,Rs50L - Rs66L,Mid Income,7577,1409,35,40.25714286,Medium
50,46 - 55,M,$120K +,Rs1Cr +,High Income,3234,1354,28,48.35714286,Medium
73,55+,M,$40K - $60K,Rs33L - Rs50L,Low Income,4469,1765,34,51.91176471,Medium
56,55+,M,$40K - $60K,Rs33L - Rs50L,Low Income,2910,1192,27,44.14814815,Low
59,55+,M,$40K - $60K,Rs33L - Rs50L,Low Income,3616,687,17,40.41176471,Low
70,55+,M,Less than $40K,<Rs33L,Low Income,3252,1227,15,81.8,Medium
55,46 - 55,F,Less than $40K,<Rs33L,Low Income,2358,1737,26,66.80769231,Medium
43,36 - 45,M,$60K - $80K,Rs50L - Rs66L,Mid Income,22322,1348,34,39.64705882,Medium
45,36 - 45,M,$120K +,Rs1Cr +,High Income,3133,1435,38,37.76315789,Medium
45,36 - 45,F,$40K - $60K,Rs33L - Rs50L,Low Income,3540,1321,28,47.17857143,Medium
40,36 - 45,M,$40K - $60K,Rs33L - Rs50L,Low Income,6990,1479,29,51,Medium
36,36 - 45,M,$80K - $120K,Rs66L - Rs1Cr,Mid Income,34516,1283,39,32.8974359,Medium
59,55+,F,$40K - $60K,Rs33L - Rs50L,Low Income,1438.3,689,23,29.95652174,Low
43,36 - 45,M,$60K - $80K,Rs50L - Rs66L,Mid Income,24396,965,17,56.76470588,Low
46,46 - 55,F,Less than $40K,<Rs33L,Low Income,2474,1541,40,38.525,Medium
41,36 - 45,M,$40K - $60K,Rs33L - Rs50L,Low Income,5214,1258,23,54.69565217,Medium
51,46 - 55,F,Less than $40K,<Rs33L,Low Income,5207,1339,20,66.95,Medium
51,46 - 55,F,Less than $40K,<Rs33L,Low Income,9512,1007,22,45.77272727,Low
43,36 - 45,F,Unknown,Unknown,Unknown,3187,1387,33,42.03030303,Medium
64,55+,F,$40K - $60K,Rs33L - Rs50L,Low Income,3353,960,18,53.33333333,Low
54,46 - 55,M,$60K - $80K,Rs50L - Rs66L,Mid Income,2290,1119,18,62.16666667,Low
48,46 - 55,M,$40K - $60K,Rs33L - Rs50L,Low Income,5279,1642,41,40.04878049,Medium
40,36 - 45,M,$60K - $80K,Rs50L - Rs66L,Mid Income,23603,1382,31,44.58064516,Medium
57,55+,M,$40K - $60K,Rs33L - Rs50L,Low Income,2601,1232,32,38.5,Medium
45,36 - 45,M,$80K - $120K,Rs66L - Rs1Cr,Mid Income,6363,1542,16,96.375,Medium
41,36 - 45,M,$80K - $120K,Rs66L - Rs1Cr,Mid Income,8029,1094,32,34.1875,Low
42,36 - 45,F,Less than $40K,<Rs33L,Low Income,2410,1217,30,40.56666667,Medium
45,36 - 45,M,$60K - $80K,Rs50L - Rs66L,Mid Income,3401,744,18,41.33333333,Low
42,36 - 45,F,Less than $40K,<Rs33L,Low Income,2260,1614,33,48.90909091,Medium
47,46 - 55,M,$80K - $120K,Rs66L - Rs1Cr,Mid Income,17682,1747,31,56.35483871,Medium
48,46 - 55,F,$40K - $60K,Rs33L - Rs50L,Low Income,4206,1144,22,52,Low
43,36 - 45,M,$80K - $120K,Rs66L - Rs1Cr,Mid Income,34516,1575,34,46.32352941,Medium
41,36 - 45,M,$80K - $120K,Rs66L - Rs1Cr,Mid Income,23018,1463,24,60.95833333,Medium
54,46 - 55,F,$40K - $60K,Rs33L - Rs50L,Low Income,5556,1706,21,81.23809524,Medium
54,46 - 55,F,Unknown,Unknown,Unknown,6094,909,14,64.92857143,Low
61,55+,M,$40K - $60K,Rs33L - Rs50L,Low Income,2939,2434,33,73.75757576,High
61,55+,M,$80K - $120K,Rs66L - Rs1Cr,Mid Income,5362,1876,41,45.75609756,Medium
48,46 - 55,M,$120K +,Rs1Cr +,High Income,27126,1000,25,40,Low
45,36 - 45,F,Less than $40K,<Rs33L,Low Income,3342,1139,30,37.96666667,Low
54,46 - 55,F,Unknown,Unknown,Unknown,2532,799,21,38.04761905,Low
54,46 - 55,F,Unknown,Unknown,Unknown,1900,1881,45,41.8,Medium
44,36 - 45,M,$60K - $80K,Rs50L - Rs66L,Mid Income,14546,1273,27,47.14814815,Medium
50,46 - 55,F,Unknown,Unknown,Unknown,2521,1328,33,40.24242424,Medium
55,46 - 55,M,$60K - $80K,Rs50L - Rs66L,Mid Income,16427,1579,36,43.86111111,Medium
48,46 - 55,M,$40K - $60K,Rs33L - Rs50L,Low Income,13068,937,28,33.46428571,Low
45,36 - 45,M,$60K - $80K,Rs50L - Rs66L,Mid Income,23218,1749,37,47.27027027,Medium
60,55+,M,$40K - $60K,Rs33L - Rs50L,Low Income,3281,1424,29,49.10344828,Medium
55,46 - 55,M,$40K - $60K,Rs33L - Rs50L,Low Income,3096,2011,41,49.04878049,High
62,55+,F,$40K - $60K,Rs33L - Rs50L,Low Income,2052,1208,31,38.96774194,Medium
38,36 - 45,F,Less than $40K,<Rs33L,Low Income,1438.3,1259,24,52.45833333,Medium
46,46 - 55,M,$40K - $60K,Rs33L - Rs50L,Low Income,9432,1319,26,50.73076923,Medium
50,46 - 55,M,$120K +,Rs1Cr +,High Income,14938,949,27,35.14814815,Low
45,36 - 45,M,$60K - $80K,Rs50L - Rs66L,Mid Income,2221,1338,30,44.6,Medium
47,46 - 55,M,$60K - $80K,Rs50L - Rs66L,Mid Income,5731,1554,26,59.76923077,Medium
48,46 - 55,M,$60K - $80K,Rs50L - Rs66L,Mid Income,34516,1350,32,42.1875,Medium
35,26 - 35,M,$60K - $80K,Rs50L - Rs66L,Mid Income,6985,1694,44,38.5,Medium
51,46 - 55,M,$120K +,Rs1Cr +,High Income,24221,1678,40,41.95,Medium
36,36 - 45,F,Unknown,Unknown,Unknown,15439,2069,43,48.11627907,High
47,46 - 55,M,$80K - $120K,Rs66L - Rs1Cr,Mid Income,21637,1222,23,53.13043478,Medium
52,46 - 55,M,$120K +,Rs1Cr +,High Income,14543,1536,37,41.51351351,Medium
43,36 - 45,F,Less than $40K,<Rs33L,Low Income,9684,1400,31,45.16129032,Medium
63,55+,M,$40K - $60K,Rs33L - Rs50L,Low Income,5007,1050,28,37.5,Low
61,55+,M,$60K - $80K,Rs50L - Rs66L,Mid Income,1616,1389,33,42.09090909,Medium
53,46 - 55,M,$60K - $80K,Rs50L - Rs66L,Mid Income,19116,1184,29,40.82758621,Low
53,46 - 55,F,Less than $40K,<Rs33L,Low Income,2759,2093,42,49.83333333,High
57,55+,M,$120K +,Rs1Cr +,High Income,8249,678,11,61.63636364,Low
38,36 - 45,F,Unknown,Unknown,Unknown,14041,1467,29,50.5862069,Medium
53,46 - 55,M,$60K - $80K,Rs50L - Rs66L,Mid Income,5264,1219,27,45.14814815,Medium
63,55+,F,Less than $40K,<Rs33L,Low Income,2420,1730,36,48.05555556,Medium
49,46 - 55,F,Less than $40K,<Rs33L,Low Income,2826,1025,28,36.60714286,Low
45,36 - 45,M,$80K - $120K,Rs66L - Rs1Cr,Mid Income,12518,1165,33,35.3030303,Low
67,55+,M,$40K - $60K,Rs33L - Rs50L,Low Income,5876,2133,55,38.78181818,High
48,46 - 55,M,$80K - $120K,Rs66L - Rs1Cr,Mid Income,34516,1122,13,86.30769231,Low
51,46 - 55,F,Less than $40K,<Rs33L,Low Income,9648,1083,22,49.22727273,Low
52,46 - 55,M,$80K - $120K,Rs66L - Rs1Cr,Mid Income,34516,1234,23,53.65217391,Medium
55,46 - 55,F,Unknown,Unknown,Unknown,3025,1277,23,55.52173913,Medium
34,26 - 35,M,$60K - $80K,Rs50L - Rs66L,Mid Income,3265,1843,35,52.65714286,Medium
56,55+,M,$120K +,Rs1Cr +,High Income,6041,1747,49,35.65306122,Medium
44,36 - 45,F,Less than $40K,<Rs33L,Low Income,2293,1166,22,53,Low
47,46 - 55,M,$80K - $120K,Rs66L - Rs1Cr,Mid Income,13399,1326,31,42.77419355,Medium
46,46 - 55,F,Less than $40K,<Rs33L,Low Income,4317,1619,36,44.97222222,Medium
43,36 - 45,F,$40K - $60K,Rs33L - Rs50L,Low Income,3378,1285,16,80.3125,Medium
50,46 - 55,F,Less than $40K,<Rs33L,Low Income,5012,1142,28,40.78571429,Low
38,36 - 45,F,Less than $40K,<Rs33L,Low Income,2569,1190,46,25.86956522,Low
53,46 - 55,F,Less than $40K,<Rs33L,Low Income,3471,1052,24,43.83333333,Low
43,36 - 45,M,$120K +,Rs1Cr +,High Income,34516,1628,38,42.84210526,Medium
53,46 - 55,M,$120K +,Rs1Cr +,High Income,3312,1740,32,54.375,Medium
56,55+,F,Less than $40K,<Rs33L,Low Income,2578,1378,29,47.51724138,Medium
54,46 - 55,M,$40K - $60K,Rs33L - Rs50L,Low Income,2902,996,26,38.30769231,Low
57,55+,F,Less than $40K,<Rs33L,Low Income,2742,1389,32,43.40625,Medium
62,55+,M,Less than $40K,<Rs33L,Low Income,2077,1365,38,35.92105263,Medium
46,46 - 55,F,Less than $40K,<Rs33L,Low Income,6265,1715,43,39.88372093,Medium
49,46 - 55,M,$60K - $80K,Rs50L - Rs66L,Mid Income,7819,1582,25,63.28,Medium
52,46 - 55,M,$80K - $120K,Rs66L - Rs1Cr,Mid Income,2731,1220,22,55.45454545,Medium
58,55+,M,$40K - $60K,Rs33L - Rs50L,Low Income,1438.3,715,13,55,Low
54,46 - 55,M,$80K - $120K,Rs66L - Rs1Cr,Mid Income,16286,2552,49,52.08163265,High
49,46 - 55,M,$120K +,Rs1Cr +,High Income,34516,1106,31,35.67741935,Low
58,55+,F,Less than $40K,<Rs33L,Low Income,2609,1731,34,50.91176471,Medium
52,46 - 55,M,$60K - $80K,Rs50L - Rs66L,Mid Income,7567,1435,32,44.84375,Medium
41,36 - 45,M,$60K - $80K,Rs50L - Rs66L,Mid Income,22770,1882,38,49.52631579,Medium
62,55+,F,Less than $40K,<Rs33L,Low Income,3791,2058,34,60.52941176,High
54,46 - 55,M,Less than $40K,<Rs33L,Low Income,2702,1658,32,51.8125,Medium
40,36 - 45,F,Less than $40K,<Rs33L,Low Income,2555,1334,32,41.6875,Medium
43,36 - 45,M,$80K - $120K,Rs66L - Rs1Cr,Mid Income,2355,1441,29,49.68965517,Medium
53,46 - 55,F,$40K - $60K,Rs33L - Rs50L,Low Income,5332,1371,39,35.15384615,Medium
55,46 - 55,M,$40K - $60K,Rs33L - Rs50L,Low Income,1443,1991,38,52.39473684,Medium
46,46 - 55,M,$60K - $80K,Rs50L - Rs66L,Mid Income,10741,1278,22,58.09090909,Medium
41,36 - 45,M,$60K - $80K,Rs50L - Rs66L,Mid Income,7984,1734,39,44.46153846,Medium
49,46 - 55,M,$60K - $80K,Rs50L - Rs66L,Mid Income,18584,1330,34,39.11764706,Medium
61,55+,F,Unknown,Unknown,Unknown,5585,1787,31,57.64516129,Medium
46,46 - 55,M,$80K - $120K,Rs66L - Rs1Cr,Mid Income,34516,1672,32,52.25,Medium
50,46 - 55,F,Less than $40K,<Rs33L,Low Income,1438.3,1439,41,35.09756098,Medium
40,36 - 45,M,$80K - $120K,Rs66L - Rs1Cr,Mid Income,2478,1558,31,50.25806452,Medium
51,46 - 55,M,$120K +,Rs1Cr +,High Income,34516,1795,47,38.19148936,Medium
50,46 - 55,F,$40K - $60K,Rs33L - Rs50L,Low Income,2339,893,22,40.59090909,Low
47,46 - 55,F,Less than $40K,<Rs33L,Low Income,2726,1099,27,40.7037037,Low
43,36 - 45,M,$120K +,Rs1Cr +,High Income,14881,1408,23,61.2173913,Medium
36,36 - 45,F,$40K - $60K,Rs33L - Rs50L,Low Income,1628,1893,15,126.2,Medium
47,46 - 55,F,Less than $40K,<Rs33L,Low Income,3156,1151,31,37.12903226,Low
46,46 - 55,F,Less than $40K,<Rs33L,Low Income,4745,1519,31,49,Medium
46,46 - 55,M,$120K +,Rs1Cr +,High Income,19727,1245,25,49.8,Medium
52,46 - 55,M,$60K - $80K,Rs50L - Rs66L,Mid Income,22720,1102,27,40.81481481,Low
43,36 - 45,M,$40K - $60K,Rs33L - Rs50L,Low Income,8129,1402,33,42.48484848,Medium
40,36 - 45,F,Less than $40K,<Rs33L,Low Income,3751,1060,30,35.33333333,Low
54,46 - 55,F,Less than $40K,<Rs33L,Low Income,1594,1459,35,41.68571429,Medium
55,46 - 55,F,Less than $40K,<Rs33L,Low Income,2569,1456,39,37.33333333,Medium
49,46 - 55,F,Unknown,Unknown,Unknown,18206,1439,48,29.97916667,Medium
45,36 - 45,M,$40K - $60K,Rs33L - Rs50L,Low Income,3104,1353,24,56.375,Medium
49,46 - 55,M,$40K - $60K,Rs33L - Rs50L,Low Income,2406,1173,32,36.65625,Low
63,55+,M,$80K - $120K,Rs66L - Rs1Cr,Mid Income,24571,1746,28,62.35714286,Medium
40,36 - 45,F,Less than $40K,<Rs33L,Low Income,15534,1279,28,45.67857143,Medium
41,36 - 45,F,Less than $40K,<Rs33L,Low Income,12301,1307,29,45.06896552,Medium
37,36 - 45,M,$80K - $120K,Rs66L - Rs1Cr,Mid Income,2846,1473,37,39.81081081,Medium
58,55+,M,$120K +,Rs1Cr +,High Income,9788,1805,37,48.78378378,Medium
55,46 - 55,M,$60K - $80K,Rs50L - Rs66L,Mid Income,7231,1421,23,61.7826087,Medium
53,46 - 55,F,Less than $40K,<Rs33L,Low Income,2324,1272,37,34.37837838,Medium
57,55+,M,$80K - $120K,Rs66L - Rs1Cr,Mid Income,12208,1409,34,41.44117647,Medium
43,36 - 45,M,$80K - $120K,Rs66L - Rs1Cr,Mid Income,5639,647,15,43.13333333,Low
58,55+,M,$60K - $80K,Rs50L - Rs66L,Mid Income,10021,1275,25,51,Medium
64,55+,M,Less than $40K,<Rs33L,Low Income,2215,1270,27,47.03703704,Medium
54,46 - 55,F,Less than $40K,<Rs33L,Low Income,2027,1702,37,46,Medium
53,46 - 55,M,$60K - $80K,Rs50L - Rs66L,Mid Income,6363,1256,26,48.30769231,Medium
39,36 - 45,F,Less than $40K,<Rs33L,Low Income,3920,3178,53,59.96226415,High
56,55+,M,$60K - $80K,Rs50L - Rs66L,Mid Income,9226,1626,29,56.06896552,Medium
54,46 - 55,F,Less than $40K,<Rs33L,Low Income,9376,1562,33,47.33333333,Medium
59,55+,F,$40K - $60K,Rs33L - Rs50L,Low Income,1944,1960,57,34.38596491,Medium
42,36 - 45,M,$40K - $60K,Rs33L - Rs50L,Low Income,9599,1154,38,30.36842105,Low
42,36 - 45,M,$60K - $80K,Rs50L - Rs66L,Mid Income,28202,1629,38,42.86842105,Medium
43,36 - 45,M,$80K - $120K,Rs66L - Rs1Cr,Mid Income,24850,1226,25,49.04,Medium
55,46 - 55,M,$120K +,Rs1Cr +,High Income,3805,1743,27,64.55555556,Medium
52,46 - 55,M,$80K - $120K,Rs66L - Rs1Cr,Mid Income,2733,1139,39,29.20512821,Low
46,46 - 55,M,$40K - $60K,Rs33L - Rs50L,Low Income,12781,1073,21,51.0952381,Low
57,55+,M,$120K +,Rs1Cr +,High Income,3106,683,17,40.17647059,Low
48,46 - 55,M,$80K - $120K,Rs66L - Rs1Cr,Mid Income,7477,1159,32,36.21875,Low
45,36 - 45,M,$120K +,Rs1Cr +,High Income,34516,1859,47,39.55319149,Medium
48,46 - 55,M,$120K +,Rs1Cr +,High Income,29963,1205,28,43.03571429,Medium
47,46 - 55,M,$40K - $60K,Rs33L - Rs50L,Low Income,6509,1409,37,38.08108108,Medium
42,36 - 45,M,$60K - $80K,Rs50L - Rs66L,Mid Income,13450,1000,18,55.55555556,Low
41,36 - 45,M,$60K - $80K,Rs50L - Rs66L,Mid Income,27000,1209,39,31,Medium
51,46 - 55,M,$120K +,Rs1Cr +,High Income,34516,1366,25,54.64,Medium
55,46 - 55,F,Less than $40K,<Rs33L,Low Income,6347,1161,44,26.38636364,Low
67,55+,M,$40K - $60K,Rs33L - Rs50L,Low Income,3106,1512,38,39.78947368,Medium
39,36 - 45,M,$60K - $80K,Rs50L - Rs66L,Mid Income,2536,1750,35,50,Medium
54,46 - 55,M,$60K - $80K,Rs50L - Rs66L,Mid Income,13048,1170,24,48.75,Low
55,46 - 55,F,Less than $40K,<Rs33L,Low Income,2453,2218,50,44.36,High
47,46 - 55,M,$40K - $60K,Rs33L - Rs50L,Low Income,16138,1198,33,36.3030303,Low
49,46 - 55,M,$60K - $80K,Rs50L - Rs66L,Mid Income,8077,1329,26,51.11538462,Medium
42,36 - 45,F,Less than $40K,<Rs33L,Low Income,1929,857,36,23.80555556,Low
57,55+,M,$80K - $120K,Rs66L - Rs1Cr,Mid Income,3127,1470,30,49,Medium
44,36 - 45,M,$60K - $80K,Rs50L - Rs66L,Mid Income,8645,1435,25,57.4,Medium
56,55+,M,$60K - $80K,Rs50L - Rs66L,Mid Income,1438.3,1093,22,49.68181818,Low
49,46 - 55,F,Less than $40K,<Rs33L,Low Income,2185,715,20,35.75,Low
45,36 - 45,M,$80K - $120K,Rs66L - Rs1Cr,Mid Income,24487,1512,42,36,Medium
63,55+,M,$60K - $80K,Rs50L - Rs66L,Mid Income,2567,2399,43,55.79069767,High
44,36 - 45,M,$80K - $120K,Rs66L - Rs1Cr,Mid Income,4131,906,22,41.18181818,Low
44,36 - 45,F,Less than $40K,<Rs33L,Low Income,10790,1052,16,65.75,Low
40,36 - 45,M,$40K - $60K,Rs33L - Rs50L,Low Income,6884,975,11,88.63636364,Low
39,36 - 45,M,$60K - $80K,Rs50L - Rs66L,Mid Income,13961,783,20,39.15,Low
42,36 - 45,M,$80K - $120K,Rs66L - Rs1Cr,Mid Income,29801,990,21,47.14285714,Low
54,46 - 55,M,$120K +,Rs1Cr +,High Income,13219,1097,24,45.70833333,Low
58,55+,F,Less than $40K,<Rs33L,Low Income,2536,901,35,25.74285714,Low
46,46 - 55,F,Less than $40K,<Rs33L,Low Income,9478,1327,41,32.36585366,Medium
47,46 - 55,F,$40K - $60K,Rs33L - Rs50L,Low Income,3502,1814,31,58.51612903,Medium
67,55+,F,Unknown,Unknown,Unknown,10509,1365,34,40.14705882,Medium
50,46 - 55,F,Less than $40K,<Rs33L,Low Income,1491,1058,34,31.11764706,Low
55,46 - 55,M,$60K - $80K,Rs50L - Rs66L,Mid Income,9734,1476,38,38.84210526,Medium
46,46 - 55,F,$40K - $60K,Rs33L - Rs50L,Low Income,2305,1230,36,34.16666667,Medium
47,46 - 55,F,$40K - $60K,Rs33L - Rs50L,Low Income,14241,1581,44,35.93181818,Medium
36,36 - 45,F,$40K - $60K,Rs33L - Rs50L,Low Income,4789,1534,29,52.89655172,Medium
40,36 - 45,M,$60K - $80K,Rs50L - Rs66L,Mid Income,23138,1612,39,41.33333333,Medium
57,55+,M,$80K - $120K,Rs66L - Rs1Cr,Mid Income,23008,1302,36,36.16666667,Medium
48,46 - 55,M,$80K - $120K,Rs66L - Rs1Cr,Mid Income,3131,1439,40,35.975,Medium
58,55+,F,Less than $40K,<Rs33L,Low Income,5798,1724,45,38.31111111,Medium
48,46 - 55,M,$40K - $60K,Rs33L - Rs50L,Low Income,6880,1784,35,50.97142857,Medium
48,46 - 55,M,$80K - $120K,Rs66L - Rs1Cr,Mid Income,34516,1156,29,39.86206897,Low
53,46 - 55,F,$40K - $60K,Rs33L - Rs50L,Low Income,2075,2556,49,52.16326531,High
50,46 - 55,M,$80K - $120K,Rs66L - Rs1Cr,Mid Income,4589,1590,37,42.97297297,Medium
52,46 - 55,F,Less than $40K,<Rs33L,Low Income,2317,884,19,46.52631579,Low
53,46 - 55,F,Less than $40K,<Rs33L,Low Income,1981,973,25,38.92,Low
56,55+,F,$40K - $60K,Rs33L - Rs50L,Low Income,6038,1447,30,48.23333333,Medium
44,36 - 45,M,$80K - $120K,Rs66L - Rs1Cr,Mid Income,14910,1150,26,44.23076923,Low
49,46 - 55,M,$80K - $120K,Rs66L - Rs1Cr,Mid Income,29659,1193,21,56.80952381,Low
54,46 - 55,M,$60K - $80K,Rs50L - Rs66L,Mid Income,4320,706,21,33.61904762,Low
39,36 - 45,F,$40K - $60K,Rs33L - Rs50L,Low Income,11213,1257,23,54.65217391,Medium
39,36 - 45,F,Unknown,Unknown,Unknown,26181,1303,35,37.22857143,Medium
41,36 - 45,F,Less than $40K,<Rs33L,Low Income,5773,1306,39,33.48717949,Medium
53,46 - 55,M,$80K - $120K,Rs66L - Rs1Cr,Mid Income,4503,748,20,37.4,Low
47,46 - 55,M,$80K - $120K,Rs66L - Rs1Cr,Mid Income,29770,1774,42,42.23809524,Medium
46,46 - 55,F,Less than $40K,<Rs33L,Low Income,5014,1209,25,48.36,Medium
53,46 - 55,F,Less than $40K,<Rs33L,Low Income,3445,1074,31,34.64516129,Low
60,55+,M,$80K - $120K,Rs66L - Rs1Cr,Mid Income,23412,1786,50,35.72,Medium
59,55+,F,Less than $40K,<Rs33L,Low Income,3044,1456,36,40.44444444,Medium
38,36 - 45,M,$60K - $80K,Rs50L - Rs66L,Mid Income,14596,1300,25,52,Medium
56,55+,M,Less than $40K,<Rs33L,Low Income,3864,1470,42,35,Medium
35,26 - 35,M,$80K - $120K,Rs66L - Rs1Cr,Mid Income,17030,715,25,28.6,Low
50,46 - 55,M,$60K - $80K,Rs50L - Rs66L,Mid Income,23090,1198,24,49.91666667,Low
53,46 - 55,M,$80K - $120K,Rs66L - Rs1Cr,Mid Income,29205,1556,43,36.18604651,Medium
63,55+,M,$60K - $80K,Rs50L - Rs66L,Mid Income,14035,1606,30,53.53333333,Medium
43,36 - 45,F,Less than $40K,<Rs33L,Low Income,2962,929,31,29.96774194,Low
46,46 - 55,M,$80K - $120K,Rs66L - Rs1Cr,Mid Income,18578,1606,54,29.74074074,Medium
61,55+,M,$60K - $80K,Rs50L - Rs66L,Mid Income,2201,1199,32,37.46875,Low
37,36 - 45,F,Less than $40K,<Rs33L,Low Income,2061,2400,60,40,High
42,36 - 45,F,Unknown,Unknown,Unknown,24602,1337,44,30.38636364,Medium
41,36 - 45,M,$120K +,Rs1Cr +,High Income,15911,1270,33,38.48484848,Medium
56,55+,M,$120K +,Rs1Cr +,High Income,16867,654,14,46.71428571,Low
56,55+,M,$60K - $80K,Rs50L - Rs66L,Mid Income,2783,1909,54,35.35185185,Medium
52,46 - 55,F,Less than $40K,<Rs33L,Low Income,2972,922,25,36.88,Low
40,36 - 45,F,$40K - $60K,Rs33L - Rs50L,Low Income,5124,1158,42,27.57142857,Low
63,55+,M,$40K - $60K,Rs33L - Rs50L,Low Income,2880,1323,26,50.88461538,Medium
58,55+,M,$40K - $60K,Rs33L - Rs50L,Low Income,5579,1025,35,29.28571429,Low
58,55+,M,$60K - $80K,Rs50L - Rs66L,Mid Income,12010,1700,35,48.57142857,Medium
46,46 - 55,M,$80K - $120K,Rs66L - Rs1Cr,Mid Income,34516,1628,51,31.92156863,Medium
37,36 - 45,F,$40K - $60K,Rs33L - Rs50L,Low Income,4394,1377,32,43.03125,Medium
46,46 - 55,M,$80K - $120K,Rs66L - Rs1Cr,Mid Income,18325,1517,33,45.96969697,Medium
46,46 - 55,F,Less than $40K,<Rs33L,Low Income,3773,1528,25,61.12,Medium
41,36 - 45,M,$80K - $120K,Rs66L - Rs1Cr,Mid Income,21684,1329,24,55.375,Medium
48,46 - 55,F,$40K - $60K,Rs33L - Rs50L,Low Income,1919,1505,33,45.60606061,Medium
49,46 - 55,F,$40K - $60K,Rs33L - Rs50L,Low Income,9995,1172,38,30.84210526,Low
44,36 - 45,M,$80K - $120K,Rs66L - Rs1Cr,Mid Income,11910,1646,39,42.20512821,Medium
39,36 - 45,F,Less than $40K,<Rs33L,Low Income,2279,1693,32,52.90625,Medium
57,55+,M,$40K - $60K,Rs33L - Rs50L,Low Income,3539,1336,23,58.08695652,Medium
48,46 - 55,M,$80K - $120K,Rs66L - Rs1Cr,Mid Income,30579,1289,19,67.84210526,Medium
47,46 - 55,M,$80K - $120K,Rs66L - Rs1Cr,Mid Income,24480,1416,32,44.25,Medium
56,55+,F,Unknown,Unknown,Unknown,17561,1608,33,48.72727273,Medium
54,46 - 55,F,Less than $40K,<Rs33L,Low Income,1638,1885,51,36.96078431,Medium
54,46 - 55,M,$60K - $80K,Rs50L - Rs66L,Mid Income,2947,1744,53,32.90566038,Medium
52,46 - 55,M,$80K - $120K,Rs66L - Rs1Cr,Mid Income,5738,1922,48,40.04166667,Medium
43,36 - 45,M,$120K +,Rs1Cr +,High Income,33304,1448,29,49.93103448,Medium
59,55+,M,$40K - $60K,Rs33L - Rs50L,Low Income,7251,1300,36,36.11111111,Medium
44,36 - 45,M,Unknown,Unknown,Unknown,2885,1366,31,44.06451613,Medium
56,55+,F,Less than $40K,<Rs33L,Low Income,2641,1439,39,36.8974359,Medium
45,36 - 45,F,Unknown,Unknown,Unknown,2801,1241,46,26.97826087,Medium
55,46 - 55,M,$80K - $120K,Rs66L - Rs1Cr,Mid Income,16794,1917,33,58.09090909,Medium
48,46 - 55,F,$40K - $60K,Rs33L - Rs50L,Low Income,9336,1391,39,35.66666667,Medium
56,55+,F,Less than $40K,<Rs33L,Low Income,2763,1246,31,40.19354839,Medium
41,36 - 45,M,$60K - $80K,Rs50L - Rs66L,Mid Income,17391,1248,27,46.22222222,Medium
65,55+,F,Less than $40K,<Rs33L,Low Income,3198,1936,44,44,Medium
34,26 - 35,M,$80K - $120K,Rs66L - Rs1Cr,Mid Income,5100,2375,63,37.6984127,High
56,55+,M,$60K - $80K,Rs50L - Rs66L,Mid Income,3955,1238,25,49.52,Medium
62,55+,F,Less than $40K,<Rs33L,Low Income,3140,1626,41,39.65853659,Medium
45,36 - 45,F,Unknown,Unknown,Unknown,4028,791,22,35.95454545,Low
38,36 - 45,F,Less than $40K,<Rs33L,Low Income,2264,1204,28,43,Medium
49,46 - 55,M,$120K +,Rs1Cr +,High Income,21620,1300,33,39.39393939,Medium
58,55+,M,$60K - $80K,Rs50L - Rs66L,Mid Income,6385,1612,47,34.29787234,Medium
41,36 - 45,F,$40K - $60K,Rs33L - Rs50L,Low Income,2375,1071,28,38.25,Low
33,26 - 35,M,$60K - $80K,Rs50L - Rs66L,Mid Income,1963,1378,37,37.24324324,Medium
47,46 - 55,F,Less than $40K,<Rs33L,Low Income,4256,1100,29,37.93103448,Low
56,55+,F,Less than $40K,<Rs33L,Low Income,5097,2052,45,45.6,High
51,46 - 55,M,$60K - $80K,Rs50L - Rs66L,Mid Income,3228,1349,33,40.87878788,Medium
49,46 - 55,M,$40K - $60K,Rs33L - Rs50L,Low Income,20231,1215,36,33.75,Medium
50,46 - 55,M,$120K +,Rs1Cr +,High Income,27512,1149,25,45.96,Low
55,46 - 55,F,$40K - $60K,Rs33L - Rs50L,Low Income,1929,2354,50,47.08,High
26,26 - 35,M,Less than $40K,<Rs33L,Low Income,2585,2644,40,66.1,High
58,55+,M,$80K - $120K,Rs66L - Rs1Cr,Mid Income,12151,918,14,65.57142857,Low
46,46 - 55,M,$80K - $120K,Rs66L - Rs1Cr,Mid Income,34516,1362,31,43.93548387,Medium
48,46 - 55,M,$120K +,Rs1Cr +,High Income,34516,1222,37,33.02702703,Medium
42,36 - 45,M,$60K - $80K,Rs50L - Rs66L,Mid Income,5504,1364,32,42.625,Medium
37,36 - 45,M,$80K - $120K,Rs66L - Rs1Cr,Mid Income,10021,1463,40,36.575,Medium
63,55+,F,Less than $40K,<Rs33L,Low Income,3558,1631,31,52.61290323,Medium
50,46 - 55,M,$40K - $60K,Rs33L - Rs50L,Low Income,19853,1878,55,34.14545455,Medium
41,36 - 45,F,$40K - $60K,Rs33L - Rs50L,Low Income,4969,1489,32,46.53125,Medium
48,46 - 55,F,Less than $40K,<Rs33L,Low Income,3117,1437,37,38.83783784,Medium
46,46 - 55,M,$80K - $120K,Rs66L - Rs1Cr,Mid Income,21526,1313,37,35.48648649,Medium
61,55+,M,$60K - $80K,Rs50L - Rs66L,Mid Income,5504,1290,38,33.94736842,Medium
59,55+,F,Less than $40K,<Rs33L,Low Income,5512,1975,49,40.30612245,Medium
53,46 - 55,F,Unknown,Unknown,Unknown,1438.3,807,22,36.68181818,Low
39,36 - 45,F,$40K - $60K,Rs33L - Rs50L,Low Income,7262,1438,28,51.35714286,Medium
51,46 - 55,M,$120K +,Rs1Cr +,High Income,7319,1233,29,42.51724138,Medium
45,36 - 45,M,$60K - $80K,Rs50L - Rs66L,Mid Income,1438.3,709,27,26.25925926,Low
48,46 - 55,M,$60K - $80K,Rs50L - Rs66L,Mid Income,7712,1597,39,40.94871795,Medium
47,46 - 55,M,$60K - $80K,Rs50L - Rs66L,Mid Income,2053,1283,28,45.82142857,Medium
41,36 - 45,M,$40K - $60K,Rs33L - Rs50L,Low Income,12804,1101,37,29.75675676,Low
48,46 - 55,M,$80K - $120K,Rs66L - Rs1Cr,Mid Income,26443,1593,36,44.25,Medium
50,46 - 55,F,Less than $40K,<Rs33L,Low Income,3125,1631,46,35.45652174,Medium
56,55+,F,Less than $40K,<Rs33L,Low Income,4930,2194,53,41.39622642,High
39,36 - 45,F,Less than $40K,<Rs33L,Low Income,9476,1128,27,41.77777778,Low
47,46 - 55,M,$80K - $120K,Rs66L - Rs1Cr,Mid Income,11722,1497,35,42.77142857,Medium
44,36 - 45,M,$120K +,Rs1Cr +,High Income,13301,1385,50,27.7,Medium
61,55+,F,Unknown,Unknown,Unknown,1438.3,1449,27,53.66666667,Medium
43,36 - 45,F,Less than $40K,<Rs33L,Low Income,1438.3,974,28,34.78571429,Low
59,55+,M,$60K - $80K,Rs50L - Rs66L,Mid Income,6705,731,18,40.61111111,Low
42,36 - 45,F,Unknown,Unknown,Unknown,22718,1191,37,32.18918919,Low
40,36 - 45,M,$40K - $60K,Rs33L - Rs50L,Low Income,23981,1421,34,41.79411765,Medium
65,55+,M,Less than $40K,<Rs33L,Low Income,2318,1256,35,35.88571429,Medium
48,46 - 55,M,$60K - $80K,Rs50L - Rs66L,Mid Income,19324,1744,50,34.88,Medium
44,36 - 45,M,$40K - $60K,Rs33L - Rs50L,Low Income,5331,1766,39,45.28205128,Medium
36,36 - 45,F,Unknown,Unknown,Unknown,15700,2229,48,46.4375,High
45,36 - 45,M,$60K - $80K,Rs50L - Rs66L,Mid Income,17625,1773,39,45.46153846,Medium
39,36 - 45,M,$80K - $120K,Rs66L - Rs1Cr,Mid Income,17438,1860,37,50.27027027,Medium
40,36 - 45,M,$80K - $120K,Rs66L - Rs1Cr,Mid Income,1962,1179,27,43.66666667,Low
62,55+,M,$60K - $80K,Rs50L - Rs66L,Mid Income,8077,906,16,56.625,Low
26,26 - 35,M,$40K - $60K,Rs33L - Rs50L,Low Income,3290,2781,54,51.5,High
60,55+,M,Less than $40K,<Rs33L,Low Income,2402,1650,53,31.13207547,Medium
54,46 - 55,F,Less than $40K,<Rs33L,Low Income,9256,1446,37,39.08108108,Medium
62,55+,M,$60K - $80K,Rs50L - Rs66L,Mid Income,3674,1703,48,35.47916667,Medium
57,55+,M,$40K - $60K,Rs33L - Rs50L,Low Income,6462,761,17,44.76470588,Low
59,55+,M,$40K - $60K,Rs33L - Rs50L,Low Income,1638,1536,44,34.90909091,Medium
46,46 - 55,M,$60K - $80K,Rs50L - Rs66L,Mid Income,4335,1373,36,38.13888889,Medium
44,36 - 45,M,$60K - $80K,Rs50L - Rs66L,Mid Income,3233,1256,29,43.31034483,Medium
48,46 - 55,M,$80K - $120K,Rs66L - Rs1Cr,Mid Income,11862,643,16,40.1875,Low
43,36 - 45,M,$120K +,Rs1Cr +,High Income,34516,1215,45,27,Medium
57,55+,M,$120K +,Rs1Cr +,High Income,19802,2244,58,38.68965517,High
46,46 - 55,M,$80K - $120K,Rs66L - Rs1Cr,Mid Income,24869,1409,36,39.13888889,Medium
40,36 - 45,M,$60K - $80K,Rs50L - Rs66L,Mid Income,3624,1469,23,63.86956522,Medium
54,46 - 55,M,$80K - $120K,Rs66L - Rs1Cr,Mid Income,6175,1847,59,31.30508475,Medium
57,55+,F,$40K - $60K,Rs33L - Rs50L,Low Income,10953,1277,29,44.03448276,Medium
44,36 - 45,M,$60K - $80K,Rs50L - Rs66L,Mid Income,11338,1227,24,51.125,Medium
47,46 - 55,F,Less than $40K,<Rs33L,Low Income,5544,1336,38,35.15789474,Medium
47,46 - 55,M,$60K - $80K,Rs50L - Rs66L,Mid Income,19665,1110,58,19.13793103,Low
50,46 - 55,F,Less than $40K,<Rs33L,Low Income,2927,1474,26,56.69230769,Medium
53,46 - 55,F,$40K - $60K,Rs33L - Rs50L,Low Income,5146,1955,44,44.43181818,Medium
56,55+,M,$60K - $80K,Rs50L - Rs66L,Mid Income,1704,660,17,38.82352941,Low
55,46 - 55,M,$60K - $80K,Rs50L - Rs66L,Mid Income,1438.3,888,18,49.33333333,Low
53,46 - 55,F,Less than $40K,<Rs33L,Low Income,2974,1785,45,39.66666667,Medium
61,55+,M,$40K - $60K,Rs33L - Rs50L,Low Income,5472,705,14,50.35714286,Low
57,55+,M,$60K - $80K,Rs50L - Rs66L,Mid Income,2736,1211,25,48.44,Medium
50,46 - 55,M,$80K - $120K,Rs66L - Rs1Cr,Mid Income,1438.3,1391,40,34.775,Medium
56,55+,F,Unknown,Unknown,Unknown,5406,1407,29,48.51724138,Medium
52,46 - 55,M,$120K +,Rs1Cr +,High Income,34516,1616,50,32.32,Medium
60,55+,M,Less than $40K,<Rs33L,Low Income,1976,1498,43,34.8372093,Medium
49,46 - 55,M,$80K - $120K,Rs66L - Rs1Cr,Mid Income,8714,1536,38,40.42105263,Medium
46,46 - 55,F,Less than $40K,<Rs33L,Low Income,8693,1594,45,35.42222222,Medium
42,36 - 45,M,$80K - $120K,Rs66L - Rs1Cr,Mid Income,9247,1190,30,39.66666667,Low
45,36 - 45,M,Less than $40K,<Rs33L,Low Income,7717,1248,37,33.72972973,Medium
45,36 - 45,F,Less than $40K,<Rs33L,Low Income,4908,827,21,39.38095238,Low
44,36 - 45,F,Less than $40K,<Rs33L,Low Income,7222,920,18,51.11111111,Low
61,55+,M,$80K - $120K,Rs66L - Rs1Cr,Mid Income,21740,1755,54,32.5,Medium
55,46 - 55,M,$60K - $80K,Rs50L - Rs66L,Mid Income,2323,804,15,53.6,Low
44,36 - 45,M,$60K - $80K,Rs50L - Rs66L,Mid Income,7788,1196,30,39.86666667,Low
55,46 - 55,F,Less than $40K,<Rs33L,Low Income,1438.3,850,22,38.63636364,Low
57,55+,M,$120K +,Rs1Cr +,High Income,23700,1644,28,58.71428571,Medium
45,36 - 45,M,$80K - $120K,Rs66L - Rs1Cr,Mid Income,11710,1749,50,34.98,Medium
57,55+,F,$40K - $60K,Rs33L - Rs50L,Low Income,2278,2307,45,51.26666667,High
31,26 - 35,M,$40K - $60K,Rs33L - Rs50L,Low Income,4048,1757,45,39.04444444,Medium
34,26 - 35,F,Less than $40K,<Rs33L,Low Income,3663,1826,35,52.17142857,Medium
53,46 - 55,F,Less than $40K,<Rs33L,Low Income,1438.3,799,17,47,Low
35,26 - 35,F,Unknown,Unknown,Unknown,3518,2121,60,35.35,High
44,36 - 45,F,Less than $40K,<Rs33L,Low Income,1717,1468,29,50.62068966,Medium
50,46 - 55,M,$80K - $120K,Rs66L - Rs1Cr,Mid Income,16813,1482,46,32.2173913,Medium
33,26 - 35,M,$80K - $120K,Rs66L - Rs1Cr,Mid Income,16434,1726,37,46.64864865,Medium
50,46 - 55,M,$60K - $80K,Rs50L - Rs66L,Mid Income,21872,1806,31,58.25806452,Medium
51,46 - 55,M,$80K - $120K,Rs66L - Rs1Cr,Mid Income,15897,1405,43,32.6744186,Medium
56,55+,F,Less than $40K,<Rs33L,Low Income,4271,2052,50,41.04,High
55,46 - 55,F,Less than $40K,<Rs33L,Low Income,7361,1175,34,34.55882353,Low
26,26 - 35,M,Less than $40K,<Rs33L,Low Income,1438.3,1786,37,48.27027027,Medium
42,36 - 45,F,Less than $40K,<Rs33L,Low Income,8628,1675,58,28.87931034,Medium
54,46 - 55,M,$80K - $120K,Rs66L - Rs1Cr,Mid Income,18750,1200,36,33.33333333,Medium
44,36 - 45,F,Unknown,Unknown,Unknown,21242,1283,37,34.67567568,Medium
65,55+,F,$40K - $60K,Rs33L - Rs50L,Low Income,2961,1937,57,33.98245614,Medium
38,36 - 45,F,Unknown,Unknown,Unknown,11327,2033,38,53.5,High
58,55+,M,$60K - $80K,Rs50L - Rs66L,Mid Income,8308,1915,37,51.75675676,Medium
39,36 - 45,F,$40K - $60K,Rs33L - Rs50L,Low Income,3249,1988,36,55.22222222,Medium
52,46 - 55,M,$120K +,Rs1Cr +,High Income,2981,1648,30,54.93333333,Medium
45,36 - 45,F,Less than $40K,<Rs33L,Low Income,8829,1902,45,42.26666667,Medium
42,36 - 45,M,$80K - $120K,Rs66L - Rs1Cr,Mid Income,3714,1454,35,41.54285714,Medium
42,36 - 45,M,$60K - $80K,Rs50L - Rs66L,Mid Income,7340,838,24,34.91666667,Low
57,55+,M,$120K +,Rs1Cr +,High Income,16952,1918,61,31.44262295,Medium
55,46 - 55,M,$80K - $120K,Rs66L - Rs1Cr,Mid Income,20865,837,25,33.48,Low
44,36 - 45,F,Less than $40K,<Rs33L,Low Income,3083,4311,78,55.26923077,High
37,36 - 45,F,Unknown,Unknown,Unknown,10584,1567,33,47.48484848,Medium
50,46 - 55,F,Less than $40K,<Rs33L,Low Income,2240,1905,39,48.84615385,Medium
51,46 - 55,M,$40K - $60K,Rs33L - Rs50L,Low Income,12240,1422,26,54.69230769,Medium
37,36 - 45,M,$80K - $120K,Rs66L - Rs1Cr,Mid Income,5120,1680,32,52.5,Medium
36,36 - 45,F,Less than $40K,<Rs33L,Low Income,3124,1652,41,40.29268293,Medium
51,46 - 55,F,Less than $40K,<Rs33L,Low Income,11261,1158,26,44.53846154,Low
65,55+,M,$40K - $60K,Rs33L - Rs50L,Low Income,2468,1797,46,39.06521739,Medium
43,36 - 45,M,$60K - $80K,Rs50L - Rs66L,Mid Income,22157,1911,55,34.74545455,Medium
46,46 - 55,M,$40K - $60K,Rs33L - Rs50L,Low Income,11477,1260,27,46.66666667,Medium
43,36 - 45,F,Less than $40K,<Rs33L,Low Income,3933,1489,45,33.08888889,Medium
56,55+,M,$80K - $120K,Rs66L - Rs1Cr,Mid Income,8022,1794,31,57.87096774,Medium
43,36 - 45,M,$60K - $80K,Rs50L - Rs66L,Mid Income,13771,1510,42,35.95238095,Medium
53,46 - 55,M,$80K - $120K,Rs66L - Rs1Cr,Mid Income,30271,3231,47,68.74468085,High
50,46 - 55,M,$60K - $80K,Rs50L - Rs66L,Mid Income,3244,1274,32,39.8125,Medium
43,36 - 45,F,$40K - $60K,Rs33L - Rs50L,Low Income,2936,1572,57,27.57894737,Medium
54,46 - 55,M,$80K - $120K,Rs66L - Rs1Cr,Mid Income,1438.3,1935,41,47.19512195,Medium
33,26 - 35,M,$60K - $80K,Rs50L - Rs66L,Mid Income,6242,2187,59,37.06779661,High
58,55+,F,$40K - $60K,Rs33L - Rs50L,Low Income,6175,1417,25,56.68,Medium
41,36 - 45,M,$80K - $120K,Rs66L - Rs1Cr,Mid Income,11806,1465,31,47.25806452,Medium
48,46 - 55,M,$60K - $80K,Rs50L - Rs66L,Mid Income,4734,1570,45,34.88888889,Medium
55,46 - 55,M,$40K - $60K,Rs33L - Rs50L,Low Income,6244,1445,40,36.125,Medium
54,46 - 55,F,Less than $40K,<Rs33L,Low Income,1438.3,694,15,46.26666667,Low
51,46 - 55,F,Unknown,Unknown,Unknown,34516,1929,40,48.225,Medium
35,26 - 35,M,$80K - $120K,Rs66L - Rs1Cr,Mid Income,23561,2447,64,38.234375,High
50,46 - 55,M,$80K - $120K,Rs66L - Rs1Cr,Mid Income,24742,1306,31,42.12903226,Medium
55,46 - 55,M,$80K - $120K,Rs66L - Rs1Cr,Mid Income,27560,646,10,64.6,Low
45,36 - 45,F,Less than $40K,<Rs33L,Low Income,5923,1236,35,35.31428571,Medium
34,26 - 35,M,$60K - $80K,Rs50L - Rs66L,Mid Income,8581,2513,63,39.88888889,High
55,46 - 55,F,$40K - $60K,Rs33L - Rs50L,Low Income,3156,2091,48,43.5625,High
48,46 - 55,F,Less than $40K,<Rs33L,Low Income,7151,854,22,38.81818182,Low
46,46 - 55,M,$60K - $80K,Rs50L - Rs66L,Mid Income,1535,1848,25,73.92,Medium
61,55+,F,Less than $40K,<Rs33L,Low Income,2122,949,17,55.82352941,Low
48,46 - 55,M,$60K - $80K,Rs50L - Rs66L,Mid Income,17131,1371,37,37.05405405,Medium
51,46 - 55,F,Less than $40K,<Rs33L,Low Income,5822,1804,49,36.81632653,Medium
39,36 - 45,M,$60K - $80K,Rs50L - Rs66L,Mid Income,3537,1605,43,37.3255814,Medium
43,36 - 45,M,$120K +,Rs1Cr +,High Income,34516,1463,38,38.5,Medium
53,46 - 55,M,$60K - $80K,Rs50L - Rs66L,Mid Income,16320,1279,41,31.19512195,Medium
38,36 - 45,M,$80K - $120K,Rs66L - Rs1Cr,Mid Income,2407,1470,28,52.5,Medium
49,46 - 55,F,Less than $40K,<Rs33L,Low Income,3538,1265,38,33.28947368,Medium
37,36 - 45,F,Less than $40K,<Rs33L,Low Income,2684,2002,60,33.36666667,High
53,46 - 55,M,$80K - $120K,Rs66L - Rs1Cr,Mid Income,34516,1475,33,44.6969697,Medium
46,46 - 55,M,$40K - $60K,Rs33L - Rs50L,Low Income,15459,1419,30,47.3,Medium
44,36 - 45,F,Less than $40K,<Rs33L,Low Income,4307,1628,37,44,Medium
50,46 - 55,F,Less than $40K,<Rs33L,Low Income,2081,1337,29,46.10344828,Medium
58,55+,F,$40K - $60K,Rs33L - Rs50L,Low Income,2848,1135,27,42.03703704,Low
55,46 - 55,M,$120K +,Rs1Cr +,High Income,34516,1161,26,44.65384615,Low
44,36 - 45,M,$80K - $120K,Rs66L - Rs1Cr,Mid Income,6361,1571,38,41.34210526,Medium
57,55+,M,$80K - $120K,Rs66L - Rs1Cr,Mid Income,15428,1916,40,47.9,Medium
57,55+,M,$40K - $60K,Rs33L - Rs50L,Low Income,2544,1346,30,44.86666667,Medium
48,46 - 55,M,$80K - $120K,Rs66L - Rs1Cr,Mid Income,9959,805,24,33.54166667,Low
51,46 - 55,M,$60K - $80K,Rs50L - Rs66L,Mid Income,8796,1195,18,66.38888889,Low
53,46 - 55,F,Less than $40K,<Rs33L,Low Income,3428,1155,34,33.97058824,Low
45,36 - 45,F,Less than $40K,<Rs33L,Low Income,1438.3,1431,34,42.08823529,Medium
41,36 - 45,M,$60K - $80K,Rs50L - Rs66L,Mid Income,18001,1194,25,47.76,Low
51,46 - 55,F,Less than $40K,<Rs33L,Low Income,2680,1154,33,34.96969697,Low
46,46 - 55,F,Less than $40K,<Rs33L,Low Income,4675,1232,34,36.23529412,Medium
40,36 - 45,F,Less than $40K,<Rs33L,Low Income,2448,1269,30,42.3,Medium
33,26 - 35,M,$60K - $80K,Rs50L - Rs66L,Mid Income,4049,1742,35,49.77142857,Medium
53,46 - 55,M,$80K - $120K,Rs66L - Rs1Cr,Mid Income,8154,1379,26,53.03846154,Medium
63,55+,M,$40K - $60K,Rs33L - Rs50L,Low Income,4559,1870,35,53.42857143,Medium
61,55+,M,$80K - $120K,Rs66L - Rs1Cr,Mid Income,19354,1207,32,37.71875,Medium
56,55+,M,$60K - $80K,Rs50L - Rs66L,Mid Income,2340,781,15,52.06666667,Low
53,46 - 55,M,$60K - $80K,Rs50L - Rs66L,Mid Income,13848,1773,38,46.65789474,Medium
62,55+,F,Less than $40K,<Rs33L,Low Income,2490,864,20,43.2,Low
50,46 - 55,F,Unknown,Unknown,Unknown,32156,1559,39,39.97435897,Medium
37,36 - 45,M,$60K - $80K,Rs50L - Rs66L,Mid Income,2578,1830,64,28.59375,Medium
62,55+,F,Unknown,Unknown,Unknown,9050,1542,43,35.86046512,Medium
49,46 - 55,M,$80K - $120K,Rs66L - Rs1Cr,Mid Income,34516,1506,47,32.04255319,Medium
57,55+,F,Unknown,Unknown,Unknown,8362,1175,41,28.65853659,Low
55,46 - 55,M,$80K - $120K,Rs66L - Rs1Cr,Mid Income,6514,1383,20,69.15,Medium
50,46 - 55,M,$80K - $120K,Rs66L - Rs1Cr,Mid Income,4051,1837,57,32.22807018,Medium
48,46 - 55,M,$60K - $80K,Rs50L - Rs66L,Mid Income,11959,1191,40,29.775,Low
60,55+,F,$40K - $60K,Rs33L - Rs50L,Low Income,2070,1793,53,33.83018868,Medium
46,46 - 55,M,$120K +,Rs1Cr +,High Income,11840,1560,49,31.83673469,Medium
47,46 - 55,M,$120K +,Rs1Cr +,High Income,3636,1564,59,26.50847458,Medium
54,46 - 55,M,$60K - $80K,Rs50L - Rs66L,Mid Income,11067,1843,38,48.5,Medium
53,46 - 55,M,$60K - $80K,Rs50L - Rs66L,Mid Income,11262,2165,61,35.49180328,High
56,55+,F,$40K - $60K,Rs33L - Rs50L,Low Income,5108,1631,41,39.7804878,Medium
56,55+,F,$40K - $60K,Rs33L - Rs50L,Low Income,2072,1265,32,39.53125,Medium
41,36 - 45,M,$80K - $120K,Rs66L - Rs1Cr,Mid Income,4119,1455,35,41.57142857,Medium
60,55+,F,$40K - $60K,Rs33L - Rs50L,Low Income,5903,1137,27,42.11111111,Low
40,36 - 45,M,$40K - $60K,Rs33L - Rs50L,Low Income,7860,1367,35,39.05714286,Medium
49,46 - 55,F,$40K - $60K,Rs33L - Rs50L,Low Income,5918,1292,26,49.69230769,Medium
46,46 - 55,M,$40K - $60K,Rs33L - Rs50L,Low Income,6741,1682,46,36.56521739,Medium
36,36 - 45,F,Less than $40K,<Rs33L,Low Income,3880,1598,39,40.97435897,Medium
57,55+,F,Less than $40K,<Rs33L,Low Income,2494,1555,39,39.87179487,Medium
38,36 - 45,M,$80K - $120K,Rs66L - Rs1Cr,Mid Income,22149,2409,36,66.91666667,High
50,46 - 55,M,$80K - $120K,Rs66L - Rs1Cr,Mid Income,34516,1770,65,27.23076923,Medium
62,55+,M,$60K - $80K,Rs50L - Rs66L,Mid Income,5450,1526,45,33.91111111,Medium
43,36 - 45,M,$40K - $60K,Rs33L - Rs50L,Low Income,1438.3,891,28,31.82142857,Low
44,36 - 45,F,Less than $40K,<Rs33L,Low Income,2003,1756,42,41.80952381,Medium
39,36 - 45,M,$40K - $60K,Rs33L - Rs50L,Low Income,7723,1241,22,56.40909091,Medium
38,36 - 45,M,$80K - $120K,Rs66L - Rs1Cr,Mid Income,18226,1681,43,39.09302326,Medium
44,36 - 45,F,Less than $40K,<Rs33L,Low Income,8128,1224,32,38.25,Medium
43,36 - 45,M,$80K - $120K,Rs66L - Rs1Cr,Mid Income,5851,1572,38,41.36842105,Medium
54,46 - 55,M,$80K - $120K,Rs66L - Rs1Cr,Mid Income,10260,1566,50,31.32,Medium
38,36 - 45,F,Unknown,Unknown,Unknown,26945,1579,40,39.475,Medium
55,46 - 55,M,$60K - $80K,Rs50L - Rs66L,Mid Income,2243,1334,31,43.03225806,Medium
42,36 - 45,M,$120K +,Rs1Cr +,High Income,34516,1230,34,36.17647059,Medium
56,55+,M,$60K - $80K,Rs50L - Rs66L,Mid Income,12248,767,25,30.68,Low
59,55+,F,Unknown,Unknown,Unknown,1438.3,724,16,45.25,Low
46,46 - 55,M,$80K - $120K,Rs66L - Rs1Cr,Mid Income,19843,1638,49,33.42857143,Medium
55,46 - 55,F,Less than $40K,<Rs33L,Low Income,2163,1349,47,28.70212766,Medium
52,46 - 55,M,$120K +,Rs1Cr +,High Income,33864,1751,48,36.47916667,Medium
39,36 - 45,F,Less than $40K,<Rs33L,Low Income,4531,1414,40,35.35,Medium
42,36 - 45,F,Less than $40K,<Rs33L,Low Income,2950,1260,32,39.375,Medium
43,36 - 45,F,Less than $40K,<Rs33L,Low Income,7706,965,27,35.74074074,Low
47,46 - 55,F,Unknown,Unknown,Unknown,25657,1121,25,44.84,Low
42,36 - 45,F,Unknown,Unknown,Unknown,17536,1411,28,50.39285714,Medium
39,36 - 45,M,$40K - $60K,Rs33L - Rs50L,Low Income,3770,1602,49,32.69387755,Medium
50,46 - 55,M,$60K - $80K,Rs50L - Rs66L,Mid Income,10344,1617,47,34.40425532,Medium
57,55+,M,$120K +,Rs1Cr +,High Income,26437,1244,36,34.55555556,Medium
41,36 - 45,M,Less than $40K,<Rs33L,Low Income,2450,1263,29,43.55172414,Medium
52,46 - 55,F,$40K - $60K,Rs33L - Rs50L,Low Income,3136,1036,25,41.44,Low
43,36 - 45,M,$60K - $80K,Rs50L - Rs66L,Mid Income,6976,1217,39,31.20512821,Medium
42,36 - 45,M,$80K - $120K,Rs66L - Rs1Cr,Mid Income,21134,1556,35,44.45714286,Medium
58,55+,F,$40K - $60K,Rs33L - Rs50L,Low Income,2019,2005,62,32.33870968,High
42,36 - 45,M,$80K - $120K,Rs66L - Rs1Cr,Mid Income,34516,1698,67,25.34328358,Medium
55,46 - 55,M,$80K - $120K,Rs66L - Rs1Cr,Mid Income,9959,2041,45,45.35555556,High
38,36 - 45,M,$80K - $120K,Rs66L - Rs1Cr,Mid Income,20241,1102,31,35.5483871,Low
40,36 - 45,F,Less than $40K,<Rs33L,Low Income,2421,1346,30,44.86666667,Medium
48,46 - 55,M,$80K - $120K,Rs66L - Rs1Cr,Mid Income,30948,1511,35,43.17142857,Medium
32,26 - 35,F,Less than $40K,<Rs33L,Low Income,2642,1761,42,41.92857143,Medium
33,26 - 35,F,Less than $40K,<Rs33L,Low Income,8070,2117,61,34.70491803,High
58,55+,M,$40K - $60K,Rs33L - Rs50L,Low Income,4085,596,15,39.73333333,Low
26,26 - 35,M,$40K - $60K,Rs33L - Rs50L,Low Income,2187,2560,46,55.65217391,High
46,46 - 55,M,$60K - $80K,Rs50L - Rs66L,Mid Income,34516,1409,39,36.12820513,Medium
39,36 - 45,F,Unknown,Unknown,Unknown,3358,1759,33,53.3030303,Medium
36,36 - 45,F,$40K - $60K,Rs33L - Rs50L,Low Income,1888,1886,66,28.57575758,Medium
43,36 - 45,M,$60K - $80K,Rs50L - Rs66L,Mid Income,14447,915,29,31.55172414,Low
45,36 - 45,M,$60K - $80K,Rs50L - Rs66L,Mid Income,32349,1343,41,32.75609756,Medium
51,46 - 55,F,Unknown,Unknown,Unknown,12605,1870,56,33.39285714,Medium
62,55+,F,$40K - $60K,Rs33L - Rs50L,Low Income,2964,1557,25,62.28,Medium
58,55+,M,$80K - $120K,Rs66L - Rs1Cr,Mid Income,3785,1824,49,37.2244898,Medium
42,36 - 45,M,$60K - $80K,Rs50L - Rs66L,Mid Income,2727,1294,26,49.76923077,Medium
49,46 - 55,M,$60K - $80K,Rs50L - Rs66L,Mid Income,3343,1545,31,49.83870968,Medium
53,46 - 55,F,Less than $40K,<Rs33L,Low Income,9786,820,25,32.8,Low
45,36 - 45,F,$40K - $60K,Rs33L - Rs50L,Low Income,6407,1675,47,35.63829787,Medium
29,26 - 35,M,$80K - $120K,Rs66L - Rs1Cr,Mid Income,4158,1678,37,45.35135135,Medium
60,55+,M,$120K +,Rs1Cr +,High Income,21697,2117,48,44.10416667,High
50,46 - 55,M,$80K - $120K,Rs66L - Rs1Cr,Mid Income,31383,1721,56,30.73214286,Medium
53,46 - 55,M,$120K +,Rs1Cr +,High Income,30883,1267,23,55.08695652,Medium
45,36 - 45,M,$80K - $120K,Rs66L - Rs1Cr,Mid Income,12918,1562,33,47.33333333,Medium
50,46 - 55,F,Less than $40K,<Rs33L,Low Income,8520,1193,35,34.08571429,Low
46,46 - 55,M,$80K - $120K,Rs66L - Rs1Cr,Mid Income,14310,1254,34,36.88235294,Medium
61,55+,M,Unknown,Unknown,Unknown,14434,1731,32,54.09375,Medium
46,46 - 55,M,$120K +,Rs1Cr +,High Income,7793,1099,39,28.17948718,Low
62,55+,F,Unknown,Unknown,Unknown,8990,747,19,39.31578947,Low
43,36 - 45,F,$40K - $60K,Rs33L - Rs50L,Low Income,4343,1352,35,38.62857143,Medium
54,46 - 55,M,$120K +,Rs1Cr +,High Income,2872,1770,47,37.65957447,Medium
50,46 - 55,M,$120K +,Rs1Cr +,High Income,9697,1812,50,36.24,Medium
35,26 - 35,M,$40K - $60K,Rs33L - Rs50L,Low Income,2967,1673,58,28.84482759,Medium
35,26 - 35,M,$40K - $60K,Rs33L - Rs50L,Low Income,2148,2167,65,33.33846154,High
36,36 - 45,F,Less than $40K,<Rs33L,Low Income,6116,2369,56,42.30357143,High
42,36 - 45,M,$80K - $120K,Rs66L - Rs1Cr,Mid Income,18085,1582,47,33.65957447,Medium
39,36 - 45,F,Less than $40K,<Rs33L,Low Income,2524,1800,33,54.54545455,Medium
50,46 - 55,M,$80K - $120K,Rs66L - Rs1Cr,Mid Income,33951,1567,44,35.61363636,Medium
43,36 - 45,M,$60K - $80K,Rs50L - Rs66L,Mid Income,3312,647,19,34.05263158,Low
39,36 - 45,F,$40K - $60K,Rs33L - Rs50L,Low Income,9956,1447,39,37.1025641,Medium
47,46 - 55,M,Less than $40K,<Rs33L,Low Income,3888,1145,37,30.94594595,Low
60,55+,M,$80K - $120K,Rs66L - Rs1Cr,Mid Income,30655,3280,78,42.05128205,High
30,26 - 35,M,Less than $40K,<Rs33L,Low Income,2997,1577,35,45.05714286,Medium
44,36 - 45,M,$60K - $80K,Rs50L - Rs66L,Mid Income,11042,1140,25,45.6,Low
52,46 - 55,M,$120K +,Rs1Cr +,High Income,3386,1736,40,43.4,Medium
45,36 - 45,F,Less than $40K,<Rs33L,Low Income,15987,1436,36,39.88888889,Medium
40,36 - 45,M,$120K +,Rs1Cr +,High Income,25188,1513,38,39.81578947,Medium
36,36 - 45,F,Less than $40K,<Rs33L,Low Income,2410,2505,69,36.30434783,High
65,55+,F,Unknown,Unknown,Unknown,4315,1723,51,33.78431373,Medium
35,26 - 35,F,Less than $40K,<Rs33L,Low Income,2592,1695,48,35.3125,Medium
54,46 - 55,F,$40K - $60K,Rs33L - Rs50L,Low Income,5476,1532,44,34.81818182,Medium
53,46 - 55,M,$80K - $120K,Rs66L - Rs1Cr,Mid Income,2464,2110,43,49.06976744,High
62,55+,F,Less than $40K,<Rs33L,Low Income,2378,1807,45,40.15555556,Medium
40,36 - 45,M,$120K +,Rs1Cr +,High Income,20056,1687,46,36.67391304,Medium
41,36 - 45,M,$60K - $80K,Rs50L - Rs66L,Mid Income,8013,1481,45,32.91111111,Medium
53,46 - 55,M,$120K +,Rs1Cr +,High Income,3386,1318,37,35.62162162,Medium
30,26 - 35,M,$60K - $80K,Rs50L - Rs66L,Mid Income,7906,1946,45,43.24444444,Medium
46,46 - 55,M,$60K - $80K,Rs50L - Rs66L,Mid Income,11501,1481,41,36.12195122,Medium
29,26 - 35,M,$40K - $60K,Rs33L - Rs50L,Low Income,13632,2168,42,51.61904762,High
37,36 - 45,F,Less than $40K,<Rs33L,Low Income,2229,1583,32,49.46875,Medium
51,46 - 55,F,Less than $40K,<Rs33L,Low Income,5158,1229,34,36.14705882,Medium
31,26 - 35,M,$40K - $60K,Rs33L - Rs50L,Low Income,2158,1718,42,40.9047619,Medium
45,36 - 45,M,$80K - $120K,Rs66L - Rs1Cr,Mid Income,23271,1402,34,41.23529412,Medium
57,55+,M,$80K - $120K,Rs66L - Rs1Cr,Mid Income,10244,1127,29,38.86206897,Low
43,36 - 45,M,$60K - $80K,Rs50L - Rs66L,Mid Income,2588,1053,31,33.96774194,Low
44,36 - 45,M,$40K - $60K,Rs33L - Rs50L,Low Income,10747,1340,25,53.6,Medium
53,46 - 55,M,$120K +,Rs1Cr +,High Income,7474,732,21,34.85714286,Low
32,26 - 35,F,Less than $40K,<Rs33L,Low Income,3555,2346,71,33.04225352,High
53,46 - 55,M,$80K - $120K,Rs66L - Rs1Cr,Mid Income,22140,1580,45,35.11111111,Medium
54,46 - 55,M,$80K - $120K,Rs66L - Rs1Cr,Mid Income,9457,1196,28,42.71428571,Low
42,36 - 45,M,Less than $40K,<Rs33L,Low Income,6218,2086,50,41.72,High
38,36 - 45,F,Less than $40K,<Rs33L,Low Income,2580,1665,57,29.21052632,Medium
44,36 - 45,M,$80K - $120K,Rs66L - Rs1Cr,Mid Income,1438.3,1495,39,38.33333333,Medium
54,46 - 55,M,$60K - $80K,Rs50L - Rs66L,Mid Income,6224,2187,58,37.70689655,High
37,36 - 45,F,$40K - $60K,Rs33L - Rs50L,Low Income,3093,1371,23,59.60869565,Medium
48,46 - 55,F,$40K - $60K,Rs33L - Rs50L,Low Income,4076,1235,37,33.37837838,Medium
55,46 - 55,F,Unknown,Unknown,Unknown,4861,1556,40,38.9,Medium
43,36 - 45,F,Unknown,Unknown,Unknown,9851,1212,24,50.5,Medium
37,36 - 45,M,$60K - $80K,Rs50L - Rs66L,Mid Income,7349,2701,60,45.01666667,High
34,26 - 35,M,$60K - $80K,Rs50L - Rs66L,Mid Income,2853,1750,47,37.23404255,Medium
46,46 - 55,F,Unknown,Unknown,Unknown,17023,1610,43,37.44186047,Medium
32,26 - 35,M,$40K - $60K,Rs33L - Rs50L,Low Income,10060,2184,63,34.66666667,High
53,46 - 55,M,$40K - $60K,Rs33L - Rs50L,Low Income,1595,1745,41,42.56097561,Medium
46,46 - 55,M,$80K - $120K,Rs66L - Rs1Cr,Mid Income,8475,1381,40,34.525,Medium
38,36 - 45,M,Less than $40K,<Rs33L,Low Income,5559,1793,37,48.45945946,Medium
31,26 - 35,F,Less than $40K,<Rs33L,Low Income,2917,1831,36,50.86111111,Medium
38,36 - 45,M,$60K - $80K,Rs50L - Rs66L,Mid Income,6692,1468,36,40.77777778,Medium
46,46 - 55,F,Less than $40K,<Rs33L,Low Income,8551,1097,32,34.28125,Low
47,46 - 55,M,$60K - $80K,Rs50L - Rs66L,Mid Income,10569,1682,44,38.22727273,Medium
47,46 - 55,F,Less than $40K,<Rs33L,Low Income,7051,1451,37,39.21621622,Medium
56,55+,M,$60K - $80K,Rs50L - Rs66L,Mid Income,10117,1509,44,34.29545455,Medium
47,46 - 55,M,$60K - $80K,Rs50L - Rs66L,Mid Income,8311,1895,57,33.24561404,Medium
47,46 - 55,M,$80K - $120K,Rs66L - Rs1Cr,Mid Income,26442,1403,40,35.075,Medium
64,55+,F,Less than $40K,<Rs33L,Low Income,4920,1420,31,45.80645161,Medium
37,36 - 45,F,Less than $40K,<Rs33L,Low Income,1438.3,1717,31,55.38709677,Medium
42,36 - 45,M,$60K - $80K,Rs50L - Rs66L,Mid Income,26750,1131,29,39,Low
41,36 - 45,M,$80K - $120K,Rs66L - Rs1Cr,Mid Income,34516,1005,22,45.68181818,Low
65,55+,F,Less than $40K,<Rs33L,Low Income,1438.3,948,24,39.5,Low
49,46 - 55,F,$40K - $60K,Rs33L - Rs50L,Low Income,1869,1549,34,45.55882353,Medium
54,46 - 55,M,$60K - $80K,Rs50L - Rs66L,Mid Income,14539,965,26,37.11538462,Low
46,46 - 55,M,$120K +,Rs1Cr +,High Income,26977,1958,41,47.75609756,Medium
50,46 - 55,M,$40K - $60K,Rs33L - Rs50L,Low Income,5426,1266,22,57.54545455,Medium
50,46 - 55,F,Less than $40K,<Rs33L,Low Income,7623,1367,29,47.13793103,Medium
48,46 - 55,F,Less than $40K,<Rs33L,Low Income,4844,1489,48,31.02083333,Medium
62,55+,F,Unknown,Unknown,Unknown,2683,1582,33,47.93939394,Medium
39,36 - 45,F,Less than $40K,<Rs33L,Low Income,3214,2516,42,59.9047619,High
46,46 - 55,M,$60K - $80K,Rs50L - Rs66L,Mid Income,5374,1557,49,31.7755102,Medium
41,36 - 45,M,$80K - $120K,Rs66L - Rs1Cr,Mid Income,8004,1084,32,33.875,Low
39,36 - 45,F,Unknown,Unknown,Unknown,1438.3,2583,47,54.95744681,High
46,46 - 55,M,$80K - $120K,Rs66L - Rs1Cr,Mid Income,2925,1371,30,45.7,Medium
39,36 - 45,F,Less than $40K,<Rs33L,Low Income,9235,1537,49,31.36734694,Medium
44,36 - 45,M,Less than $40K,<Rs33L,Low Income,8837,3753,60,62.55,High
57,55+,F,Less than $40K,<Rs33L,Low Income,8801,1104,31,35.61290323,Low
40,36 - 45,M,$40K - $60K,Rs33L - Rs50L,Low Income,3563,1482,42,35.28571429,Medium
65,55+,F,Unknown,Unknown,Unknown,8138,1299,29,44.79310345,Medium
26,26 - 35,F,$40K - $60K,Rs33L - Rs50L,Low Income,1438.3,2167,48,45.14583333,High
47,46 - 55,M,$60K - $80K,Rs50L - Rs66L,Mid Income,2458,1563,40,39.075,Medium
47,46 - 55,M,$60K - $80K,Rs50L - Rs66L,Mid Income,4592,1772,52,34.07692308,Medium
57,55+,F,$40K - $60K,Rs33L - Rs50L,Low Income,1438.3,1254,35,35.82857143,Medium
31,26 - 35,M,Less than $40K,<Rs33L,Low Income,1868,2229,35,63.68571429,High
54,46 - 55,M,$60K - $80K,Rs50L - Rs66L,Mid Income,5269,2195,63,34.84126984,High
43,36 - 45,F,Unknown,Unknown,Unknown,20156,1362,28,48.64285714,Medium
39,36 - 45,M,$60K - $80K,Rs50L - Rs66L,Mid Income,7410,2398,37,64.81081081,High
53,46 - 55,M,$120K +,Rs1Cr +,High Income,12163,2649,56,47.30357143,High
44,36 - 45,M,$60K - $80K,Rs50L - Rs66L,Mid Income,6224,1463,34,43.02941176,Medium
59,55+,M,Less than $40K,<Rs33L,Low Income,4250,1174,27,43.48148148,Low
53,46 - 55,F,Unknown,Unknown,Unknown,12059,1836,36,51,Medium
34,26 - 35,F,$40K - $60K,Rs33L - Rs50L,Low Income,2799,1817,39,46.58974359,Medium
47,46 - 55,M,$80K - $120K,Rs66L - Rs1Cr,Mid Income,18037,1387,36,38.52777778,Medium
54,46 - 55,M,$120K +,Rs1Cr +,High Income,5657,2028,55,36.87272727,High
42,36 - 45,F,Unknown,Unknown,Unknown,13770,1582,36,43.94444444,Medium
53,46 - 55,F,Less than $40K,<Rs33L,Low Income,4646,1774,37,47.94594595,Medium
50,46 - 55,M,$80K - $120K,Rs66L - Rs1Cr,Mid Income,2514,1636,36,45.44444444,Medium
56,55+,M,$80K - $120K,Rs66L - Rs1Cr,Mid Income,14501,1031,25,41.24,Low
43,36 - 45,M,$60K - $80K,Rs50L - Rs66L,Mid Income,8663,916,33,27.75757576,Low
44,36 - 45,F,Less than $40K,<Rs33L,Low Income,2333,1198,31,38.64516129,Low
34,26 - 35,F,$40K - $60K,Rs33L - Rs50L,Low Income,3038,2189,54,40.53703704,High
61,55+,M,$80K - $120K,Rs66L - Rs1Cr,Mid Income,8851,1257,36,34.91666667,Medium
54,46 - 55,F,Less than $40K,<Rs33L,Low Income,2945,1503,35,42.94285714,Medium
49,46 - 55,F,Unknown,Unknown,Unknown,5267,1353,24,56.375,Medium
56,55+,M,$60K - $80K,Rs50L - Rs66L,Mid Income,8512,811,27,30.03703704,Low
47,46 - 55,M,$60K - $80K,Rs50L - Rs66L,Mid Income,19063,1270,21,60.47619048,Medium
53,46 - 55,M,$80K - $120K,Rs66L - Rs1Cr,Mid Income,5376,1840,53,34.71698113,Medium
30,26 - 35,F,Unknown,Unknown,Unknown,7772,2585,75,34.46666667,High
39,36 - 45,F,$40K - $60K,Rs33L - Rs50L,Low Income,9173,1807,33,54.75757576,Medium
44,36 - 45,M,$80K - $120K,Rs66L - Rs1Cr,Mid Income,34516,1729,52,33.25,Medium
54,46 - 55,F,Unknown,Unknown,Unknown,11975,1211,35,34.6,Medium
46,46 - 55,M,$60K - $80K,Rs50L - Rs66L,Mid Income,15405,1763,44,40.06818182,Medium
43,36 - 45,M,$40K - $60K,Rs33L - Rs50L,Low Income,2615,1395,34,41.02941176,Medium
35,26 - 35,M,$80K - $120K,Rs66L - Rs1Cr,Mid Income,23991,1843,43,42.86046512,Medium
39,36 - 45,F,Less than $40K,<Rs33L,Low Income,1888,1517,33,45.96969697,Medium
61,55+,F,Less than $40K,<Rs33L,Low Income,3102,1977,50,39.54,Medium
40,36 - 45,F,Less than $40K,<Rs33L,Low Income,3170,2027,49,41.36734694,High
53,46 - 55,M,$120K +,Rs1Cr +,High Income,34516,1497,43,34.81395349,Medium
55,46 - 55,M,$120K +,Rs1Cr +,High Income,14938,1134,31,36.58064516,Low
41,36 - 45,M,$60K - $80K,Rs50L - Rs66L,Mid Income,17298,3663,65,56.35384615,High
35,26 - 35,M,Less than $40K,<Rs33L,Low Income,3131,1483,31,47.83870968,Medium
61,55+,M,$40K - $60K,Rs33L - Rs50L,Low Income,11915,1956,63,31.04761905,Medium
51,46 - 55,M,$120K +,Rs1Cr +,High Income,16868,940,25,37.6,Low
42,36 - 45,M,$40K - $60K,Rs33L - Rs50L,Low Income,3266,2183,56,38.98214286,High
46,46 - 55,M,$80K - $120K,Rs66L - Rs1Cr,Mid Income,2770,2920,74,39.45945946,High
46,46 - 55,F,Less than $40K,<Rs33L,Low Income,3556,1221,41,29.7804878,Medium
46,46 - 55,M,$40K - $60K,Rs33L - Rs50L,Low Income,9149,1790,60,29.83333333,Medium
26,26 - 35,M,Unknown,Unknown,Unknown,1438.3,2005,47,42.65957447,High
46,46 - 55,M,$60K - $80K,Rs50L - Rs66L,Mid Income,14701,3490,69,50.57971014,High
62,55+,M,$60K - $80K,Rs50L - Rs66L,Mid Income,14825,1904,49,38.85714286,Medium
55,46 - 55,M,$60K - $80K,Rs50L - Rs66L,Mid Income,10127,1647,53,31.0754717,Medium
55,46 - 55,M,$80K - $120K,Rs66L - Rs1Cr,Mid Income,2929,1903,39,48.79487179,Medium
32,26 - 35,M,$40K - $60K,Rs33L - Rs50L,Low Income,3735,1564,41,38.14634146,Medium
37,36 - 45,F,Less than $40K,<Rs33L,Low Income,2930,1686,34,49.58823529,Medium
33,26 - 35,F,Unknown,Unknown,Unknown,12716,2412,64,37.6875,High
42,36 - 45,M,$80K - $120K,Rs66L - Rs1Cr,Mid Income,22120,3981,65,61.24615385,High
33,26 - 35,M,$80K - $120K,Rs66L - Rs1Cr,Mid Income,1438.3,2730,48,56.875,High
60,55+,F,Unknown,Unknown,Unknown,4546,1361,34,40.02941176,Medium
65,55+,M,Less than $40K,<Rs33L,Low Income,1759,821,18,45.61111111,Low
57,55+,M,$80K - $120K,Rs66L - Rs1Cr,Mid Income,4829,938,21,44.66666667,Low
59,55+,F,Less than $40K,<Rs33L,Low Income,7692,1861,42,44.30952381,Medium
45,36 - 45,F,Less than $40K,<Rs33L,Low Income,2156,1345,28,48.03571429,Medium
62,55+,M,$60K - $80K,Rs50L - Rs66L,Mid Income,9521,2444,63,38.79365079,High
51,46 - 55,M,$120K +,Rs1Cr +,High Income,26714,1686,50,33.72,Medium
57,55+,M,$80K - $120K,Rs66L - Rs1Cr,Mid Income,2092,1468,30,48.93333333,Medium
38,36 - 45,F,Unknown,Unknown,Unknown,11594,2320,51,45.49019608,High
32,26 - 35,F,Less than $40K,<Rs33L,Low Income,2834,1598,39,40.97435897,Medium
43,36 - 45,F,Less than $40K,<Rs33L,Low Income,4724,1232,31,39.74193548,Medium
51,46 - 55,F,Less than $40K,<Rs33L,Low Income,3049,4027,76,52.98684211,High
50,46 - 55,M,$80K - $120K,Rs66L - Rs1Cr,Mid Income,20614,1922,48,40.04166667,Medium
64,55+,F,Unknown,Unknown,Unknown,3250,1355,36,37.63888889,Medium
53,46 - 55,F,Less than $40K,<Rs33L,Low Income,3128,2361,42,56.21428571,High
42,36 - 45,M,$60K - $80K,Rs50L - Rs66L,Mid Income,6414,708,14,50.57142857,Low
53,46 - 55,M,$80K - $120K,Rs66L - Rs1Cr,Mid Income,2506,1687,62,27.20967742,Medium
52,46 - 55,F,Unknown,Unknown,Unknown,7469,1212,33,36.72727273,Medium
60,55+,F,Less than $40K,<Rs33L,Low Income,3460,1752,34,51.52941176,Medium
30,26 - 35,M,$80K - $120K,Rs66L - Rs1Cr,Mid Income,9959,1560,39,40,Medium
43,36 - 45,F,Less than $40K,<Rs33L,Low Income,4175,1520,36,42.22222222,Medium
60,55+,M,$60K - $80K,Rs50L - Rs66L,Mid Income,10264,1685,45,37.44444444,Medium
46,46 - 55,M,$40K - $60K,Rs33L - Rs50L,Low Income,4129,1678,40,41.95,Medium
65,55+,F,$40K - $60K,Rs33L - Rs50L,Low Income,2658,1627,26,62.57692308,Medium
44,36 - 45,F,$40K - $60K,Rs33L - Rs50L,Low Income,4589,1637,61,26.83606557,Medium
56,55+,F,Less than $40K,<Rs33L,Low Income,2781,1707,42,40.64285714,Medium
45,36 - 45,F,Unknown,Unknown,Unknown,24880,1208,25,48.32,Medium
37,36 - 45,M,$40K - $60K,Rs33L - Rs50L,Low Income,8504,1881,51,36.88235294,Medium
48,46 - 55,M,$80K - $120K,Rs66L - Rs1Cr,Mid Income,8091,1360,28,48.57142857,Medium
37,36 - 45,F,$40K - $60K,Rs33L - Rs50L,Low Income,3417,1641,32,51.28125,Medium
39,36 - 45,M,$60K - $80K,Rs50L - Rs66L,Mid Income,9204,1820,58,31.37931034,Medium
41,36 - 45,M,$120K +,Rs1Cr +,High Income,14302,1505,35,43,Medium
55,46 - 55,F,Less than $40K,<Rs33L,Low Income,3187,1627,38,42.81578947,Medium
34,26 - 35,M,$80K - $120K,Rs66L - Rs1Cr,Mid Income,6313,1703,34,50.08823529,Medium
52,46 - 55,M,$80K - $120K,Rs66L - Rs1Cr,Mid Income,15904,1433,33,43.42424242,Medium
54,46 - 55,F,Less than $40K,<Rs33L,Low Income,11696,2445,60,40.75,High
40,36 - 45,M,$80K - $120K,Rs66L - Rs1Cr,Mid Income,20371,1665,45,37,Medium
52,46 - 55,M,$120K +,Rs1Cr +,High Income,34516,1489,38,39.18421053,Medium
45,36 - 45,M,$60K - $80K,Rs50L - Rs66L,Mid Income,7552,1393,32,43.53125,Medium
61,55+,M,$40K - $60K,Rs33L - Rs50L,Low Income,5561,1820,42,43.33333333,Medium
57,55+,F,Less than $40K,<Rs33L,Low Income,1441,2742,58,47.27586207,High
51,46 - 55,M,$120K +,Rs1Cr +,High Income,19715,1979,40,49.475,Medium
60,55+,M,Less than $40K,<Rs33L,Low Income,2486,1378,27,51.03703704,Medium
48,46 - 55,F,Less than $40K,<Rs33L,Low Income,4570,1520,34,44.70588235,Medium
34,26 - 35,M,$40K - $60K,Rs33L - Rs50L,Low Income,3870,1588,36,44.11111111,Medium
49,46 - 55,M,$60K - $80K,Rs50L - Rs66L,Mid Income,12938,1282,32,40.0625,Medium
53,46 - 55,M,$120K +,Rs1Cr +,High Income,21178,1872,59,31.72881356,Medium
34,26 - 35,M,$80K - $120K,Rs66L - Rs1Cr,Mid Income,12182,2295,63,36.42857143,High
54,46 - 55,M,$60K - $80K,Rs50L - Rs66L,Mid Income,3583,1065,28,38.03571429,Low
40,36 - 45,M,$120K +,Rs1Cr +,High Income,17018,1550,47,32.9787234,Medium
49,46 - 55,F,Unknown,Unknown,Unknown,16031,1527,57,26.78947368,Medium
41,36 - 45,F,Less than $40K,<Rs33L,Low Income,4203,1489,43,34.62790698,Medium
46,46 - 55,M,Less than $40K,<Rs33L,Low Income,4213,1264,30,42.13333333,Medium
46,46 - 55,M,$60K - $80K,Rs50L - Rs66L,Mid Income,21548,1582,38,41.63157895,Medium
30,26 - 35,M,$60K - $80K,Rs50L - Rs66L,Mid Income,18513,1567,33,47.48484848,Medium
59,55+,M,$40K - $60K,Rs33L - Rs50L,Low Income,2483,1704,35,48.68571429,Medium
50,46 - 55,M,$80K - $120K,Rs66L - Rs1Cr,Mid Income,3460,1546,35,44.17142857,Medium
49,46 - 55,M,$60K - $80K,Rs50L - Rs66L,Mid Income,6511,1478,38,38.89473684,Medium
45,36 - 45,M,$60K - $80K,Rs50L - Rs66L,Mid Income,1438.3,2132,31,68.77419355,High
53,46 - 55,F,Less than $40K,<Rs33L,Low Income,2615,1419,38,37.34210526,Medium
42,36 - 45,F,$40K - $60K,Rs33L - Rs50L,Low Income,2985,1065,27,39.44444444,Low
46,46 - 55,M,$40K - $60K,Rs33L - Rs50L,Low Income,18797,1364,40,34.1,Medium
33,26 - 35,M,$60K - $80K,Rs50L - Rs66L,Mid Income,2859,2247,36,62.41666667,High
46,46 - 55,F,Less than $40K,<Rs33L,Low Income,2888,1111,26,42.73076923,Low
61,55+,M,$60K - $80K,Rs50L - Rs66L,Mid Income,9172,1836,42,43.71428571,Medium
42,36 - 45,M,$40K - $60K,Rs33L - Rs50L,Low Income,14281,1164,35,33.25714286,Low
47,46 - 55,F,Less than $40K,<Rs33L,Low Income,7353,2005,54,37.12962963,High
47,46 - 55,F,Less than $40K,<Rs33L,Low Income,5145,1588,35,45.37142857,Medium
53,46 - 55,F,$40K - $60K,Rs33L - Rs50L,Low Income,4753,2242,49,45.75510204,High
46,46 - 55,F,Less than $40K,<Rs33L,Low Income,2171,1415,45,31.44444444,Medium
26,26 - 35,M,Less than $40K,<Rs33L,Low Income,4150,2483,74,33.55405405,High
45,36 - 45,M,$60K - $80K,Rs50L - Rs66L,Mid Income,9106,1239,33,37.54545455,Medium
36,36 - 45,M,$40K - $60K,Rs33L - Rs50L,Low Income,2686,2057,53,38.81132075,High
42,36 - 45,M,$60K - $80K,Rs50L - Rs66L,Mid Income,10239,1228,26,47.23076923,Medium
52,46 - 55,M,$80K - $120K,Rs66L - Rs1Cr,Mid Income,34516,1629,32,50.90625,Medium
37,36 - 45,M,$120K +,Rs1Cr +,High Income,15017,2076,58,35.79310345,High
53,46 - 55,M,$40K - $60K,Rs33L - Rs50L,Low Income,4426,1231,34,36.20588235,Medium
65,55+,F,$40K - $60K,Rs33L - Rs50L,Low Income,2155,1655,27,61.2962963,Medium
47,46 - 55,M,$80K - $120K,Rs66L - Rs1Cr,Mid Income,20620,1477,23,64.2173913,Medium
38,36 - 45,M,$60K - $80K,Rs50L - Rs66L,Mid Income,3238,1501,45,33.35555556,Medium
52,46 - 55,M,$60K - $80K,Rs50L - Rs66L,Mid Income,14316,1313,36,36.47222222,Medium
36,36 - 45,M,$80K - $120K,Rs66L - Rs1Cr,Mid Income,2607,2045,39,52.43589744,High
43,36 - 45,M,$60K - $80K,Rs50L - Rs66L,Mid Income,6231,1448,30,48.26666667,Medium
38,36 - 45,F,Less than $40K,<Rs33L,Low Income,3730,858,22,39,Low
65,55+,F,Less than $40K,<Rs33L,Low Income,3094,1591,37,43,Medium
51,46 - 55,F,Less than $40K,<Rs33L,Low Income,6630,842,24,35.08333333,Low
40,36 - 45,M,$80K - $120K,Rs66L - Rs1Cr,Mid Income,1925,781,28,27.89285714,Low
39,36 - 45,M,$80K - $120K,Rs66L - Rs1Cr,Mid Income,33406,1529,30,50.96666667,Medium
39,36 - 45,F,Unknown,Unknown,Unknown,2917,2422,46,52.65217391,High
60,55+,M,$60K - $80K,Rs50L - Rs66L,Mid Income,9452,1825,50,36.5,Medium
43,36 - 45,F,$40K - $60K,Rs33L - Rs50L,Low Income,2162,1555,29,53.62068966,Medium
31,26 - 35,M,Less than $40K,<Rs33L,Low Income,1438.3,2789,50,55.78,High
55,46 - 55,M,$120K +,Rs1Cr +,High Income,34516,1308,41,31.90243902,Medium
65,55+,F,Less than $40K,<Rs33L,Low Income,2888,2489,54,46.09259259,High
54,46 - 55,F,Less than $40K,<Rs33L,Low Income,3947,1110,21,52.85714286,Low
40,36 - 45,F,Unknown,Unknown,Unknown,15970,1260,32,39.375,Medium
38,36 - 45,F,Less than $40K,<Rs33L,Low Income,1830,1741,43,40.48837209,Medium
36,36 - 45,M,$60K - $80K,Rs50L - Rs66L,Mid Income,7712,1845,40,46.125,Medium
43,36 - 45,M,$60K - $80K,Rs50L - Rs66L,Mid Income,20811,1483,38,39.02631579,Medium
41,36 - 45,M,$120K +,Rs1Cr +,High Income,11789,1463,32,45.71875,Medium
50,46 - 55,M,$120K +,Rs1Cr +,High Income,3073,1734,35,49.54285714,Medium
48,46 - 55,M,$80K - $120K,Rs66L - Rs1Cr,Mid Income,34516,1733,54,32.09259259,Medium
39,36 - 45,M,$120K +,Rs1Cr +,High Income,34516,1689,42,40.21428571,Medium
55,46 - 55,F,$40K - $60K,Rs33L - Rs50L,Low Income,6725,1865,53,35.18867925,Medium
44,36 - 45,M,Less than $40K,<Rs33L,Low Income,2978,1413,46,30.7173913,Medium
42,36 - 45,M,$80K - $120K,Rs66L - Rs1Cr,Mid Income,34516,853,12,71.08333333,Low
54,46 - 55,M,$120K +,Rs1Cr +,High Income,34516,1999,54,37.01851852,Medium
57,55+,M,$120K +,Rs1Cr +,High Income,24545,1671,45,37.13333333,Medium
53,46 - 55,F,$40K - $60K,Rs33L - Rs50L,Low Income,1438.3,2118,64,33.09375,High
41,36 - 45,F,Less than $40K,<Rs33L,Low Income,2490,1391,45,30.91111111,Medium
39,36 - 45,M,$120K +,Rs1Cr +,High Income,10074,1729,52,33.25,Medium
45,36 - 45,M,$40K - $60K,Rs33L - Rs50L,Low Income,2259,1393,35,39.8,Medium
46,46 - 55,M,$80K - $120K,Rs66L - Rs1Cr,Mid Income,34516,1665,40,41.625,Medium
54,46 - 55,M,$80K - $120K,Rs66L - Rs1Cr,Mid Income,9519,2489,62,40.14516129,High
40,36 - 45,F,Unknown,Unknown,Unknown,3706,1688,38,44.42105263,Medium
48,46 - 55,M,$80K - $120K,Rs66L - Rs1Cr,Mid Income,4438,1725,60,28.75,Medium
56,55+,F,$40K - $60K,Rs33L - Rs50L,Low Income,1438.3,594,14,42.42857143,Low
33,26 - 35,F,$40K - $60K,Rs33L - Rs50L,Low Income,2372,1852,55,33.67272727,Medium
44,36 - 45,F,Less than $40K,<Rs33L,Low Income,4214,1389,34,40.85294118,Medium
62,55+,F,Less than $40K,<Rs33L,Low Income,1438.3,902,31,29.09677419,Low
33,26 - 35,F,Unknown,Unknown,Unknown,2613,1387,31,44.74193548,Medium
36,36 - 45,F,Less than $40K,<Rs33L,Low Income,4331,2053,33,62.21212121,High
46,46 - 55,M,$80K - $120K,Rs66L - Rs1Cr,Mid Income,3665,1881,55,34.2,Medium
61,55+,F,Less than $40K,<Rs33L,Low Income,1438.3,840,20,42,Low
41,36 - 45,F,Unknown,Unknown,Unknown,4411,803,15,53.53333333,Low
42,36 - 45,M,$40K - $60K,Rs33L - Rs50L,Low Income,15871,1562,43,36.3255814,Medium
35,26 - 35,M,$80K - $120K,Rs66L - Rs1Cr,Mid Income,12643,787,21,37.47619048,Low
65,55+,F,$40K - $60K,Rs33L - Rs50L,Low Income,6088,2098,52,40.34615385,High
36,36 - 45,M,$120K +,Rs1Cr +,High Income,13873,694,18,38.55555556,Low
42,36 - 45,F,Less than $40K,<Rs33L,Low Income,6158,3132,66,47.45454545,High
51,46 - 55,M,$80K - $120K,Rs66L - Rs1Cr,Mid Income,5638,2036,50,40.72,High
54,46 - 55,F,Less than $40K,<Rs33L,Low Income,2178,1724,47,36.68085106,Medium
40,36 - 45,F,$40K - $60K,Rs33L - Rs50L,Low Income,12588,1561,26,60.03846154,Medium
40,36 - 45,M,$80K - $120K,Rs66L - Rs1Cr,Mid Income,11942,1085,29,37.4137931,Low
57,55+,F,Less than $40K,<Rs33L,Low Income,3914,1964,54,36.37037037,Medium
57,55+,M,$80K - $120K,Rs66L - Rs1Cr,Mid Income,3038,1762,34,51.82352941,Medium
53,46 - 55,M,$40K - $60K,Rs33L - Rs50L,Low Income,5579,1514,47,32.21276596,Medium
40,36 - 45,M,$80K - $120K,Rs66L - Rs1Cr,Mid Income,18693,1516,44,34.45454545,Medium
28,26 - 35,M,Less than $40K,<Rs33L,Low Income,2943,2591,55,47.10909091,High
38,36 - 45,F,Less than $40K,<Rs33L,Low Income,2435,1847,39,47.35897436,Medium
37,36 - 45,F,Less than $40K,<Rs33L,Low Income,2077,1629,36,45.25,Medium
65,55+,F,Unknown,Unknown,Unknown,5756,2144,44,48.72727273,High
58,55+,F,Unknown,Unknown,Unknown,21065,1060,32,33.125,Low
41,36 - 45,M,$60K - $80K,Rs50L - Rs66L,Mid Income,9428,1457,43,33.88372093,Medium
54,46 - 55,M,$80K - $120K,Rs66L - Rs1Cr,Mid Income,6065,1114,27,41.25925926,Low
39,36 - 45,F,Unknown,Unknown,Unknown,5024,1925,40,48.125,Medium
26,26 - 35,M,Less than $40K,<Rs33L,Low Income,2174,2510,44,57.04545455,High
60,55+,M,$60K - $80K,Rs50L - Rs66L,Mid Income,3398,1169,31,37.70967742,Low
35,26 - 35,F,Unknown,Unknown,Unknown,4319,1852,47,39.40425532,Medium
46,46 - 55,M,$80K - $120K,Rs66L - Rs1Cr,Mid Income,3673,1257,34,36.97058824,Medium
47,46 - 55,M,$60K - $80K,Rs50L - Rs66L,Mid Income,1815,1931,67,28.82089552,Medium
53,46 - 55,F,Unknown,Unknown,Unknown,2495,1311,31,42.29032258,Medium
55,46 - 55,M,$80K - $120K,Rs66L - Rs1Cr,Mid Income,34516,1612,33,48.84848485,Medium
50,46 - 55,F,Less than $40K,<Rs33L,Low Income,3368,2022,59,34.27118644,High
38,36 - 45,F,$40K - $60K,Rs33L - Rs50L,Low Income,7225,738,16,46.125,Low
39,36 - 45,F,Less than $40K,<Rs33L,Low Income,5202,1558,48,32.45833333,Medium
39,36 - 45,F,Less than $40K,<Rs33L,Low Income,1923,1670,37,45.13513514,Medium
39,36 - 45,M,$60K - $80K,Rs50L - Rs66L,Mid Income,6929,1388,27,51.40740741,Medium
49,46 - 55,F,Less than $40K,<Rs33L,Low Income,4364,1392,38,36.63157895,Medium
45,36 - 45,F,Less than $40K,<Rs33L,Low Income,2400,1311,34,38.55882353,Medium
55,46 - 55,M,$80K - $120K,Rs66L - Rs1Cr,Mid Income,25878,1777,54,32.90740741,Medium
44,36 - 45,M,$120K +,Rs1Cr +,High Income,11876,1367,33,41.42424242,Medium
49,46 - 55,F,$40K - $60K,Rs33L - Rs50L,Low Income,4568,1431,27,53,Medium
41,36 - 45,M,$80K - $120K,Rs66L - Rs1Cr,Mid Income,4740,1406,23,61.13043478,Medium
49,46 - 55,F,$40K - $60K,Rs33L - Rs50L,Low Income,4949,3597,64,56.203125,High
45,36 - 45,F,Unknown,Unknown,Unknown,11189,2959,58,51.01724138,High
44,36 - 45,M,$120K +,Rs1Cr +,High Income,34516,1594,43,37.06976744,Medium
65,55+,M,Unknown,Unknown,Unknown,6099,1319,34,38.79411765,Medium
35,26 - 35,M,$80K - $120K,Rs66L - Rs1Cr,Mid Income,3575,861,15,57.4,Low
26,26 - 35,M,Unknown,Unknown,Unknown,3184,2253,59,38.18644068,High
38,36 - 45,M,$80K - $120K,Rs66L - Rs1Cr,Mid Income,13363,1815,33,55,Medium
65,55+,M,$40K - $60K,Rs33L - Rs50L,Low Income,2163,2229,57,39.10526316,High
58,55+,M,$120K +,Rs1Cr +,High Income,3452,1008,21,48,Low
47,46 - 55,F,$40K - $60K,Rs33L - Rs50L,Low Income,4466,1757,59,29.77966102,Medium
33,26 - 35,F,Less than $40K,<Rs33L,Low Income,3030,1805,44,41.02272727,Medium
54,46 - 55,F,$40K - $60K,Rs33L - Rs50L,Low Income,2112,1338,29,46.13793103,Medium
35,26 - 35,F,Less than $40K,<Rs33L,Low Income,7583,2229,53,42.05660377,High
47,46 - 55,M,$120K +,Rs1Cr +,High Income,11760,1498,49,30.57142857,Medium
35,26 - 35,M,$60K - $80K,Rs50L - Rs66L,Mid Income,2259,1790,31,57.74193548,Medium
48,46 - 55,M,$80K - $120K,Rs66L - Rs1Cr,Mid Income,19762,2793,67,41.68656716,High
36,36 - 45,M,$60K - $80K,Rs50L - Rs66L,Mid Income,2803,1968,64,30.75,Medium
44,36 - 45,M,$80K - $120K,Rs66L - Rs1Cr,Mid Income,25666,4088,84,48.66666667,High
44,36 - 45,F,Less than $40K,<Rs33L,Low Income,9297,1264,31,40.77419355,Medium
36,36 - 45,F,Less than $40K,<Rs33L,Low Income,2999,2017,40,50.425,High
64,55+,M,$40K - $60K,Rs33L - Rs50L,Low Income,4234,1439,42,34.26190476,Medium
34,26 - 35,F,Less than $40K,<Rs33L,Low Income,15987,2327,65,35.8,High
49,46 - 55,M,$80K - $120K,Rs66L - Rs1Cr,Mid Income,16435,1721,56,30.73214286,Medium
37,36 - 45,M,$60K - $80K,Rs50L - Rs66L,Mid Income,5335,1888,43,43.90697674,Medium
65,55+,M,$40K - $60K,Rs33L - Rs50L,Low Income,3506,1953,61,32.01639344,Medium
53,46 - 55,M,$80K - $120K,Rs66L - Rs1Cr,Mid Income,3610,1652,40,41.3,Medium
32,26 - 35,M,$40K - $60K,Rs33L - Rs50L,Low Income,3172,1939,36,53.86111111,Medium
44,36 - 45,M,$80K - $120K,Rs66L - Rs1Cr,Mid Income,8206,1715,43,39.88372093,Medium
65,55+,M,Less than $40K,<Rs33L,Low Income,2416,2372,53,44.75471698,High
60,55+,M,$40K - $60K,Rs33L - Rs50L,Low Income,2458,1238,30,41.26666667,Medium
27,26 - 35,F,Less than $40K,<Rs33L,Low Income,1677,2389,43,55.55813953,High
52,46 - 55,M,$60K - $80K,Rs50L - Rs66L,Mid Income,11819,2431,46,52.84782609,High
42,36 - 45,M,$80K - $120K,Rs66L - Rs1Cr,Mid Income,34516,1534,30,51.13333333,Medium
29,26 - 35,M,$40K - $60K,Rs33L - Rs50L,Low Income,1459,2229,52,42.86538462,High
29,26 - 35,M,$40K - $60K,Rs33L - Rs50L,Low Income,1458,2449,56,43.73214286,High
38,36 - 45,M,$40K - $60K,Rs33L - Rs50L,Low Income,1438.3,1999,39,51.25641026,Medium
36,36 - 45,M,$40K - $60K,Rs33L - Rs50L,Low Income,7758,569,23,24.73913043,Low
40,36 - 45,F,Less than $40K,<Rs33L,Low Income,10836,1293,31,41.70967742,Medium
47,46 - 55,M,$60K - $80K,Rs50L - Rs66L,Mid Income,5062,1314,40,32.85,Medium
36,36 - 45,F,Unknown,Unknown,Unknown,3399,1571,34,46.20588235,Medium
26,26 - 35,M,$40K - $60K,Rs33L - Rs50L,Low Income,2212,2520,51,49.41176471,High
43,36 - 45,F,$40K - $60K,Rs33L - Rs50L,Low Income,3186,1531,37,41.37837838,Medium
52,46 - 55,F,Less than $40K,<Rs33L,Low Income,5927,1558,46,33.86956522,Medium
49,46 - 55,M,$60K - $80K,Rs50L - Rs66L,Mid Income,5176,1902,56,33.96428571,Medium
50,46 - 55,M,$80K - $120K,Rs66L - Rs1Cr,Mid Income,3126,1388,41,33.85365854,Medium
34,26 - 35,M,$80K - $120K,Rs66L - Rs1Cr,Mid Income,4670,2256,56,40.28571429,High
53,46 - 55,F,Unknown,Unknown,Unknown,2162,1736,42,41.33333333,Medium
49,46 - 55,M,$80K - $120K,Rs66L - Rs1Cr,Mid Income,10155,1685,49,34.3877551,Medium
53,46 - 55,M,$80K - $120K,Rs66L - Rs1Cr,Mid Income,15242,1876,57,32.9122807,Medium
48,46 - 55,M,$120K +,Rs1Cr +,High Income,34516,1699,48,35.39583333,Medium
32,26 - 35,F,Less than $40K,<Rs33L,Low Income,1438.3,2580,67,38.50746269,High
38,36 - 45,M,$80K - $120K,Rs66L - Rs1Cr,Mid Income,34516,1445,45,32.11111111,Medium
43,36 - 45,M,$80K - $120K,Rs66L - Rs1Cr,Mid Income,16043,1394,28,49.78571429,Medium
51,46 - 55,F,Less than $40K,<Rs33L,Low Income,3181,818,16,51.125,Low
58,55+,M,$120K +,Rs1Cr +,High Income,27088,1135,24,47.29166667,Low
59,55+,F,Less than $40K,<Rs33L,Low Income,5688,1824,53,34.41509434,Medium
51,46 - 55,M,$60K - $80K,Rs50L - Rs66L,Mid Income,10462,1267,31,40.87096774,Medium
62,55+,F,$40K - $60K,Rs33L - Rs50L,Low Income,5249,1315,31,42.41935484,Medium
38,36 - 45,M,Less than $40K,<Rs33L,Low Income,5155,1555,37,42.02702703,Medium
33,26 - 35,M,$120K +,Rs1Cr +,High Income,10705,2434,58,41.96551724,High
54,46 - 55,M,$80K - $120K,Rs66L - Rs1Cr,Mid Income,16494,1302,36,36.16666667,Medium
37,36 - 45,F,$40K - $60K,Rs33L - Rs50L,Low Income,6469,1717,50,34.34,Medium
30,26 - 35,M,$60K - $80K,Rs50L - Rs66L,Mid Income,5146,1509,45,33.53333333,Medium
61,55+,M,$80K - $120K,Rs66L - Rs1Cr,Mid Income,2800,1433,40,35.825,Medium
49,46 - 55,M,$60K - $80K,Rs50L - Rs66L,Mid Income,5159,1826,37,49.35135135,Medium
56,55+,M,$60K - $80K,Rs50L - Rs66L,Mid Income,5248,2305,45,51.22222222,High
51,46 - 55,F,Less than $40K,<Rs33L,Low Income,5881,1931,56,34.48214286,Medium
44,36 - 45,F,Less than $40K,<Rs33L,Low Income,1467,1731,54,32.05555556,Medium
64,55+,F,$40K - $60K,Rs33L - Rs50L,Low Income,4999,1601,48,33.35416667,Medium
46,46 - 55,F,Unknown,Unknown,Unknown,4668,1612,47,34.29787234,Medium
39,36 - 45,F,Less than $40K,<Rs33L,Low Income,1438.3,1338,28,47.78571429,Medium
38,36 - 45,F,Less than $40K,<Rs33L,Low Income,8638,1295,29,44.65517241,Medium
53,46 - 55,M,$120K +,Rs1Cr +,High Income,9343,1385,31,44.67741935,Medium
35,26 - 35,M,$40K - $60K,Rs33L - Rs50L,Low Income,2256,1749,33,53,Medium
26,26 - 35,M,$60K - $80K,Rs50L - Rs66L,Mid Income,8267,1917,37,51.81081081,Medium
32,26 - 35,M,$40K - $60K,Rs33L - Rs50L,Low Income,2235,2905,56,51.875,High
36,36 - 45,M,$40K - $60K,Rs33L - Rs50L,Low Income,3735,1672,48,34.83333333,Medium
48,46 - 55,M,$80K - $120K,Rs66L - Rs1Cr,Mid Income,2111,773,17,45.47058824,Low
55,46 - 55,M,$80K - $120K,Rs66L - Rs1Cr,Mid Income,10604,1578,30,52.6,Medium
52,46 - 55,M,$80K - $120K,Rs66L - Rs1Cr,Mid Income,21782,1537,35,43.91428571,Medium
52,46 - 55,F,Less than $40K,<Rs33L,Low Income,2133,1426,37,38.54054054,Medium
58,55+,F,$40K - $60K,Rs33L - Rs50L,Low Income,16677,1410,37,38.10810811,Medium
38,36 - 45,F,Less than $40K,<Rs33L,Low Income,2717,2064,33,62.54545455,High
60,55+,M,Less than $40K,<Rs33L,Low Income,3980,4449,82,54.25609756,High
55,46 - 55,M,$60K - $80K,Rs50L - Rs66L,Mid Income,8411,990,22,45,Low
43,36 - 45,F,Less than $40K,<Rs33L,Low Income,2227,1972,41,48.09756098,Medium
35,26 - 35,M,$80K - $120K,Rs66L - Rs1Cr,Mid Income,34516,2227,61,36.50819672,High
38,36 - 45,F,Less than $40K,<Rs33L,Low Income,1860,1731,29,59.68965517,Medium
48,46 - 55,M,$60K - $80K,Rs50L - Rs66L,Mid Income,2829,1561,41,38.07317073,Medium
38,36 - 45,F,Less than $40K,<Rs33L,Low Income,3764,1572,57,27.57894737,Medium
43,36 - 45,M,$40K - $60K,Rs33L - Rs50L,Low Income,4559,1652,37,44.64864865,Medium
36,36 - 45,F,Less than $40K,<Rs33L,Low Income,4701,1679,32,52.46875,Medium
34,26 - 35,M,$80K - $120K,Rs66L - Rs1Cr,Mid Income,1631,2962,57,51.96491228,High
39,36 - 45,F,Unknown,Unknown,Unknown,8096,1794,41,43.75609756,Medium
43,36 - 45,F,Less than $40K,<Rs33L,Low Income,2304,1273,36,35.36111111,Medium
48,46 - 55,F,$40K - $60K,Rs33L - Rs50L,Low Income,5210,1309,45,29.08888889,Medium
44,36 - 45,M,$40K - $60K,Rs33L - Rs50L,Low Income,5452,1347,30,44.9,Medium
38,36 - 45,M,$60K - $80K,Rs50L - Rs66L,Mid Income,7475,1592,30,53.06666667,Medium
62,55+,M,$40K - $60K,Rs33L - Rs50L,Low Income,2359,2021,50,40.42,High
30,26 - 35,M,$80K - $120K,Rs66L - Rs1Cr,Mid Income,4237,2465,88,28.01136364,High
39,36 - 45,M,$80K - $120K,Rs66L - Rs1Cr,Mid Income,18582,1836,46,39.91304348,Medium
53,46 - 55,F,Less than $40K,<Rs33L,Low Income,7202,1397,33,42.33333333,Medium
64,55+,F,$40K - $60K,Rs33L - Rs50L,Low Income,1438.3,1417,35,40.48571429,Medium
51,46 - 55,F,Unknown,Unknown,Unknown,11221,1564,45,34.75555556,Medium
32,26 - 35,M,Unknown,Unknown,Unknown,18889,2979,55,54.16363636,High
52,46 - 55,M,$80K - $120K,Rs66L - Rs1Cr,Mid Income,2066,1578,41,38.48780488,Medium
43,36 - 45,M,$80K - $120K,Rs66L - Rs1Cr,Mid Income,34516,3015,65,46.38461538,High
40,36 - 45,M,$60K - $80K,Rs50L - Rs66L,Mid Income,2742,1539,38,40.5,Medium
54,46 - 55,M,$60K - $80K,Rs50L - Rs66L,Mid Income,20050,1306,26,50.23076923,Medium
34,26 - 35,F,Less than $40K,<Rs33L,Low Income,3046,2330,69,33.76811594,High
33,26 - 35,F,Less than $40K,<Rs33L,Low Income,6193,2456,69,35.5942029,High
36,36 - 45,M,$80K - $120K,Rs66L - Rs1Cr,Mid Income,5634,2366,49,48.28571429,High
65,55+,M,Less than $40K,<Rs33L,Low Income,4507,1793,38,47.18421053,Medium
43,36 - 45,M,$40K - $60K,Rs33L - Rs50L,Low Income,3040,1598,31,51.5483871,Medium
53,46 - 55,M,$120K +,Rs1Cr +,High Income,21006,1856,57,32.56140351,Medium
48,46 - 55,F,Less than $40K,<Rs33L,Low Income,7326,1852,62,29.87096774,Medium
39,36 - 45,F,Less than $40K,<Rs33L,Low Income,3651,862,19,45.36842105,Low
57,55+,F,Less than $40K,<Rs33L,Low Income,3416,1536,42,36.57142857,Medium
51,46 - 55,F,Unknown,Unknown,Unknown,3664,1168,31,37.67741935,Low
48,46 - 55,M,$60K - $80K,Rs50L - Rs66L,Mid Income,6085,3154,59,53.45762712,High
51,46 - 55,M,$60K - $80K,Rs50L - Rs66L,Mid Income,22332,1318,28,47.07142857,Medium
26,26 - 35,F,Less than $40K,<Rs33L,Low Income,2063,2602,42,61.95238095,High
38,36 - 45,F,Less than $40K,<Rs33L,Low Income,4429,1970,40,49.25,Medium
35,26 - 35,M,$60K - $80K,Rs50L - Rs66L,Mid Income,3991,1661,35,47.45714286,Medium
46,46 - 55,F,Less than $40K,<Rs33L,Low Income,2201,3165,65,48.69230769,High
48,46 - 55,M,$80K - $120K,Rs66L - Rs1Cr,Mid Income,2852,1382,40,34.55,Medium
49,46 - 55,F,Less than $40K,<Rs33L,Low Income,9723,1258,24,52.41666667,Medium
35,26 - 35,M,$40K - $60K,Rs33L - Rs50L,Low Income,5325,1814,43,42.18604651,Medium
65,55+,F,$40K - $60K,Rs33L - Rs50L,Low Income,7427,1596,42,38,Medium
53,46 - 55,M,$60K - $80K,Rs50L - Rs66L,Mid Income,5619,1816,30,60.53333333,Medium
54,46 - 55,F,Less than $40K,<Rs33L,Low Income,5413,1164,43,27.06976744,Low
64,55+,F,Unknown,Unknown,Unknown,7646,1667,47,35.46808511,Medium
39,36 - 45,F,Unknown,Unknown,Unknown,2420,1362,24,56.75,Medium
50,46 - 55,M,$80K - $120K,Rs66L - Rs1Cr,Mid Income,4252,1598,45,35.51111111,Medium
54,46 - 55,F,Less than $40K,<Rs33L,Low Income,2031,1943,47,41.34042553,Medium
38,36 - 45,F,Unknown,Unknown,Unknown,6861,2228,39,57.12820513,High
39,36 - 45,M,$80K - $120K,Rs66L - Rs1Cr,Mid Income,3327,1665,36,46.25,Medium
53,46 - 55,M,$40K - $60K,Rs33L - Rs50L,Low Income,2885,1170,23,50.86956522,Low
53,46 - 55,M,$120K +,Rs1Cr +,High Income,7272,2333,56,41.66071429,High
32,26 - 35,M,$80K - $120K,Rs66L - Rs1Cr,Mid Income,34516,2305,60,38.41666667,High
57,55+,F,Less than $40K,<Rs33L,Low Income,2515,2231,58,38.46551724,High
65,55+,F,Less than $40K,<Rs33L,Low Income,2798,1543,35,44.08571429,Medium
57,55+,M,$80K - $120K,Rs66L - Rs1Cr,Mid Income,34516,1233,26,47.42307692,Medium
65,55+,F,Less than $40K,<Rs33L,Low Income,1438.3,2283,55,41.50909091,High
65,55+,M,Less than $40K,<Rs33L,Low Income,12609,2121,49,43.28571429,High
55,46 - 55,M,$80K - $120K,Rs66L - Rs1Cr,Mid Income,19159,1813,52,34.86538462,Medium
54,46 - 55,M,$80K - $120K,Rs66L - Rs1Cr,Mid Income,9642,1401,35,40.02857143,Medium
44,36 - 45,M,$120K +,Rs1Cr +,High Income,8396,1475,35,42.14285714,Medium
58,55+,M,$80K - $120K,Rs66L - Rs1Cr,Mid Income,6978,1362,26,52.38461538,Medium
53,46 - 55,F,$40K - $60K,Rs33L - Rs50L,Low Income,2459,2309,62,37.24193548,High
33,26 - 35,F,Less than $40K,<Rs33L,Low Income,12956,2492,56,44.5,High
47,46 - 55,F,Less than $40K,<Rs33L,Low Income,7128,1468,44,33.36363636,Medium
51,46 - 55,M,$80K - $120K,Rs66L - Rs1Cr,Mid Income,18749,1381,33,41.84848485,Medium
38,36 - 45,F,Less than $40K,<Rs33L,Low Income,2193,1799,47,38.27659574,Medium
57,55+,M,$80K - $120K,Rs66L - Rs1Cr,Mid Income,4522,1806,38,47.52631579,Medium
36,36 - 45,M,$40K - $60K,Rs33L - Rs50L,Low Income,2157,1663,33,50.39393939,Medium
35,26 - 35,M,$80K - $120K,Rs66L - Rs1Cr,Mid Income,11927,1986,36,55.16666667,Medium
55,46 - 55,F,Unknown,Unknown,Unknown,11341,1731,46,37.63043478,Medium
57,55+,F,Unknown,Unknown,Unknown,7345,1390,30,46.33333333,Medium
56,55+,M,$60K - $80K,Rs50L - Rs66L,Mid Income,6036,1741,45,38.68888889,Medium
38,36 - 45,F,Less than $40K,<Rs33L,Low Income,2096,1559,49,31.81632653,Medium
54,46 - 55,F,Less than $40K,<Rs33L,Low Income,1906,1343,37,36.2972973,Medium
48,46 - 55,M,$80K - $120K,Rs66L - Rs1Cr,Mid Income,5039,1390,23,60.43478261,Medium
53,46 - 55,M,$80K - $120K,Rs66L - Rs1Cr,Mid Income,6214,938,35,26.8,Low
30,26 - 35,F,Less than $40K,<Rs33L,Low Income,1512,2558,44,58.13636364,High
47,46 - 55,M,$80K - $120K,Rs66L - Rs1Cr,Mid Income,34516,3018,60,50.3,High
60,55+,F,Less than $40K,<Rs33L,Low Income,3346,1276,21,60.76190476,Medium
54,46 - 55,M,$120K +,Rs1Cr +,High Income,34516,2115,24,88.125,High
37,36 - 45,F,Less than $40K,<Rs33L,Low Income,6660,2660,51,52.15686275,High
32,26 - 35,F,Less than $40K,<Rs33L,Low Income,2234,2115,59,35.84745763,High
44,36 - 45,F,Less than $40K,<Rs33L,Low Income,9671,2955,66,44.77272727,High
53,46 - 55,F,$40K - $60K,Rs33L - Rs50L,Low Income,6605,2017,47,42.91489362,High
43,36 - 45,M,$80K - $120K,Rs66L - Rs1Cr,Mid Income,3083,1448,30,48.26666667,Medium
49,46 - 55,F,Less than $40K,<Rs33L,Low Income,5456,1096,27,40.59259259,Low
38,36 - 45,F,Unknown,Unknown,Unknown,4394,1538,43,35.76744186,Medium
56,55+,F,$40K - $60K,Rs33L - Rs50L,Low Income,4088,2250,39,57.69230769,High
26,26 - 35,F,$40K - $60K,Rs33L - Rs50L,Low Income,3930,2067,42,49.21428571,High
58,55+,M,$60K - $80K,Rs50L - Rs66L,Mid Income,4188,1276,25,51.04,Medium
33,26 - 35,M,$60K - $80K,Rs50L - Rs66L,Mid Income,3637,2161,56,38.58928571,High
35,26 - 35,M,$80K - $120K,Rs66L - Rs1Cr,Mid Income,11521,2260,68,33.23529412,High
37,36 - 45,M,$60K - $80K,Rs50L - Rs66L,Mid Income,2253,1641,45,36.46666667,Medium
27,26 - 35,F,Unknown,Unknown,Unknown,2339,2294,45,50.97777778,High
43,36 - 45,M,$80K - $120K,Rs66L - Rs1Cr,Mid Income,30503,1860,47,39.57446809,Medium
49,46 - 55,M,$60K - $80K,Rs50L - Rs66L,Mid Income,4596,2872,62,46.32258065,High
49,46 - 55,M,$80K - $120K,Rs66L - Rs1Cr,Mid Income,5701,961,32,30.03125,Low
39,36 - 45,F,Less than $40K,<Rs33L,Low Income,3221,1765,40,44.125,Medium
41,36 - 45,F,Less than $40K,<Rs33L,Low Income,3022,1184,21,56.38095238,Low
32,26 - 35,F,Less than $40K,<Rs33L,Low Income,2699,2141,56,38.23214286,High
58,55+,F,Less than $40K,<Rs33L,Low Income,2210,1287,37,34.78378378,Medium
56,55+,M,$60K - $80K,Rs50L - Rs66L,Mid Income,1438.3,1446,38,38.05263158,Medium
37,36 - 45,M,Less than $40K,<Rs33L,Low Income,2041,1555,45,34.55555556,Medium
39,36 - 45,M,$120K +,Rs1Cr +,High Income,3250,2006,58,34.5862069,High
26,26 - 35,F,$40K - $60K,Rs33L - Rs50L,Low Income,1643,2152,50,43.04,High
31,26 - 35,F,Unknown,Unknown,Unknown,34516,2183,60,36.38333333,High
46,46 - 55,F,Unknown,Unknown,Unknown,29543,1015,27,37.59259259,Low
36,36 - 45,M,$120K +,Rs1Cr +,High Income,3158,2973,63,47.19047619,High
39,36 - 45,M,$80K - $120K,Rs66L - Rs1Cr,Mid Income,2899,1687,35,48.2,Medium
53,46 - 55,F,Less than $40K,<Rs33L,Low Income,2972,2552,62,41.16129032,High
38,36 - 45,F,Less than $40K,<Rs33L,Low Income,5645,1527,32,47.71875,Medium
37,36 - 45,M,Less than $40K,<Rs33L,Low Income,2463,2171,58,37.43103448,High
47,46 - 55,F,Less than $40K,<Rs33L,Low Income,1438.3,1501,40,37.525,Medium
56,55+,M,$80K - $120K,Rs66L - Rs1Cr,Mid Income,34516,2395,50,47.9,High
55,46 - 55,F,Less than $40K,<Rs33L,Low Income,2897,1337,25,53.48,Medium
31,26 - 35,F,Less than $40K,<Rs33L,Low Income,5391,1971,56,35.19642857,Medium
62,55+,F,Unknown,Unknown,Unknown,2870,3946,74,53.32432432,High
34,26 - 35,M,$120K +,Rs1Cr +,High Income,23959,1870,45,41.55555556,Medium
33,26 - 35,M,$60K - $80K,Rs50L - Rs66L,Mid Income,14918,2171,35,62.02857143,High
38,36 - 45,F,Less than $40K,<Rs33L,Low Income,3590,1472,37,39.78378378,Medium
65,55+,M,$40K - $60K,Rs33L - Rs50L,Low Income,2297,1941,51,38.05882353,Medium
57,55+,M,$80K - $120K,Rs66L - Rs1Cr,Mid Income,25058,2053,55,37.32727273,High
58,55+,F,Less than $40K,<Rs33L,Low Income,7418,911,26,35.03846154,Low
60,55+,M,$40K - $60K,Rs33L - Rs50L,Low Income,3012,1315,23,57.17391304,Medium
39,36 - 45,M,$40K - $60K,Rs33L - Rs50L,Low Income,4562,1896,50,37.92,Medium
39,36 - 45,F,Unknown,Unknown,Unknown,10723,2938,63,46.63492063,High
39,36 - 45,F,Less than $40K,<Rs33L,Low Income,1578,2017,43,46.90697674,High
60,55+,M,Less than $40K,<Rs33L,Low Income,2094,1969,41,48.02439024,Medium
37,36 - 45,F,Less than $40K,<Rs33L,Low Income,4138,2420,50,48.4,High
41,36 - 45,F,Unknown,Unknown,Unknown,5417,1768,56,31.57142857,Medium
56,55+,M,$120K +,Rs1Cr +,High Income,34516,1378,30,45.93333333,Medium
60,55+,M,$60K - $80K,Rs50L - Rs66L,Mid Income,9592,1821,55,33.10909091,Medium
56,55+,F,Less than $40K,<Rs33L,Low Income,8881,2027,49,41.36734694,High
62,55+,M,$40K - $60K,Rs33L - Rs50L,Low Income,1438.3,1843,49,37.6122449,Medium
41,36 - 45,F,Less than $40K,<Rs33L,Low Income,3893,1536,39,39.38461538,Medium
44,36 - 45,F,Less than $40K,<Rs33L,Low Income,3242,1424,37,38.48648649,Medium
59,55+,M,$40K - $60K,Rs33L - Rs50L,Low Income,6035,1551,32,48.46875,Medium
55,46 - 55,F,Unknown,Unknown,Unknown,17642,2148,54,39.77777778,High
26,26 - 35,M,$60K - $80K,Rs50L - Rs66L,Mid Income,4327,2344,48,48.83333333,High
40,36 - 45,M,$80K - $120K,Rs66L - Rs1Cr,Mid Income,34516,1028,26,39.53846154,Low
44,36 - 45,F,Less than $40K,<Rs33L,Low Income,4852,1775,55,32.27272727,Medium
37,36 - 45,M,Unknown,Unknown,Unknown,7147,2539,50,50.78,High
37,36 - 45,M,$60K - $80K,Rs50L - Rs66L,Mid Income,10320,1754,45,38.97777778,Medium
65,55+,F,Less than $40K,<Rs33L,Low Income,3297,1894,56,33.82142857,Medium
46,46 - 55,M,$60K - $80K,Rs50L - Rs66L,Mid Income,9981,1456,30,48.53333333,Medium
53,46 - 55,M,$120K +,Rs1Cr +,High Income,3329,1978,33,59.93939394,Medium
56,55+,F,Less than $40K,<Rs33L,Low Income,5991,1867,53,35.22641509,Medium
48,46 - 55,M,$40K - $60K,Rs33L - Rs50L,Low Income,3235,1637,43,38.06976744,Medium
34,26 - 35,M,$120K +,Rs1Cr +,High Income,6259,1836,50,36.72,Medium
65,55+,M,Less than $40K,<Rs33L,Low Income,2541,1416,27,52.44444444,Medium
55,46 - 55,M,$80K - $120K,Rs66L - Rs1Cr,Mid Income,21351,1887,32,58.96875,Medium
32,26 - 35,M,$40K - $60K,Rs33L - Rs50L,Low Income,8998,1931,48,40.22916667,Medium
58,55+,F,Unknown,Unknown,Unknown,10247,1754,44,39.86363636,Medium
54,46 - 55,M,$120K +,Rs1Cr +,High Income,20311,1266,34,37.23529412,Medium
52,46 - 55,M,$60K - $80K,Rs50L - Rs66L,Mid Income,33182,1630,43,37.90697674,Medium
36,36 - 45,M,$60K - $80K,Rs50L - Rs66L,Mid Income,1686,1758,42,41.85714286,Medium
56,55+,M,$60K - $80K,Rs50L - Rs66L,Mid Income,4742,870,24,36.25,Low
33,26 - 35,M,$60K - $80K,Rs50L - Rs66L,Mid Income,1726,1712,48,35.66666667,Medium
61,55+,M,$80K - $120K,Rs66L - Rs1Cr,Mid Income,8420,1114,34,32.76470588,Low
61,55+,M,$60K - $80K,Rs50L - Rs66L,Mid Income,3352,1952,50,39.04,Medium
43,36 - 45,M,$40K - $60K,Rs33L - Rs50L,Low Income,6648,2089,60,34.81666667,High
48,46 - 55,F,Less than $40K,<Rs33L,Low Income,2335,1362,33,41.27272727,Medium
36,36 - 45,M,$60K - $80K,Rs50L - Rs66L,Mid Income,12397,1888,42,44.95238095,Medium
34,26 - 35,M,$40K - $60K,Rs33L - Rs50L,Low Income,1438.3,2243,43,52.1627907,High
53,46 - 55,F,Less than $40K,<Rs33L,Low Income,2240,3795,70,54.21428571,High
43,36 - 45,F,$40K - $60K,Rs33L - Rs50L,Low Income,5330,1441,43,33.51162791,Medium
61,55+,F,Less than $40K,<Rs33L,Low Income,1795,1834,59,31.08474576,Medium
55,46 - 55,M,$80K - $120K,Rs66L - Rs1Cr,Mid Income,5741,2170,51,42.54901961,High
51,46 - 55,F,Unknown,Unknown,Unknown,2002,1585,40,39.625,Medium
38,36 - 45,M,$80K - $120K,Rs66L - Rs1Cr,Mid Income,25662,1484,36,41.22222222,Medium
52,46 - 55,M,$80K - $120K,Rs66L - Rs1Cr,Mid Income,22103,1541,29,53.13793103,Medium
36,36 - 45,F,Less than $40K,<Rs33L,Low Income,1438.3,1975,40,49.375,Medium
45,36 - 45,F,$40K - $60K,Rs33L - Rs50L,Low Income,12355,1044,28,37.28571429,Low
34,26 - 35,F,$40K - $60K,Rs33L - Rs50L,Low Income,2000,1944,42,46.28571429,Medium
27,26 - 35,M,$120K +,Rs1Cr +,High Income,8713,2094,36,58.16666667,High
49,46 - 55,F,Less than $40K,<Rs33L,Low Income,9165,1846,56,32.96428571,Medium
43,36 - 45,F,Less than $40K,<Rs33L,Low Income,11583,3320,55,60.36363636,High
52,46 - 55,M,$80K - $120K,Rs66L - Rs1Cr,Mid Income,1438.3,1805,53,34.05660377,Medium
31,26 - 35,F,Unknown,Unknown,Unknown,8149,808,30,26.93333333,Low
40,36 - 45,M,$80K - $120K,Rs66L - Rs1Cr,Mid Income,3616,820,21,39.04761905,Low
39,36 - 45,M,$80K - $120K,Rs66L - Rs1Cr,Mid Income,8434,1414,27,52.37037037,Medium
45,36 - 45,M,$60K - $80K,Rs50L - Rs66L,Mid Income,9791,1649,59,27.94915254,Medium
37,36 - 45,F,Less than $40K,<Rs33L,Low Income,8444,2497,74,33.74324324,High
49,46 - 55,F,Less than $40K,<Rs33L,Low Income,2228,2104,44,47.81818182,High
56,55+,M,$120K +,Rs1Cr +,High Income,12211,903,29,31.13793103,Low
62,55+,F,Less than $40K,<Rs33L,Low Income,1438.3,1445,38,38.02631579,Medium
37,36 - 45,F,$40K - $60K,Rs33L - Rs50L,Low Income,1586,1724,24,71.83333333,Medium
42,36 - 45,M,$40K - $60K,Rs33L - Rs50L,Low Income,2247,1300,31,41.93548387,Medium
36,36 - 45,M,$60K - $80K,Rs50L - Rs66L,Mid Income,2789,2688,60,44.8,High
59,55+,M,$40K - $60K,Rs33L - Rs50L,Low Income,4241,1798,45,39.95555556,Medium
40,36 - 45,F,Unknown,Unknown,Unknown,8398,1489,29,51.34482759,Medium
43,36 - 45,M,$40K - $60K,Rs33L - Rs50L,Low Income,4112,1334,40,33.35,Medium
29,26 - 35,M,$40K - $60K,Rs33L - Rs50L,Low Income,15578,2492,71,35.09859155,High
42,36 - 45,F,$40K - $60K,Rs33L - Rs50L,Low Income,4008,1395,43,32.44186047,Medium
63,55+,F,Unknown,Unknown,Unknown,12766,1191,28,42.53571429,Low
36,36 - 45,F,Less than $40K,<Rs33L,Low Income,3438,2331,56,41.625,High
53,46 - 55,M,$80K - $120K,Rs66L - Rs1Cr,Mid Income,16692,1288,29,44.4137931,Medium
36,36 - 45,F,Less than $40K,<Rs33L,Low Income,4066,3040,56,54.28571429,High
36,36 - 45,M,$60K - $80K,Rs50L - Rs66L,Mid Income,13080,1999,44,45.43181818,Medium
26,26 - 35,M,Less than $40K,<Rs33L,Low Income,1934,2334,61,38.26229508,High
45,36 - 45,F,Less than $40K,<Rs33L,Low Income,3230,1931,57,33.87719298,Medium
55,46 - 55,F,Less than $40K,<Rs33L,Low Income,3615,1967,40,49.175,Medium
61,55+,F,Unknown,Unknown,Unknown,1801,3193,62,51.5,High
26,26 - 35,M,Less than $40K,<Rs33L,Low Income,2665,2514,64,39.28125,High
40,36 - 45,M,$60K - $80K,Rs50L - Rs66L,Mid Income,28822,1504,35,42.97142857,Medium
38,36 - 45,M,$40K - $60K,Rs33L - Rs50L,Low Income,14632,1399,36,38.86111111,Medium
32,26 - 35,F,Unknown,Unknown,Unknown,6715,1731,41,42.2195122,Medium
53,46 - 55,M,$60K - $80K,Rs50L - Rs66L,Mid Income,6658,1309,40,32.725,Medium
52,46 - 55,F,$40K - $60K,Rs33L - Rs50L,Low Income,3360,1309,30,43.63333333,Medium
29,26 - 35,M,$80K - $120K,Rs66L - Rs1Cr,Mid Income,14853,1800,41,43.90243902,Medium
38,36 - 45,M,$60K - $80K,Rs50L - Rs66L,Mid Income,4800,2935,62,47.33870968,High
27,26 - 35,M,$40K - $60K,Rs33L - Rs50L,Low Income,4610,2280,49,46.53061224,High
46,46 - 55,F,Less than $40K,<Rs33L,Low Income,1438.3,1114,33,33.75757576,Low
57,55+,M,$60K - $80K,Rs50L - Rs66L,Mid Income,8377,1797,44,40.84090909,Medium
42,36 - 45,M,$80K - $120K,Rs66L - Rs1Cr,Mid Income,4147,1776,44,40.36363636,Medium
62,55+,F,$40K - $60K,Rs33L - Rs50L,Low Income,2644,1194,30,39.8,Low
37,36 - 45,F,$40K - $60K,Rs33L - Rs50L,Low Income,13355,1921,37,51.91891892,Medium
57,55+,F,$40K - $60K,Rs33L - Rs50L,Low Income,3251,3228,67,48.17910448,High
35,26 - 35,M,$40K - $60K,Rs33L - Rs50L,Low Income,2100,2623,74,35.44594595,High
55,46 - 55,F,Less than $40K,<Rs33L,Low Income,3566,2425,54,44.90740741,High
56,55+,F,Unknown,Unknown,Unknown,14915,1388,35,39.65714286,Medium
39,36 - 45,M,$60K - $80K,Rs50L - Rs66L,Mid Income,13003,1697,40,42.425,Medium
64,55+,M,Less than $40K,<Rs33L,Low Income,2492,1375,30,45.83333333,Medium
37,36 - 45,F,Less than $40K,<Rs33L,Low Income,1758,2013,41,49.09756098,High
34,26 - 35,M,$60K - $80K,Rs50L - Rs66L,Mid Income,5510,1995,53,37.64150943,Medium
46,46 - 55,M,$60K - $80K,Rs50L - Rs66L,Mid Income,17196,1466,41,35.75609756,Medium
65,55+,F,$40K - $60K,Rs33L - Rs50L,Low Income,5877,2494,58,43,High
36,36 - 45,M,$60K - $80K,Rs50L - Rs66L,Mid Income,7667,1501,35,42.88571429,Medium
35,26 - 35,F,$40K - $60K,Rs33L - Rs50L,Low Income,2939,2077,47,44.19148936,High
49,46 - 55,M,$80K - $120K,Rs66L - Rs1Cr,Mid Income,5898,1002,21,47.71428571,Low
46,46 - 55,F,Unknown,Unknown,Unknown,19995,1879,34,55.26470588,Medium
26,26 - 35,M,$40K - $60K,Rs33L - Rs50L,Low Income,2773,3567,73,48.8630137,High
52,46 - 55,M,$60K - $80K,Rs50L - Rs66L,Mid Income,3323,1599,47,34.0212766,Medium
38,36 - 45,F,Unknown,Unknown,Unknown,16049,1989,33,60.27272727,Medium
37,36 - 45,M,$40K - $60K,Rs33L - Rs50L,Low Income,3601,1802,34,53,Medium
33,26 - 35,F,Less than $40K,<Rs33L,Low Income,2307,2440,48,50.83333333,High
59,55+,M,$60K - $80K,Rs50L - Rs66L,Mid Income,3742,1505,31,48.5483871,Medium
34,26 - 35,M,$40K - $60K,Rs33L - Rs50L,Low Income,2937,2171,45,48.24444444,High
39,36 - 45,F,Unknown,Unknown,Unknown,3209,1292,37,34.91891892,Medium
59,55+,M,$60K - $80K,Rs50L - Rs66L,Mid Income,12554,1422,30,47.4,Medium
50,46 - 55,M,$60K - $80K,Rs50L - Rs66L,Mid Income,4702,1673,44,38.02272727,Medium
26,26 - 35,F,$40K - $60K,Rs33L - Rs50L,Low Income,5645,2482,57,43.54385965,High
32,26 - 35,M,$60K - $80K,Rs50L - Rs66L,Mid Income,14308,1659,39,42.53846154,Medium
51,46 - 55,F,$40K - $60K,Rs33L - Rs50L,Low Income,4882,1544,44,35.09090909,Medium
41,36 - 45,M,$80K - $120K,Rs66L - Rs1Cr,Mid Income,33405,1345,34,39.55882353,Medium
39,36 - 45,F,$40K - $60K,Rs33L - Rs50L,Low Income,2700,2901,59,49.16949153,High
49,46 - 55,F,Less than $40K,<Rs33L,Low Income,2934,3396,64,53.0625,High
30,26 - 35,M,$120K +,Rs1Cr +,High Income,1548,2611,64,40.796875,High
40,36 - 45,F,Less than $40K,<Rs33L,Low Income,5525,2305,33,69.84848485,High
36,36 - 45,F,Less than $40K,<Rs33L,Low Income,5750,2155,61,35.32786885,High
56,55+,M,$120K +,Rs1Cr +,High Income,27157,1535,38,40.39473684,Medium
37,36 - 45,M,$80K - $120K,Rs66L - Rs1Cr,Mid Income,12830,2526,54,46.77777778,High
51,46 - 55,F,Less than $40K,<Rs33L,Low Income,5530,1766,45,39.24444444,Medium
36,36 - 45,F,Less than $40K,<Rs33L,Low Income,2684,2346,51,46,High
62,55+,M,$80K - $120K,Rs66L - Rs1Cr,Mid Income,2437,1651,32,51.59375,Medium
31,26 - 35,F,Less than $40K,<Rs33L,Low Income,3827,2491,64,38.921875,High
42,36 - 45,M,$120K +,Rs1Cr +,High Income,34516,2935,65,45.15384615,High
38,36 - 45,M,$60K - $80K,Rs50L - Rs66L,Mid Income,5940,1872,34,55.05882353,Medium
45,36 - 45,M,$60K - $80K,Rs50L - Rs66L,Mid Income,13162,1424,38,37.47368421,Medium
50,46 - 55,F,Less than $40K,<Rs33L,Low Income,1963,1861,51,36.49019608,Medium
58,55+,M,$80K - $120K,Rs66L - Rs1Cr,Mid Income,18713,1524,42,36.28571429,Medium
35,26 - 35,M,$80K - $120K,Rs66L - Rs1Cr,Mid Income,3023,1920,34,56.47058824,Medium
58,55+,M,$120K +,Rs1Cr +,High Income,6103,1468,34,43.17647059,Medium
42,36 - 45,M,$60K - $80K,Rs50L - Rs66L,Mid Income,10607,1903,40,47.575,Medium
32,26 - 35,F,Less than $40K,<Rs33L,Low Income,2917,2471,60,41.18333333,High
35,26 - 35,M,$120K +,Rs1Cr +,High Income,34516,2350,55,42.72727273,High
51,46 - 55,M,$80K - $120K,Rs66L - Rs1Cr,Mid Income,25197,3002,58,51.75862069,High
63,55+,M,Less than $40K,<Rs33L,Low Income,2743,1210,25,48.4,Medium
42,36 - 45,M,$120K +,Rs1Cr +,High Income,4111,1289,36,35.80555556,Medium
36,36 - 45,F,Unknown,Unknown,Unknown,3667,2781,59,47.13559322,High
42,36 - 45,M,$40K - $60K,Rs33L - Rs50L,Low Income,3178,4605,86,53.54651163,High
37,36 - 45,F,Unknown,Unknown,Unknown,5674,1096,29,37.79310345,Low
38,36 - 45,M,$80K - $120K,Rs66L - Rs1Cr,Mid Income,11444,2493,44,56.65909091,High
29,26 - 35,M,$40K - $60K,Rs33L - Rs50L,Low Income,1438.3,2144,41,52.29268293,High
54,46 - 55,M,$40K - $60K,Rs33L - Rs50L,Low Income,6387,1294,26,49.76923077,Medium
33,26 - 35,M,$40K - $60K,Rs33L - Rs50L,Low Income,5657,1914,46,41.60869565,Medium
63,55+,F,Unknown,Unknown,Unknown,11827,1395,37,37.7027027,Medium
49,46 - 55,M,$60K - $80K,Rs50L - Rs66L,Mid Income,2608,2073,47,44.10638298,High
44,36 - 45,F,Less than $40K,<Rs33L,Low Income,3203,1433,38,37.71052632,Medium
33,26 - 35,F,Unknown,Unknown,Unknown,34516,2574,72,35.75,High
57,55+,M,$80K - $120K,Rs66L - Rs1Cr,Mid Income,2472,1392,33,42.18181818,Medium
52,46 - 55,F,Less than $40K,<Rs33L,Low Income,2147,1352,37,36.54054054,Medium
52,46 - 55,F,Less than $40K,<Rs33L,Low Income,3416,1924,48,40.08333333,Medium
39,36 - 45,F,Unknown,Unknown,Unknown,8058,2742,42,65.28571429,High
50,46 - 55,F,Unknown,Unknown,Unknown,3410,1296,31,41.80645161,Medium
43,36 - 45,M,$60K - $80K,Rs50L - Rs66L,Mid Income,19044,1780,44,40.45454545,Medium
36,36 - 45,M,$60K - $80K,Rs50L - Rs66L,Mid Income,1606,2229,45,49.53333333,High
55,46 - 55,M,$120K +,Rs1Cr +,High Income,24336,1425,33,43.18181818,Medium
30,26 - 35,F,Less than $40K,<Rs33L,Low Income,5030,2523,71,35.53521127,High
36,36 - 45,M,$120K +,Rs1Cr +,High Income,24577,1897,39,48.64102564,Medium
26,26 - 35,F,Less than $40K,<Rs33L,Low Income,3517,2255,48,46.97916667,High
48,46 - 55,M,$40K - $60K,Rs33L - Rs50L,Low Income,7400,1568,51,30.74509804,Medium
53,46 - 55,F,$40K - $60K,Rs33L - Rs50L,Low Income,2956,2116,63,33.58730159,High
42,36 - 45,F,Unknown,Unknown,Unknown,3578,1015,36,28.19444444,Low
53,46 - 55,M,$120K +,Rs1Cr +,High Income,12778,1133,28,40.46428571,Low
58,55+,F,Less than $40K,<Rs33L,Low Income,1942,1371,38,36.07894737,Medium
32,26 - 35,M,$80K - $120K,Rs66L - Rs1Cr,Mid Income,29961,2337,69,33.86956522,High
48,46 - 55,M,$60K - $80K,Rs50L - Rs66L,Mid Income,33791,1546,41,37.70731707,Medium
48,46 - 55,M,$40K - $60K,Rs33L - Rs50L,Low Income,17657,1682,39,43.12820513,Medium
54,46 - 55,M,$120K +,Rs1Cr +,High Income,2821,1419,36,39.41666667,Medium
59,55+,M,Less than $40K,<Rs33L,Low Income,1479,2139,70,30.55714286,High
35,26 - 35,M,$60K - $80K,Rs50L - Rs66L,Mid Income,1438.3,2492,55,45.30909091,High
37,36 - 45,M,$40K - $60K,Rs33L - Rs50L,Low Income,6859,3045,56,54.375,High
36,36 - 45,M,$120K +,Rs1Cr +,High Income,3404,2406,65,37.01538462,High
26,26 - 35,M,$40K - $60K,Rs33L - Rs50L,Low Income,2158,1833,27,67.88888889,Medium
35,26 - 35,F,Less than $40K,<Rs33L,Low Income,1890,1483,36,41.19444444,Medium
40,36 - 45,M,$60K - $80K,Rs50L - Rs66L,Mid Income,18386,1698,43,39.48837209,Medium
55,46 - 55,F,Unknown,Unknown,Unknown,3602,1935,47,41.17021277,Medium
39,36 - 45,M,$80K - $120K,Rs66L - Rs1Cr,Mid Income,3766,1514,51,29.68627451,Medium
39,36 - 45,F,Less than $40K,<Rs33L,Low Income,5634,2905,63,46.11111111,High
46,46 - 55,F,$40K - $60K,Rs33L - Rs50L,Low Income,3126,1638,41,39.95121951,Medium
49,46 - 55,M,$60K - $80K,Rs50L - Rs66L,Mid Income,3017,1640,37,44.32432432,Medium
32,26 - 35,M,$60K - $80K,Rs50L - Rs66L,Mid Income,5478,2456,55,44.65454545,High
35,26 - 35,M,$80K - $120K,Rs66L - Rs1Cr,Mid Income,13046,2601,52,50.01923077,High
39,36 - 45,M,$40K - $60K,Rs33L - Rs50L,Low Income,8687,2279,33,69.06060606,High
53,46 - 55,F,Less than $40K,<Rs33L,Low Income,6174,2043,52,39.28846154,High
26,26 - 35,F,$40K - $60K,Rs33L - Rs50L,Low Income,5655,2312,61,37.90163934,High
32,26 - 35,M,$60K - $80K,Rs50L - Rs66L,Mid Income,5397,2056,49,41.95918367,High
54,46 - 55,M,$120K +,Rs1Cr +,High Income,28465,1693,37,45.75675676,Medium
36,36 - 45,F,Less than $40K,<Rs33L,Low Income,3444,2668,51,52.31372549,High
45,36 - 45,F,Less than $40K,<Rs33L,Low Income,2104,1732,35,49.48571429,Medium
49,46 - 55,M,$80K - $120K,Rs66L - Rs1Cr,Mid Income,15610,1916,58,33.03448276,Medium
44,36 - 45,M,$120K +,Rs1Cr +,High Income,34516,1531,48,31.89583333,Medium
32,26 - 35,M,Unknown,Unknown,Unknown,16912,2413,41,58.85365854,High
64,55+,F,Less than $40K,<Rs33L,Low Income,5462,1523,35,43.51428571,Medium
37,36 - 45,F,Less than $40K,<Rs33L,Low Income,2868,2909,64,45.453125,High
31,26 - 35,M,$60K - $80K,Rs50L - Rs66L,Mid Income,2685,1642,36,45.61111111,Medium
49,46 - 55,F,$40K - $60K,Rs33L - Rs50L,Low Income,5238,1834,43,42.65116279,Medium
32,26 - 35,F,Less than $40K,<Rs33L,Low Income,4561,1874,38,49.31578947,Medium
53,46 - 55,M,$120K +,Rs1Cr +,High Income,13091,1452,37,39.24324324,Medium
62,55+,F,Unknown,Unknown,Unknown,10826,1355,34,39.85294118,Medium
26,26 - 35,F,Unknown,Unknown,Unknown,2600,2625,45,58.33333333,High
49,46 - 55,F,Unknown,Unknown,Unknown,2561,2047,41,49.92682927,High
30,26 - 35,F,Less than $40K,<Rs33L,Low Income,7087,1712,37,46.27027027,Medium
34,26 - 35,M,$120K +,Rs1Cr +,High Income,34516,1969,46,42.80434783,Medium
41,36 - 45,M,$40K - $60K,Rs33L - Rs50L,Low Income,10266,1720,42,40.95238095,Medium
27,26 - 35,F,Less than $40K,<Rs33L,Low Income,1553,1954,43,45.44186047,Medium
33,26 - 35,F,$40K - $60K,Rs33L - Rs50L,Low Income,6732,1644,45,36.53333333,Medium
56,55+,M,$120K +,Rs1Cr +,High Income,12181,1478,33,44.78787879,Medium
36,36 - 45,M,$80K - $120K,Rs66L - Rs1Cr,Mid Income,7056,1739,35,49.68571429,Medium
35,26 - 35,M,$60K - $80K,Rs50L - Rs66L,Mid Income,14365,2290,62,36.93548387,High
27,26 - 35,M,$40K - $60K,Rs33L - Rs50L,Low Income,11473,2147,41,52.36585366,High
46,46 - 55,M,$60K - $80K,Rs50L - Rs66L,Mid Income,23996,1339,29,46.17241379,Medium
48,46 - 55,M,$60K - $80K,Rs50L - Rs66L,Mid Income,2998,1825,31,58.87096774,Medium
54,46 - 55,M,$80K - $120K,Rs66L - Rs1Cr,Mid Income,30011,1676,41,40.87804878,Medium
38,36 - 45,M,$60K - $80K,Rs50L - Rs66L,Mid Income,2405,2503,40,62.575,High
36,36 - 45,M,$80K - $120K,Rs66L - Rs1Cr,Mid Income,21927,1946,37,52.59459459,Medium
56,55+,M,$80K - $120K,Rs66L - Rs1Cr,Mid Income,3906,1839,33,55.72727273,Medium
32,26 - 35,M,$60K - $80K,Rs50L - Rs66L,Mid Income,10029,2192,58,37.79310345,High
36,36 - 45,M,$60K - $80K,Rs50L - Rs66L,Mid Income,4934,2747,42,65.4047619,High
35,26 - 35,F,Less than $40K,<Rs33L,Low Income,13882,2685,71,37.81690141,High
26,26 - 35,M,Unknown,Unknown,Unknown,2347,2595,56,46.33928571,High
32,26 - 35,M,$60K - $80K,Rs50L - Rs66L,Mid Income,4116,1657,38,43.60526316,Medium
56,55+,F,$40K - $60K,Rs33L - Rs50L,Low Income,13904,3151,67,47.02985075,High
54,46 - 55,M,$80K - $120K,Rs66L - Rs1Cr,Mid Income,32558,1440,37,38.91891892,Medium
54,46 - 55,M,$80K - $120K,Rs66L - Rs1Cr,Mid Income,12902,1273,33,38.57575758,Medium
37,36 - 45,F,Less than $40K,<Rs33L,Low Income,2509,1804,38,47.47368421,Medium
38,36 - 45,F,Less than $40K,<Rs33L,Low Income,2484,1200,28,42.85714286,Medium
35,26 - 35,M,$60K - $80K,Rs50L - Rs66L,Mid Income,2780,2469,67,36.85074627,High
39,36 - 45,M,$60K - $80K,Rs50L - Rs66L,Mid Income,5219,1715,35,49,Medium
48,46 - 55,M,$80K - $120K,Rs66L - Rs1Cr,Mid Income,18102,1486,32,46.4375,Medium
29,26 - 35,M,$40K - $60K,Rs33L - Rs50L,Low Income,4532,1885,55,34.27272727,Medium
33,26 - 35,M,$80K - $120K,Rs66L - Rs1Cr,Mid Income,22399,2390,62,38.5483871,High
39,36 - 45,F,$40K - $60K,Rs33L - Rs50L,Low Income,4489,2153,58,37.12068966,High
35,26 - 35,F,Unknown,Unknown,Unknown,10329,2461,68,36.19117647,High
43,36 - 45,F,Less than $40K,<Rs33L,Low Income,2637,1569,39,40.23076923,Medium
27,26 - 35,F,Less than $40K,<Rs33L,Low Income,1864,1662,32,51.9375,Medium
52,46 - 55,F,Unknown,Unknown,Unknown,13276,1901,33,57.60606061,Medium
31,26 - 35,M,$40K - $60K,Rs33L - Rs50L,Low Income,1935,2498,60,41.63333333,High
45,36 - 45,M,$60K - $80K,Rs50L - Rs66L,Mid Income,6784,1900,28,67.85714286,Medium
35,26 - 35,M,$60K - $80K,Rs50L - Rs66L,Mid Income,19127,1859,33,56.33333333,Medium
55,46 - 55,M,$120K +,Rs1Cr +,High Income,32641,1327,30,44.23333333,Medium
61,55+,M,$40K - $60K,Rs33L - Rs50L,Low Income,1438.3,1397,43,32.48837209,Medium
37,36 - 45,F,Less than $40K,<Rs33L,Low Income,2417,1773,42,42.21428571,Medium
38,36 - 45,M,$80K - $120K,Rs66L - Rs1Cr,Mid Income,19259,1388,27,51.40740741,Medium
54,46 - 55,F,Less than $40K,<Rs33L,Low Income,3796,2069,54,38.31481481,High
40,36 - 45,M,$80K - $120K,Rs66L - Rs1Cr,Mid Income,4042,1471,37,39.75675676,Medium
47,46 - 55,M,$120K +,Rs1Cr +,High Income,17603,2902,64,45.34375,High
55,46 - 55,F,$40K - $60K,Rs33L - Rs50L,Low Income,2894,1017,25,40.68,Low
37,36 - 45,M,$80K - $120K,Rs66L - Rs1Cr,Mid Income,16730,1740,43,40.46511628,Medium
36,36 - 45,F,Less than $40K,<Rs33L,Low Income,3282,2614,79,33.08860759,High
53,46 - 55,F,Unknown,Unknown,Unknown,15815,2135,48,44.47916667,High
26,26 - 35,M,$60K - $80K,Rs50L - Rs66L,Mid Income,1672,2099,34,61.73529412,High
45,36 - 45,F,Less than $40K,<Rs33L,Low Income,8121,1914,45,42.53333333,Medium
36,36 - 45,F,Less than $40K,<Rs33L,Low Income,3182,1670,30,55.66666667,Medium
60,55+,M,$60K - $80K,Rs50L - Rs66L,Mid Income,3182,1233,35,35.22857143,Medium
30,26 - 35,M,Less than $40K,<Rs33L,Low Income,5061,1309,38,34.44736842,Medium
39,36 - 45,M,$60K - $80K,Rs50L - Rs66L,Mid Income,6224,3014,58,51.96551724,High
33,26 - 35,F,Unknown,Unknown,Unknown,2735,3306,71,46.56338028,High
48,46 - 55,F,Less than $40K,<Rs33L,Low Income,2464,1219,35,34.82857143,Medium
39,36 - 45,M,$60K - $80K,Rs50L - Rs66L,Mid Income,3477,1897,50,37.94,Medium
38,36 - 45,M,$80K - $120K,Rs66L - Rs1Cr,Mid Income,3242,1841,46,40.02173913,Medium
47,46 - 55,M,$120K +,Rs1Cr +,High Income,27858,1772,53,33.43396226,Medium
26,26 - 35,M,Less than $40K,<Rs33L,Low Income,1438.3,2546,40,63.65,High
49,46 - 55,M,$120K +,Rs1Cr +,High Income,34516,1793,44,40.75,Medium
38,36 - 45,M,$80K - $120K,Rs66L - Rs1Cr,Mid Income,6361,1499,31,48.35483871,Medium
30,26 - 35,M,Less than $40K,<Rs33L,Low Income,2490,1645,30,54.83333333,Medium
53,46 - 55,M,$120K +,Rs1Cr +,High Income,14057,2073,60,34.55,High
49,46 - 55,M,$60K - $80K,Rs50L - Rs66L,Mid Income,2461,1729,35,49.4,Medium
35,26 - 35,M,$60K - $80K,Rs50L - Rs66L,Mid Income,7766,2423,74,32.74324324,High
40,36 - 45,M,$40K - $60K,Rs33L - Rs50L,Low Income,21308,1322,38,34.78947368,Medium
30,26 - 35,M,$60K - $80K,Rs50L - Rs66L,Mid Income,4516,1819,24,75.79166667,Medium
42,36 - 45,F,$40K - $60K,Rs33L - Rs50L,Low Income,5424,1634,44,37.13636364,Medium
62,55+,F,Less than $40K,<Rs33L,Low Income,1764,2094,47,44.55319149,High
50,46 - 55,F,$40K - $60K,Rs33L - Rs50L,Low Income,1493,1554,43,36.13953488,Medium
56,55+,M,$120K +,Rs1Cr +,High Income,17539,1220,30,40.66666667,Medium
45,36 - 45,M,$80K - $120K,Rs66L - Rs1Cr,Mid Income,34516,3530,68,51.91176471,High
35,26 - 35,F,Less than $40K,<Rs33L,Low Income,2149,1581,30,52.7,Medium
57,55+,F,Less than $40K,<Rs33L,Low Income,6256,1629,43,37.88372093,Medium
33,26 - 35,F,Unknown,Unknown,Unknown,11922,2154,61,35.31147541,High
43,36 - 45,F,Less than $40K,<Rs33L,Low Income,4075,2449,27,90.7037037,High
53,46 - 55,M,$80K - $120K,Rs66L - Rs1Cr,Mid Income,7290,1312,29,45.24137931,Medium
50,46 - 55,M,$60K - $80K,Rs50L - Rs66L,Mid Income,5965,3382,58,58.31034483,High
30,26 - 35,M,$120K +,Rs1Cr +,High Income,9007,1925,42,45.83333333,Medium
37,36 - 45,F,Less than $40K,<Rs33L,Low Income,6077,2837,74,38.33783784,High
37,36 - 45,M,$40K - $60K,Rs33L - Rs50L,Low Income,1808,1744,35,49.82857143,Medium
45,36 - 45,M,$80K - $120K,Rs66L - Rs1Cr,Mid Income,12810,3174,74,42.89189189,High
58,55+,M,$40K - $60K,Rs33L - Rs50L,Low Income,3421,992,21,47.23809524,Low
63,55+,F,$40K - $60K,Rs33L - Rs50L,Low Income,3118,1291,24,53.79166667,Medium
43,36 - 45,M,$60K - $80K,Rs50L - Rs66L,Mid Income,20013,1518,39,38.92307692,Medium
26,26 - 35,F,Unknown,Unknown,Unknown,4395,2272,46,49.39130435,High
37,36 - 45,F,Less than $40K,<Rs33L,Low Income,9661,2825,60,47.08333333,High
53,46 - 55,M,$60K - $80K,Rs50L - Rs66L,Mid Income,1973,1587,38,41.76315789,Medium
55,46 - 55,M,$120K +,Rs1Cr +,High Income,9926,2235,57,39.21052632,High
36,36 - 45,M,$60K - $80K,Rs50L - Rs66L,Mid Income,4108,2275,58,39.22413793,High
51,46 - 55,M,$120K +,Rs1Cr +,High Income,20741,1818,51,35.64705882,Medium
36,36 - 45,M,$80K - $120K,Rs66L - Rs1Cr,Mid Income,16335,2733,71,38.49295775,High
35,26 - 35,F,Unknown,Unknown,Unknown,4588,2442,62,39.38709677,High
34,26 - 35,F,Less than $40K,<Rs33L,Low Income,5712,2617,54,48.46296296,High
57,55+,M,$60K - $80K,Rs50L - Rs66L,Mid Income,5335,1844,49,37.63265306,Medium
54,46 - 55,F,Unknown,Unknown,Unknown,13184,2047,33,62.03030303,High
29,26 - 35,M,$60K - $80K,Rs50L - Rs66L,Mid Income,8592,1842,50,36.84,Medium
37,36 - 45,F,Less than $40K,<Rs33L,Low Income,1910,2028,39,52,High
53,46 - 55,F,Less than $40K,<Rs33L,Low Income,6210,3095,62,49.91935484,High
36,36 - 45,M,$40K - $60K,Rs33L - Rs50L,Low Income,2220,1685,44,38.29545455,Medium
49,46 - 55,M,$40K - $60K,Rs33L - Rs50L,Low Income,20756,1502,31,48.4516129,Medium
64,55+,F,$40K - $60K,Rs33L - Rs50L,Low Income,2895,1541,37,41.64864865,Medium
53,46 - 55,M,$60K - $80K,Rs50L - Rs66L,Mid Income,3539,1677,45,37.26666667,Medium
52,46 - 55,M,$120K +,Rs1Cr +,High Income,9274,2048,59,34.71186441,High
35,26 - 35,F,Less than $40K,<Rs33L,Low Income,3187,2072,33,62.78787879,High
37,36 - 45,F,Less than $40K,<Rs33L,Low Income,2802,1406,28,50.21428571,Medium
50,46 - 55,M,$60K - $80K,Rs50L - Rs66L,Mid Income,2334,1386,30,46.2,Medium
65,55+,F,Less than $40K,<Rs33L,Low Income,1438.3,2249,61,36.86885246,High
53,46 - 55,F,Less than $40K,<Rs33L,Low Income,3519,1670,33,50.60606061,Medium
53,46 - 55,M,$120K +,Rs1Cr +,High Income,3088,1561,40,39.025,Medium
40,36 - 45,M,$80K - $120K,Rs66L - Rs1Cr,Mid Income,34516,2579,68,37.92647059,High
39,36 - 45,M,$60K - $80K,Rs50L - Rs66L,Mid Income,11906,1642,39,42.1025641,Medium
53,46 - 55,F,Unknown,Unknown,Unknown,11098,2156,46,46.86956522,High
36,36 - 45,M,$60K - $80K,Rs50L - Rs66L,Mid Income,2224,2004,44,45.54545455,High
35,26 - 35,F,$40K - $60K,Rs33L - Rs50L,Low Income,3454,1575,41,38.41463415,Medium
37,36 - 45,F,Less than $40K,<Rs33L,Low Income,5723,2732,63,43.36507937,High
36,36 - 45,F,Less than $40K,<Rs33L,Low Income,9239,2246,44,51.04545455,High
39,36 - 45,M,$80K - $120K,Rs66L - Rs1Cr,Mid Income,4061,1602,40,40.05,Medium
65,55+,M,Less than $40K,<Rs33L,Low Income,4189,1597,31,51.51612903,Medium
45,36 - 45,F,Less than $40K,<Rs33L,Low Income,6373,3483,82,42.47560976,High
38,36 - 45,F,Less than $40K,<Rs33L,Low Income,2228,2334,61,38.26229508,High
36,36 - 45,F,Less than $40K,<Rs33L,Low Income,3261,856,18,47.55555556,Low
40,36 - 45,F,Less than $40K,<Rs33L,Low Income,8014,1596,34,46.94117647,Medium
35,26 - 35,F,$40K - $60K,Rs33L - Rs50L,Low Income,10980,1830,36,50.83333333,Medium
54,46 - 55,M,$120K +,Rs1Cr +,High Income,3092,1369,37,37,Medium
40,36 - 45,M,$80K - $120K,Rs66L - Rs1Cr,Mid Income,14315,2603,56,46.48214286,High
59,55+,M,$40K - $60K,Rs33L - Rs50L,Low Income,1648,1776,36,49.33333333,Medium
26,26 - 35,F,$40K - $60K,Rs33L - Rs50L,Low Income,1730,869,27,32.18518519,Low
46,46 - 55,M,$60K - $80K,Rs50L - Rs66L,Mid Income,13768,1390,44,31.59090909,Medium
29,26 - 35,F,Unknown,Unknown,Unknown,1709,1757,48,36.60416667,Medium
38,36 - 45,M,$40K - $60K,Rs33L - Rs50L,Low Income,1705,3342,62,53.90322581,High
31,26 - 35,M,$60K - $80K,Rs50L - Rs66L,Mid Income,8673,2457,58,42.36206897,High
35,26 - 35,M,$60K - $80K,Rs50L - Rs66L,Mid Income,6391,2274,61,37.27868852,High
56,55+,M,$80K - $120K,Rs66L - Rs1Cr,Mid Income,11102,1448,36,40.22222222,Medium
34,26 - 35,M,$80K - $120K,Rs66L - Rs1Cr,Mid Income,24765,1544,36,42.88888889,Medium
42,36 - 45,M,$80K - $120K,Rs66L - Rs1Cr,Mid Income,31864,1591,35,45.45714286,Medium
29,26 - 35,M,$60K - $80K,Rs50L - Rs66L,Mid Income,5346,3253,80,40.6625,High
32,26 - 35,M,$40K - $60K,Rs33L - Rs50L,Low Income,2801,2467,54,45.68518519,High
37,36 - 45,F,Less than $40K,<Rs33L,Low Income,3148,1401,31,45.19354839,Medium
36,36 - 45,F,Less than $40K,<Rs33L,Low Income,2786,2853,55,51.87272727,High
37,36 - 45,M,$60K - $80K,Rs50L - Rs66L,Mid Income,11894,2438,45,54.17777778,High
38,36 - 45,M,$80K - $120K,Rs66L - Rs1Cr,Mid Income,7535,1655,41,40.36585366,Medium
52,46 - 55,M,$60K - $80K,Rs50L - Rs66L,Mid Income,33180,797,14,56.92857143,Low
62,55+,F,Less than $40K,<Rs33L,Low Income,2986,2141,55,38.92727273,High
35,26 - 35,F,Unknown,Unknown,Unknown,6729,2080,50,41.6,High
36,36 - 45,M,$60K - $80K,Rs50L - Rs66L,Mid Income,2601,2542,67,37.94029851,High
54,46 - 55,M,$80K - $120K,Rs66L - Rs1Cr,Mid Income,3380,1636,58,28.20689655,Medium
27,26 - 35,M,$60K - $80K,Rs50L - Rs66L,Mid Income,2730,2319,61,38.01639344,High
26,26 - 35,M,$40K - $60K,Rs33L - Rs50L,Low Income,3324,982,22,44.63636364,Low
56,55+,F,Less than $40K,<Rs33L,Low Income,2665,1880,58,32.4137931,Medium
60,55+,F,$40K - $60K,Rs33L - Rs50L,Low Income,5015,1325,29,45.68965517,Medium
54,46 - 55,M,$60K - $80K,Rs50L - Rs66L,Mid Income,6905,1370,25,54.8,Medium
48,46 - 55,M,$80K - $120K,Rs66L - Rs1Cr,Mid Income,5848,1961,51,38.45098039,Medium
33,26 - 35,M,$80K - $120K,Rs66L - Rs1Cr,Mid Income,19136,2501,55,45.47272727,High
64,55+,F,Less than $40K,<Rs33L,Low Income,3500,2003,41,48.85365854,High
35,26 - 35,M,$60K - $80K,Rs50L - Rs66L,Mid Income,7453,1691,47,35.9787234,Medium
54,46 - 55,F,Less than $40K,<Rs33L,Low Income,6266,1456,27,53.92592593,Medium
29,26 - 35,F,Less than $40K,<Rs33L,Low Income,4945,2743,69,39.75362319,High
33,26 - 35,M,$120K +,Rs1Cr +,High Income,27992,837,18,46.5,Low
34,26 - 35,M,$40K - $60K,Rs33L - Rs50L,Low Income,3735,1877,33,56.87878788,Medium
48,46 - 55,M,$60K - $80K,Rs50L - Rs66L,Mid Income,6703,1843,44,41.88636364,Medium
38,36 - 45,M,$80K - $120K,Rs66L - Rs1Cr,Mid Income,6162,1527,35,43.62857143,Medium
42,36 - 45,M,$60K - $80K,Rs50L - Rs66L,Mid Income,3337,3951,68,58.10294118,High
55,46 - 55,M,$40K - $60K,Rs33L - Rs50L,Low Income,2205,1591,38,41.86842105,Medium
62,55+,M,$40K - $60K,Rs33L - Rs50L,Low Income,4450,1326,44,30.13636364,Medium
33,26 - 35,F,Less than $40K,<Rs33L,Low Income,1438.3,2914,70,41.62857143,High
38,36 - 45,M,$80K - $120K,Rs66L - Rs1Cr,Mid Income,2172,2447,46,53.19565217,High
39,36 - 45,M,$40K - $60K,Rs33L - Rs50L,Low Income,4323,3078,58,53.06896552,High
56,55+,M,$80K - $120K,Rs66L - Rs1Cr,Mid Income,4145,1238,36,34.38888889,Medium
36,36 - 45,M,Less than $40K,<Rs33L,Low Income,2032,2454,46,53.34782609,High
29,26 - 35,M,$80K - $120K,Rs66L - Rs1Cr,Mid Income,7010,2413,48,50.27083333,High
57,55+,M,$120K +,Rs1Cr +,High Income,3205,2126,58,36.65517241,High
55,46 - 55,F,Unknown,Unknown,Unknown,16547,1782,48,37.125,Medium
51,46 - 55,F,$40K - $60K,Rs33L - Rs50L,Low Income,5930,2041,32,63.78125,High
57,55+,F,Unknown,Unknown,Unknown,7469,2050,46,44.56521739,High
56,55+,F,Less than $40K,<Rs33L,Low Income,2235,1229,27,45.51851852,Medium
26,26 - 35,M,$40K - $60K,Rs33L - Rs50L,Low Income,2047,2180,33,66.06060606,High
36,36 - 45,F,Unknown,Unknown,Unknown,34516,2298,55,41.78181818,High
53,46 - 55,F,$40K - $60K,Rs33L - Rs50L,Low Income,2636,1333,34,39.20588235,Medium
41,36 - 45,M,$40K - $60K,Rs33L - Rs50L,Low Income,6425,2036,44,46.27272727,High
26,26 - 35,F,Less than $40K,<Rs33L,Low Income,2902,2088,34,61.41176471,High
51,46 - 55,F,Less than $40K,<Rs33L,Low Income,4002,2024,53,38.18867925,High
34,26 - 35,M,$60K - $80K,Rs50L - Rs66L,Mid Income,5175,2405,49,49.08163265,High
65,55+,F,$40K - $60K,Rs33L - Rs50L,Low Income,4599,2608,78,33.43589744,High
52,46 - 55,M,$80K - $120K,Rs66L - Rs1Cr,Mid Income,31258,2866,53,54.0754717,High
54,46 - 55,F,Less than $40K,<Rs33L,Low Income,2683,1406,37,38,Medium
37,36 - 45,M,$80K - $120K,Rs66L - Rs1Cr,Mid Income,11638,563,15,37.53333333,Low
40,36 - 45,F,Unknown,Unknown,Unknown,1829,1610,49,32.85714286,Medium
55,46 - 55,M,$80K - $120K,Rs66L - Rs1Cr,Mid Income,8276,1409,25,56.36,Medium
45,36 - 45,M,$80K - $120K,Rs66L - Rs1Cr,Mid Income,23539,1485,38,39.07894737,Medium
37,36 - 45,F,Less than $40K,<Rs33L,Low Income,2352,2344,48,48.83333333,High
30,26 - 35,M,$60K - $80K,Rs50L - Rs66L,Mid Income,11371,2768,68,40.70588235,High
55,46 - 55,F,Less than $40K,<Rs33L,Low Income,2857,1869,47,39.76595745,Medium
36,36 - 45,M,$80K - $120K,Rs66L - Rs1Cr,Mid Income,34516,2873,73,39.35616438,High
39,36 - 45,M,$40K - $60K,Rs33L - Rs50L,Low Income,6690,1734,39,44.46153846,Medium
34,26 - 35,M,Less than $40K,<Rs33L,Low Income,4439,2858,71,40.25352113,High
47,46 - 55,M,$60K - $80K,Rs50L - Rs66L,Mid Income,5344,1984,36,55.11111111,Medium
42,36 - 45,M,$80K - $120K,Rs66L - Rs1Cr,Mid Income,27310,1537,41,37.48780488,Medium
61,55+,M,$40K - $60K,Rs33L - Rs50L,Low Income,2531,1263,35,36.08571429,Medium
31,26 - 35,M,$40K - $60K,Rs33L - Rs50L,Low Income,9096,2318,54,42.92592593,High
40,36 - 45,M,$80K - $120K,Rs66L - Rs1Cr,Mid Income,34516,1112,26,42.76923077,Low
42,36 - 45,F,Less than $40K,<Rs33L,Low Income,7169,1438,35,41.08571429,Medium
54,46 - 55,F,Less than $40K,<Rs33L,Low Income,5399,1292,34,38,Medium
52,46 - 55,F,Less than $40K,<Rs33L,Low Income,2280,1924,50,38.48,Medium
31,26 - 35,F,Less than $40K,<Rs33L,Low Income,6315,2205,43,51.27906977,High
43,36 - 45,M,$40K - $60K,Rs33L - Rs50L,Low Income,4402,1774,46,38.56521739,Medium
49,46 - 55,M,$120K +,Rs1Cr +,High Income,27732,1413,31,45.58064516,Medium
45,36 - 45,F,$40K - $60K,Rs33L - Rs50L,Low Income,4947,3479,76,45.77631579,High
38,36 - 45,M,$80K - $120K,Rs66L - Rs1Cr,Mid Income,3946,1646,43,38.27906977,Medium
57,55+,M,$40K - $60K,Rs33L - Rs50L,Low Income,12291,1683,50,33.66,Medium
63,55+,F,$40K - $60K,Rs33L - Rs50L,Low Income,3067,1420,32,44.375,Medium
42,36 - 45,F,Less than $40K,<Rs33L,Low Income,1438.3,2451,55,44.56363636,High
61,55+,F,$40K - $60K,Rs33L - Rs50L,Low Income,8633,2066,51,40.50980392,High
37,36 - 45,M,$40K - $60K,Rs33L - Rs50L,Low Income,2394,2805,85,33,High
61,55+,M,$120K +,Rs1Cr +,High Income,11374,1088,26,41.84615385,Low
35,26 - 35,M,$60K - $80K,Rs50L - Rs66L,Mid Income,6921,1931,35,55.17142857,Medium
57,55+,M,$80K - $120K,Rs66L - Rs1Cr,Mid Income,2564,1343,35,38.37142857,Medium
64,55+,M,Less than $40K,<Rs33L,Low Income,2720,1613,43,37.51162791,Medium
39,36 - 45,F,Unknown,Unknown,Unknown,9843,1402,35,40.05714286,Medium
28,26 - 35,F,Unknown,Unknown,Unknown,21691,2534,51,49.68627451,High
53,46 - 55,M,$80K - $120K,Rs66L - Rs1Cr,Mid Income,1826,2199,48,45.8125,High
39,36 - 45,M,$60K - $80K,Rs50L - Rs66L,Mid Income,5746,1562,44,35.5,Medium
35,26 - 35,F,Less than $40K,<Rs33L,Low Income,2926,1851,48,38.5625,Medium
47,46 - 55,F,$40K - $60K,Rs33L - Rs50L,Low Income,7061,1831,60,30.51666667,Medium
47,46 - 55,M,$80K - $120K,Rs66L - Rs1Cr,Mid Income,5589,1570,31,50.64516129,Medium
38,36 - 45,M,$80K - $120K,Rs66L - Rs1Cr,Mid Income,9620,1735,43,40.34883721,Medium
26,26 - 35,F,Less than $40K,<Rs33L,Low Income,2539,2386,47,50.76595745,High
37,36 - 45,F,Unknown,Unknown,Unknown,3642,2790,68,41.02941176,High
57,55+,M,Less than $40K,<Rs33L,Low Income,3451,3031,57,53.1754386,High
38,36 - 45,F,Less than $40K,<Rs33L,Low Income,1841,1819,35,51.97142857,Medium
39,36 - 45,M,$120K +,Rs1Cr +,High Income,5764,1972,38,51.89473684,Medium
35,26 - 35,M,$60K - $80K,Rs50L - Rs66L,Mid Income,18278,2084,61,34.16393443,High
38,36 - 45,M,$80K - $120K,Rs66L - Rs1Cr,Mid Income,16059,1357,26,52.19230769,Medium
56,55+,M,$60K - $80K,Rs50L - Rs66L,Mid Income,5887,1193,26,45.88461538,Low
36,36 - 45,M,$40K - $60K,Rs33L - Rs50L,Low Income,3152,2530,50,50.6,High
39,36 - 45,M,$80K - $120K,Rs66L - Rs1Cr,Mid Income,12464,1195,35,34.14285714,Low
58,55+,F,Unknown,Unknown,Unknown,4784,2160,54,40,High
28,26 - 35,M,Less than $40K,<Rs33L,Low Income,1950,2074,81,25.60493827,High
65,55+,F,Less than $40K,<Rs33L,Low Income,7478,2213,62,35.69354839,High
26,26 - 35,F,Less than $40K,<Rs33L,Low Income,1438.3,2731,39,70.02564103,High
28,26 - 35,M,Less than $40K,<Rs33L,Low Income,1707,2950,87,33.90804598,High
30,26 - 35,F,Unknown,Unknown,Unknown,4016,2572,35,73.48571429,High
31,26 - 35,F,Less than $40K,<Rs33L,Low Income,2370,2411,53,45.49056604,High
57,55+,M,$60K - $80K,Rs50L - Rs66L,Mid Income,3478,1409,49,28.75510204,Medium
43,36 - 45,M,$40K - $60K,Rs33L - Rs50L,Low Income,1539,1987,47,42.27659574,Medium
26,26 - 35,F,Less than $40K,<Rs33L,Low Income,1438.3,947,20,47.35,Low
39,36 - 45,F,$40K - $60K,Rs33L - Rs50L,Low Income,3142,3046,56,54.39285714,High
35,26 - 35,M,$60K - $80K,Rs50L - Rs66L,Mid Income,17236,3013,78,38.62820513,High
52,46 - 55,F,$40K - $60K,Rs33L - Rs50L,Low Income,1438.3,1679,39,43.05128205,Medium
33,26 - 35,M,$80K - $120K,Rs66L - Rs1Cr,Mid Income,13206,2342,51,45.92156863,High
53,46 - 55,M,$60K - $80K,Rs50L - Rs66L,Mid Income,2480,1359,36,37.75,Medium
30,26 - 35,F,Less than $40K,<Rs33L,Low Income,2898,2632,64,41.125,High
59,55+,M,Less than $40K,<Rs33L,Low Income,1570,1430,28,51.07142857,Medium
65,55+,F,Less than $40K,<Rs33L,Low Income,4460,1877,41,45.7804878,Medium
33,26 - 35,F,Less than $40K,<Rs33L,Low Income,1544,1731,40,43.275,Medium
52,46 - 55,F,Unknown,Unknown,Unknown,3456,1332,24,55.5,Medium
26,26 - 35,F,Unknown,Unknown,Unknown,2751,2270,44,51.59090909,High
52,46 - 55,M,$60K - $80K,Rs50L - Rs66L,Mid Income,4153,1771,41,43.19512195,Medium
37,36 - 45,F,Less than $40K,<Rs33L,Low Income,3685,3016,85,35.48235294,High
56,55+,M,$120K +,Rs1Cr +,High Income,8902,969,29,33.4137931,Low
35,26 - 35,M,$120K +,Rs1Cr +,High Income,2944,2070,44,47.04545455,High
58,55+,F,Less than $40K,<Rs33L,Low Income,2232,1395,39,35.76923077,Medium
34,26 - 35,F,$40K - $60K,Rs33L - Rs50L,Low Income,1569,2169,48,45.1875,High
37,36 - 45,M,$80K - $120K,Rs66L - Rs1Cr,Mid Income,23622,2574,65,39.6,High
53,46 - 55,M,$40K - $60K,Rs33L - Rs50L,Low Income,3326,1627,54,30.12962963,Medium
38,36 - 45,M,$40K - $60K,Rs33L - Rs50L,Low Income,6116,1592,32,49.75,Medium
38,36 - 45,M,$80K - $120K,Rs66L - Rs1Cr,Mid Income,11352,1601,34,47.08823529,Medium
28,26 - 35,F,Less than $40K,<Rs33L,Low Income,14910,2560,72,35.55555556,High
39,36 - 45,F,Unknown,Unknown,Unknown,17531,4563,61,74.80327869,High
43,36 - 45,F,Less than $40K,<Rs33L,Low Income,4138,1827,49,37.28571429,Medium
36,36 - 45,M,$80K - $120K,Rs66L - Rs1Cr,Mid Income,8374,2472,65,38.03076923,High
38,36 - 45,F,Less than $40K,<Rs33L,Low Income,7049,1475,27,54.62962963,Medium
37,36 - 45,M,$40K - $60K,Rs33L - Rs50L,Low Income,3851,2349,61,38.50819672,High
37,36 - 45,M,$60K - $80K,Rs50L - Rs66L,Mid Income,15936,2477,49,50.55102041,High
29,26 - 35,F,Less than $40K,<Rs33L,Low Income,2926,2775,74,37.5,High
51,46 - 55,M,$60K - $80K,Rs50L - Rs66L,Mid Income,10305,1451,25,58.04,Medium
54,46 - 55,M,$60K - $80K,Rs50L - Rs66L,Mid Income,2987,1617,35,46.2,Medium
35,26 - 35,M,$80K - $120K,Rs66L - Rs1Cr,Mid Income,34516,2949,70,42.12857143,High
38,36 - 45,F,$40K - $60K,Rs33L - Rs50L,Low Income,6275,1585,43,36.86046512,Medium
33,26 - 35,F,Less than $40K,<Rs33L,Low Income,7185,2679,45,59.53333333,High
45,36 - 45,F,Less than $40K,<Rs33L,Low Income,3281,1779,47,37.85106383,Medium
61,55+,M,$40K - $60K,Rs33L - Rs50L,Low Income,3077,1523,30,50.76666667,Medium
33,26 - 35,F,Less than $40K,<Rs33L,Low Income,2042,2758,50,55.16,High
55,46 - 55,M,$60K - $80K,Rs50L - Rs66L,Mid Income,2001,1910,51,37.45098039,Medium
34,26 - 35,F,Less than $40K,<Rs33L,Low Income,3625,2616,46,56.86956522,High
58,55+,M,$40K - $60K,Rs33L - Rs50L,Low Income,7803,1199,25,47.96,Low
38,36 - 45,F,Less than $40K,<Rs33L,Low Income,5951,2565,53,48.39622642,High
59,55+,M,$120K +,Rs1Cr +,High Income,15796,1339,23,58.2173913,Medium
57,55+,M,$80K - $120K,Rs66L - Rs1Cr,Mid Income,7558,3676,67,54.86567164,High
55,46 - 55,M,$60K - $80K,Rs50L - Rs66L,Mid Income,5381,1910,38,50.26315789,Medium
63,55+,M,$60K - $80K,Rs50L - Rs66L,Mid Income,3556,2279,56,40.69642857,High
60,55+,M,Less than $40K,<Rs33L,Low Income,2661,1354,25,54.16,Medium
53,46 - 55,F,Less than $40K,<Rs33L,Low Income,3506,1999,48,41.64583333,Medium
35,26 - 35,M,$60K - $80K,Rs50L - Rs66L,Mid Income,2066,1895,43,44.06976744,Medium
53,46 - 55,M,$120K +,Rs1Cr +,High Income,8329,1570,56,28.03571429,Medium
58,55+,M,Less than $40K,<Rs33L,Low Income,2774,1258,33,38.12121212,Medium
33,26 - 35,F,Unknown,Unknown,Unknown,4134,2475,52,47.59615385,High
53,46 - 55,M,$80K - $120K,Rs66L - Rs1Cr,Mid Income,11329,1213,33,36.75757576,Medium
59,55+,M,$60K - $80K,Rs50L - Rs66L,Mid Income,9055,1755,45,39,Medium
37,36 - 45,M,$120K +,Rs1Cr +,High Income,17393,1692,38,44.52631579,Medium
50,46 - 55,F,Less than $40K,<Rs33L,Low Income,5908,3313,72,46.01388889,High
35,26 - 35,F,Less than $40K,<Rs33L,Low Income,5825,2820,62,45.48387097,High
28,26 - 35,M,$40K - $60K,Rs33L - Rs50L,Low Income,3665,1813,31,58.48387097,Medium
37,36 - 45,M,$80K - $120K,Rs66L - Rs1Cr,Mid Income,3797,2555,44,58.06818182,High
39,36 - 45,M,$40K - $60K,Rs33L - Rs50L,Low Income,3478,2133,54,39.5,High
31,26 - 35,M,$40K - $60K,Rs33L - Rs50L,Low Income,13734,2566,74,34.67567568,High
37,36 - 45,M,$60K - $80K,Rs50L - Rs66L,Mid Income,3034,2058,49,42,High
39,36 - 45,M,Less than $40K,<Rs33L,Low Income,2973,2593,57,45.49122807,High
38,36 - 45,M,$80K - $120K,Rs66L - Rs1Cr,Mid Income,24296,1886,48,39.29166667,Medium
35,26 - 35,M,$40K - $60K,Rs33L - Rs50L,Low Income,8969,2568,59,43.52542373,High
30,26 - 35,M,Less than $40K,<Rs33L,Low Income,2550,1870,51,36.66666667,Medium
48,46 - 55,F,Less than $40K,<Rs33L,Low Income,10357,911,25,36.44,Low
33,26 - 35,F,Less than $40K,<Rs33L,Low Income,1475,1896,33,57.45454545,Medium
47,46 - 55,M,$40K - $60K,Rs33L - Rs50L,Low Income,5154,1694,32,52.9375,Medium
37,36 - 45,F,Less than $40K,<Rs33L,Low Income,3586,2780,57,48.77192982,High
38,36 - 45,M,$60K - $80K,Rs50L - Rs66L,Mid Income,4646,2234,35,63.82857143,High
39,36 - 45,M,$40K - $60K,Rs33L - Rs50L,Low Income,1640,3124,66,47.33333333,High
34,26 - 35,M,$60K - $80K,Rs50L - Rs66L,Mid Income,2379,2966,50,59.32,High
65,55+,M,Less than $40K,<Rs33L,Low Income,3422,1973,59,33.44067797,Medium
43,36 - 45,M,$60K - $80K,Rs50L - Rs66L,Mid Income,4365,1720,40,43,Medium
38,36 - 45,M,$80K - $120K,Rs66L - Rs1Cr,Mid Income,32938,1137,26,43.73076923,Low
48,46 - 55,M,$40K - $60K,Rs33L - Rs50L,Low Income,6710,1727,37,46.67567568,Medium
38,36 - 45,M,$60K - $80K,Rs50L - Rs66L,Mid Income,2507,1999,34,58.79411765,Medium
65,55+,F,Less than $40K,<Rs33L,Low Income,6184,1712,27,63.40740741,Medium
36,36 - 45,F,Less than $40K,<Rs33L,Low Income,2029,1802,40,45.05,Medium
35,26 - 35,M,$40K - $60K,Rs33L - Rs50L,Low Income,16659,2551,74,34.47297297,High
58,55+,F,Less than $40K,<Rs33L,Low Income,2203,1788,45,39.73333333,Medium
54,46 - 55,F,Unknown,Unknown,Unknown,5122,1908,39,48.92307692,Medium
53,46 - 55,M,$80K - $120K,Rs66L - Rs1Cr,Mid Income,3074,1377,38,36.23684211,Medium
38,36 - 45,M,$60K - $80K,Rs50L - Rs66L,Mid Income,2584,1843,28,65.82142857,Medium
31,26 - 35,M,$40K - $60K,Rs33L - Rs50L,Low Income,2037,2563,64,40.046875,High
34,26 - 35,M,$120K +,Rs1Cr +,High Income,14938,1930,36,53.61111111,Medium
38,36 - 45,M,$60K - $80K,Rs50L - Rs66L,Mid Income,2014,2460,52,47.30769231,High
39,36 - 45,M,$60K - $80K,Rs50L - Rs66L,Mid Income,1818,2054,55,37.34545455,High
37,36 - 45,M,$80K - $120K,Rs66L - Rs1Cr,Mid Income,14926,2405,55,43.72727273,High
51,46 - 55,F,Less than $40K,<Rs33L,Low Income,2827,3291,55,59.83636364,High
53,46 - 55,F,Less than $40K,<Rs33L,Low Income,2773,1197,25,47.88,Low
53,46 - 55,M,$80K - $120K,Rs66L - Rs1Cr,Mid Income,16033,1158,31,37.35483871,Low
65,55+,M,Less than $40K,<Rs33L,Low Income,3213,1855,39,47.56410256,Medium
33,26 - 35,F,Less than $40K,<Rs33L,Low Income,3616,3133,72,43.51388889,High
37,36 - 45,M,$60K - $80K,Rs50L - Rs66L,Mid Income,5924,3305,80,41.3125,High
47,46 - 55,M,$40K - $60K,Rs33L - Rs50L,Low Income,14535,2970,76,39.07894737,High
59,55+,F,Less than $40K,<Rs33L,Low Income,2833,1335,23,58.04347826,Medium
59,55+,F,Less than $40K,<Rs33L,Low Income,1479,1621,32,50.65625,Medium
34,26 - 35,F,Unknown,Unknown,Unknown,1617,2546,55,46.29090909,High
26,26 - 35,M,Less than $40K,<Rs33L,Low Income,2237,2192,36,60.88888889,High
45,36 - 45,M,$120K +,Rs1Cr +,High Income,2900,4686,64,73.21875,High
54,46 - 55,F,Unknown,Unknown,Unknown,13126,1836,37,49.62162162,Medium
52,46 - 55,M,$80K - $120K,Rs66L - Rs1Cr,Mid Income,8695,2030,58,35,High
47,46 - 55,M,$40K - $60K,Rs33L - Rs50L,Low Income,6692,3902,76,51.34210526,High
57,55+,F,Less than $40K,<Rs33L,Low Income,2159,1353,30,45.1,Medium
34,26 - 35,M,$60K - $80K,Rs50L - Rs66L,Mid Income,2501,1850,34,54.41176471,Medium
36,36 - 45,M,$80K - $120K,Rs66L - Rs1Cr,Mid Income,6338,1715,39,43.97435897,Medium
36,36 - 45,F,$40K - $60K,Rs33L - Rs50L,Low Income,2190,1412,38,37.15789474,Medium
57,55+,F,$40K - $60K,Rs33L - Rs50L,Low Income,7578,1325,29,45.68965517,Medium
29,26 - 35,M,Less than $40K,<Rs33L,Low Income,2963,2523,48,52.5625,High
37,36 - 45,M,$80K - $120K,Rs66L - Rs1Cr,Mid Income,8260,2323,47,49.42553191,High
46,46 - 55,F,Less than $40K,<Rs33L,Low Income,8309,1165,35,33.28571429,Low
55,46 - 55,M,$80K - $120K,Rs66L - Rs1Cr,Mid Income,3864,1018,32,31.8125,Low
56,55+,M,$80K - $120K,Rs66L - Rs1Cr,Mid Income,10230,1484,34,43.64705882,Medium
32,26 - 35,M,$120K +,Rs1Cr +,High Income,22382,695,10,69.5,Low
39,36 - 45,M,$120K +,Rs1Cr +,High Income,25790,2443,70,34.9,High
63,55+,F,Less than $40K,<Rs33L,Low Income,2675,1959,56,34.98214286,Medium
49,46 - 55,F,Less than $40K,<Rs33L,Low Income,1652,1771,47,37.68085106,Medium
38,36 - 45,M,$60K - $80K,Rs50L - Rs66L,Mid Income,5815,1604,42,38.19047619,Medium
60,55+,M,Less than $40K,<Rs33L,Low Income,2595,1562,27,57.85185185,Medium
38,36 - 45,M,$60K - $80K,Rs50L - Rs66L,Mid Income,3421,2269,39,58.17948718,High
63,55+,M,$80K - $120K,Rs66L - Rs1Cr,Mid Income,6922,1449,28,51.75,Medium
43,36 - 45,F,Less than $40K,<Rs33L,Low Income,6979,1665,44,37.84090909,Medium
39,36 - 45,F,Less than $40K,<Rs33L,Low Income,2594,1457,43,33.88372093,Medium
35,26 - 35,F,Unknown,Unknown,Unknown,16915,2795,55,50.81818182,High
45,36 - 45,M,$80K - $120K,Rs66L - Rs1Cr,Mid Income,34516,1041,27,38.55555556,Low
35,26 - 35,F,$40K - $60K,Rs33L - Rs50L,Low Income,2523,2005,50,40.1,High
48,46 - 55,F,$40K - $60K,Rs33L - Rs50L,Low Income,6235,1225,34,36.02941176,Medium
26,26 - 35,M,$40K - $60K,Rs33L - Rs50L,Low Income,1473,2099,39,53.82051282,High
36,36 - 45,M,$120K +,Rs1Cr +,High Income,17116,2547,45,56.6,High
37,36 - 45,M,$80K - $120K,Rs66L - Rs1Cr,Mid Income,4631,2864,37,77.40540541,High
39,36 - 45,M,$60K - $80K,Rs50L - Rs66L,Mid Income,3047,1602,37,43.2972973,Medium
49,46 - 55,M,$80K - $120K,Rs66L - Rs1Cr,Mid Income,32338,3013,83,36.30120482,High
56,55+,M,$60K - $80K,Rs50L - Rs66L,Mid Income,2253,1324,38,34.84210526,Medium
45,36 - 45,M,$60K - $80K,Rs50L - Rs66L,Mid Income,16611,1960,48,40.83333333,Medium
34,26 - 35,M,Unknown,Unknown,Unknown,22886,2652,61,43.47540984,High
29,26 - 35,M,$80K - $120K,Rs66L - Rs1Cr,Mid Income,3544,2435,63,38.65079365,High
28,26 - 35,M,Less than $40K,<Rs33L,Low Income,3480,2744,75,36.58666667,High
65,55+,F,Less than $40K,<Rs33L,Low Income,3549,1215,22,55.22727273,Medium
26,26 - 35,F,Less than $40K,<Rs33L,Low Income,1438.3,2856,39,73.23076923,High
57,55+,F,Less than $40K,<Rs33L,Low Income,3136,1260,34,37.05882353,Medium
47,46 - 55,M,$120K +,Rs1Cr +,High Income,34516,1804,32,56.375,Medium
54,46 - 55,F,Less than $40K,<Rs33L,Low Income,6814,1339,30,44.63333333,Medium
48,46 - 55,M,$120K +,Rs1Cr +,High Income,34516,3093,66,46.86363636,High
36,36 - 45,F,Unknown,Unknown,Unknown,8500,1618,37,43.72972973,Medium
43,36 - 45,M,$80K - $120K,Rs66L - Rs1Cr,Mid Income,28170,1013,28,36.17857143,Low
54,46 - 55,F,Less than $40K,<Rs33L,Low Income,6610,3328,69,48.23188406,High
37,36 - 45,M,$60K - $80K,Rs50L - Rs66L,Mid Income,15755,2061,61,33.78688525,High
33,26 - 35,M,$80K - $120K,Rs66L - Rs1Cr,Mid Income,2711,1567,42,37.30952381,Medium
38,36 - 45,M,$40K - $60K,Rs33L - Rs50L,Low Income,3735,1573,35,44.94285714,Medium
36,36 - 45,M,$80K - $120K,Rs66L - Rs1Cr,Mid Income,10216,2568,69,37.2173913,High
40,36 - 45,F,Unknown,Unknown,Unknown,20420,1804,41,44,Medium
37,36 - 45,M,$120K +,Rs1Cr +,High Income,13662,725,22,32.95454545,Low
26,26 - 35,F,Unknown,Unknown,Unknown,3038,2243,38,59.02631579,High
45,36 - 45,M,$60K - $80K,Rs50L - Rs66L,Mid Income,7050,1236,36,34.33333333,Medium
26,26 - 35,M,Less than $40K,<Rs33L,Low Income,1775,2169,43,50.44186047,High
42,36 - 45,M,$40K - $60K,Rs33L - Rs50L,Low Income,8960,1488,26,57.23076923,Medium
33,26 - 35,M,$80K - $120K,Rs66L - Rs1Cr,Mid Income,2355,1765,27,65.37037037,Medium
57,55+,F,$40K - $60K,Rs33L - Rs50L,Low Income,6803,1476,30,49.2,Medium
55,46 - 55,M,$60K - $80K,Rs50L - Rs66L,Mid Income,2145,1275,31,41.12903226,Medium
40,36 - 45,M,$80K - $120K,Rs66L - Rs1Cr,Mid Income,3919,1872,51,36.70588235,Medium
32,26 - 35,M,Less than $40K,<Rs33L,Low Income,4500,2439,63,38.71428571,High
62,55+,F,Less than $40K,<Rs33L,Low Income,2941,1453,27,53.81481481,Medium
26,26 - 35,M,$60K - $80K,Rs50L - Rs66L,Mid Income,7102,2411,41,58.80487805,High
37,36 - 45,M,Less than $40K,<Rs33L,Low Income,6866,862,13,66.30769231,Low
57,55+,M,$80K - $120K,Rs66L - Rs1Cr,Mid Income,10378,1306,32,40.8125,Medium
47,46 - 55,F,Unknown,Unknown,Unknown,13473,1593,46,34.63043478,Medium
47,46 - 55,M,$80K - $120K,Rs66L - Rs1Cr,Mid Income,18178,1837,37,49.64864865,Medium
48,46 - 55,F,Unknown,Unknown,Unknown,8171,1909,52,36.71153846,Medium
49,46 - 55,F,Less than $40K,<Rs33L,Low Income,1438.3,2170,41,52.92682927,High
35,26 - 35,M,$80K - $120K,Rs66L - Rs1Cr,Mid Income,8082,1725,29,59.48275862,Medium
57,55+,M,$60K - $80K,Rs50L - Rs66L,Mid Income,24589,4291,78,55.01282051,High
62,55+,F,Unknown,Unknown,Unknown,30310,3703,91,40.69230769,High
55,46 - 55,F,Less than $40K,<Rs33L,Low Income,2967,2177,59,36.89830508,High
36,36 - 45,M,$60K - $80K,Rs50L - Rs66L,Mid Income,3092,2883,61,47.26229508,High
54,46 - 55,M,$80K - $120K,Rs66L - Rs1Cr,Mid Income,1618,1515,31,48.87096774,Medium
30,26 - 35,F,Less than $40K,<Rs33L,Low Income,2498,2048,35,58.51428571,High
46,46 - 55,M,$40K - $60K,Rs33L - Rs50L,Low Income,2564,2038,45,45.28888889,High
43,36 - 45,M,$80K - $120K,Rs66L - Rs1Cr,Mid Income,10540,1980,45,44,Medium
34,26 - 35,M,$120K +,Rs1Cr +,High Income,13384,1899,33,57.54545455,Medium
55,46 - 55,M,$80K - $120K,Rs66L - Rs1Cr,Mid Income,16208,1842,56,32.89285714,Medium
36,36 - 45,F,Less than $40K,<Rs33L,Low Income,3049,2617,48,54.52083333,High
44,36 - 45,M,$80K - $120K,Rs66L - Rs1Cr,Mid Income,19214,3407,47,72.4893617,High
39,36 - 45,M,$60K - $80K,Rs50L - Rs66L,Mid Income,3071,1765,36,49.02777778,Medium
34,26 - 35,M,$80K - $120K,Rs66L - Rs1Cr,Mid Income,13395,2650,69,38.4057971,High
40,36 - 45,M,$60K - $80K,Rs50L - Rs66L,Mid Income,17126,3891,79,49.25316456,High
42,36 - 45,M,$60K - $80K,Rs50L - Rs66L,Mid Income,8083,3942,84,46.92857143,High
36,36 - 45,M,$40K - $60K,Rs33L - Rs50L,Low Income,8995,2398,61,39.31147541,High
26,26 - 35,F,Less than $40K,<Rs33L,Low Income,2404,2692,63,42.73015873,High
42,36 - 45,M,$40K - $60K,Rs33L - Rs50L,Low Income,2807,1346,26,51.76923077,Medium
55,46 - 55,M,$40K - $60K,Rs33L - Rs50L,Low Income,3097,1390,24,57.91666667,Medium
45,36 - 45,M,$80K - $120K,Rs66L - Rs1Cr,Mid Income,10651,2073,54,38.38888889,High
61,55+,M,$60K - $80K,Rs50L - Rs66L,Mid Income,2175,3994,64,62.40625,High
41,36 - 45,M,$120K +,Rs1Cr +,High Income,28020,1723,36,47.86111111,Medium
35,26 - 35,F,Less than $40K,<Rs33L,Low Income,2640,3116,80,38.95,High
34,26 - 35,M,$120K +,Rs1Cr +,High Income,31313,2555,62,41.20967742,High
37,36 - 45,M,$80K - $120K,Rs66L - Rs1Cr,Mid Income,7304,2717,63,43.12698413,High
46,46 - 55,M,$60K - $80K,Rs50L - Rs66L,Mid Income,3254,967,24,40.29166667,Low
26,26 - 35,M,$40K - $60K,Rs33L - Rs50L,Low Income,1438.3,2660,89,29.88764045,High
54,46 - 55,F,Less than $40K,<Rs33L,Low Income,3161,2412,62,38.90322581,High
47,46 - 55,F,Less than $40K,<Rs33L,Low Income,7246,777,13,59.76923077,Low
56,55+,F,Less than $40K,<Rs33L,Low Income,3088,2292,54,42.44444444,High
42,36 - 45,F,Less than $40K,<Rs33L,Low Income,13719,3774,63,59.9047619,High
30,26 - 35,M,$40K - $60K,Rs33L - Rs50L,Low Income,4726,1723,31,55.58064516,Medium
32,26 - 35,M,Less than $40K,<Rs33L,Low Income,6100,1668,32,52.125,Medium
40,36 - 45,M,$80K - $120K,Rs66L - Rs1Cr,Mid Income,19279,1777,56,31.73214286,Medium
33,26 - 35,F,Less than $40K,<Rs33L,Low Income,3792,1888,39,48.41025641,Medium
64,55+,M,Less than $40K,<Rs33L,Low Income,2084,1597,37,43.16216216,Medium
33,26 - 35,M,$80K - $120K,Rs66L - Rs1Cr,Mid Income,34516,2804,70,40.05714286,High
52,46 - 55,M,$80K - $120K,Rs66L - Rs1Cr,Mid Income,6849,1651,43,38.39534884,Medium
59,55+,F,Less than $40K,<Rs33L,Low Income,2417,2367,50,47.34,High
41,36 - 45,F,Unknown,Unknown,Unknown,5802,3386,53,63.88679245,High
38,36 - 45,M,$40K - $60K,Rs33L - Rs50L,Low Income,2919,2399,57,42.0877193,High
29,26 - 35,M,Less than $40K,<Rs33L,Low Income,2462,2320,57,40.70175439,High
43,36 - 45,F,Unknown,Unknown,Unknown,1947,2119,52,40.75,High
40,36 - 45,M,$80K - $120K,Rs66L - Rs1Cr,Mid Income,18563,2395,45,53.22222222,High
37,36 - 45,F,Less than $40K,<Rs33L,Low Income,3992,2181,32,68.15625,High
32,26 - 35,M,Less than $40K,<Rs33L,Low Income,3568,1913,35,54.65714286,Medium
36,36 - 45,M,$60K - $80K,Rs50L - Rs66L,Mid Income,7776,3063,87,35.20689655,High
58,55+,M,$40K - $60K,Rs33L - Rs50L,Low Income,1438.3,1088,22,49.45454545,Low
53,46 - 55,M,$80K - $120K,Rs66L - Rs1Cr,Mid Income,9355,1138,38,29.94736842,Low
37,36 - 45,F,Unknown,Unknown,Unknown,19636,2595,58,44.74137931,High
47,46 - 55,M,$40K - $60K,Rs33L - Rs50L,Low Income,7327,1788,46,38.86956522,Medium
36,36 - 45,M,$120K +,Rs1Cr +,High Income,7049,2602,51,51.01960784,High
26,26 - 35,F,$40K - $60K,Rs33L - Rs50L,Low Income,2033,2236,55,40.65454545,High
38,36 - 45,F,$40K - $60K,Rs33L - Rs50L,Low Income,5153,3095,63,49.12698413,High
32,26 - 35,F,$40K - $60K,Rs33L - Rs50L,Low Income,2062,2397,41,58.46341463,High
37,36 - 45,F,Less than $40K,<Rs33L,Low Income,2005,2439,61,39.98360656,High
26,26 - 35,M,Less than $40K,<Rs33L,Low Income,2479,2225,44,50.56818182,High
55,46 - 55,F,$40K - $60K,Rs33L - Rs50L,Low Income,4589,1569,33,47.54545455,Medium
35,26 - 35,M,$80K - $120K,Rs66L - Rs1Cr,Mid Income,2263,1927,47,41,Medium
58,55+,M,$60K - $80K,Rs50L - Rs66L,Mid Income,8184,2140,49,43.67346939,High
32,26 - 35,M,Unknown,Unknown,Unknown,9238,2522,68,37.08823529,High
47,46 - 55,M,$80K - $120K,Rs66L - Rs1Cr,Mid Income,30210,3503,65,53.89230769,High
32,26 - 35,M,Less than $40K,<Rs33L,Low Income,6942,2657,71,37.42253521,High
56,55+,M,$60K - $80K,Rs50L - Rs66L,Mid Income,14551,1373,35,39.22857143,Medium
34,26 - 35,F,Less than $40K,<Rs33L,Low Income,1438.3,2557,67,38.1641791,High
65,55+,M,Unknown,Unknown,Unknown,11332,2758,56,49.25,High
55,46 - 55,M,$120K +,Rs1Cr +,High Income,30967,1473,35,42.08571429,Medium
43,36 - 45,M,$80K - $120K,Rs66L - Rs1Cr,Mid Income,7866,2843,53,53.64150943,High
31,26 - 35,M,Less than $40K,<Rs33L,Low Income,2718,2570,49,52.44897959,High
54,46 - 55,F,Less than $40K,<Rs33L,Low Income,3084,1446,22,65.72727273,Medium
52,46 - 55,M,$80K - $120K,Rs66L - Rs1Cr,Mid Income,17302,1181,30,39.36666667,Low
48,46 - 55,M,$40K - $60K,Rs33L - Rs50L,Low Income,12159,1426,34,41.94117647,Medium
54,46 - 55,F,Less than $40K,<Rs33L,Low Income,2797,1566,36,43.5,Medium
33,26 - 35,M,$60K - $80K,Rs50L - Rs66L,Mid Income,2618,3319,86,38.59302326,High
26,26 - 35,F,Less than $40K,<Rs33L,Low Income,1442,1134,26,43.61538462,Low
30,26 - 35,F,Less than $40K,<Rs33L,Low Income,2063,1859,43,43.23255814,Medium
49,46 - 55,F,Less than $40K,<Rs33L,Low Income,8154,2223,72,30.875,High
36,36 - 45,F,$40K - $60K,Rs33L - Rs50L,Low Income,9735,2967,80,37.0875,High
56,55+,M,$80K - $120K,Rs66L - Rs1Cr,Mid Income,4310,1645,33,49.84848485,Medium
53,46 - 55,M,$80K - $120K,Rs66L - Rs1Cr,Mid Income,11450,2197,45,48.82222222,High
39,36 - 45,M,$120K +,Rs1Cr +,High Income,8906,809,15,53.93333333,Low
34,26 - 35,M,$60K - $80K,Rs50L - Rs66L,Mid Income,4245,1534,34,45.11764706,Medium
53,46 - 55,M,$80K - $120K,Rs66L - Rs1Cr,Mid Income,21953,1413,37,38.18918919,Medium
32,26 - 35,M,$40K - $60K,Rs33L - Rs50L,Low Income,1614,2659,63,42.20634921,High
39,36 - 45,M,$80K - $120K,Rs66L - Rs1Cr,Mid Income,5140,1842,36,51.16666667,Medium
57,55+,M,$120K +,Rs1Cr +,High Income,31762,1515,36,42.08333333,Medium
48,46 - 55,F,Unknown,Unknown,Unknown,11692,2997,56,53.51785714,High
37,36 - 45,M,$60K - $80K,Rs50L - Rs66L,Mid Income,16043,2599,47,55.29787234,High
36,36 - 45,M,$80K - $120K,Rs66L - Rs1Cr,Mid Income,15488,2916,50,58.32,High
39,36 - 45,M,$40K - $60K,Rs33L - Rs50L,Low Income,2503,4157,58,71.67241379,High
31,26 - 35,M,Less than $40K,<Rs33L,Low Income,3312,2670,50,53.4,High
31,26 - 35,M,$40K - $60K,Rs33L - Rs50L,Low Income,6269,2221,57,38.96491228,High
36,36 - 45,M,$60K - $80K,Rs50L - Rs66L,Mid Income,20337,2460,74,33.24324324,High
47,46 - 55,F,Less than $40K,<Rs33L,Low Income,2224,1698,41,41.41463415,Medium
37,36 - 45,M,$60K - $80K,Rs50L - Rs66L,Mid Income,3100,694,12,57.83333333,Low
38,36 - 45,M,$60K - $80K,Rs50L - Rs66L,Mid Income,26437,2167,57,38.01754386,High
39,36 - 45,M,$80K - $120K,Rs66L - Rs1Cr,Mid Income,9959,2760,44,62.72727273,High
39,36 - 45,M,$80K - $120K,Rs66L - Rs1Cr,Mid Income,25008,1753,43,40.76744186,Medium
37,36 - 45,M,$40K - $60K,Rs33L - Rs50L,Low Income,2031,1678,36,46.61111111,Medium
58,55+,M,$80K - $120K,Rs66L - Rs1Cr,Mid Income,1654,1887,60,31.45,Medium
58,55+,F,Less than $40K,<Rs33L,Low Income,4608,1535,31,49.51612903,Medium
37,36 - 45,M,$40K - $60K,Rs33L - Rs50L,Low Income,3908,1903,30,63.43333333,Medium
54,46 - 55,M,$80K - $120K,Rs66L - Rs1Cr,Mid Income,2798,2631,55,47.83636364,High
45,36 - 45,F,Less than $40K,<Rs33L,Low Income,2551,3753,63,59.57142857,High
36,36 - 45,F,Unknown,Unknown,Unknown,8621,1989,37,53.75675676,Medium
53,46 - 55,M,$40K - $60K,Rs33L - Rs50L,Low Income,7451,2165,49,44.18367347,High
34,26 - 35,F,Less than $40K,<Rs33L,Low Income,2617,2003,47,42.61702128,High
35,26 - 35,M,$80K - $120K,Rs66L - Rs1Cr,Mid Income,12634,717,18,39.83333333,Low
32,26 - 35,M,$40K - $60K,Rs33L - Rs50L,Low Income,6407,1921,43,44.6744186,Medium
38,36 - 45,M,Less than $40K,<Rs33L,Low Income,1438.3,2412,58,41.5862069,High
37,36 - 45,M,$80K - $120K,Rs66L - Rs1Cr,Mid Income,2672,2487,52,47.82692308,High
37,36 - 45,F,Unknown,Unknown,Unknown,11948,2792,51,54.74509804,High
47,46 - 55,F,Less than $40K,<Rs33L,Low Income,2677,2170,63,34.44444444,High
52,46 - 55,F,Unknown,Unknown,Unknown,24703,4776,63,75.80952381,High
54,46 - 55,M,$60K - $80K,Rs50L - Rs66L,Mid Income,2240,1518,36,42.16666667,Medium
53,46 - 55,M,$80K - $120K,Rs66L - Rs1Cr,Mid Income,6052,1476,37,39.89189189,Medium
33,26 - 35,F,Less than $40K,<Rs33L,Low Income,2562,2256,70,32.22857143,High
49,46 - 55,M,$60K - $80K,Rs50L - Rs66L,Mid Income,15377,1848,49,37.71428571,Medium
37,36 - 45,M,$120K +,Rs1Cr +,High Income,8654,850,18,47.22222222,Low
31,26 - 35,M,$40K - $60K,Rs33L - Rs50L,Low Income,1438.3,2308,49,47.10204082,High
43,36 - 45,M,$120K +,Rs1Cr +,High Income,1438.3,1867,45,41.48888889,Medium
39,36 - 45,M,$80K - $120K,Rs66L - Rs1Cr,Mid Income,16040,1923,49,39.24489796,Medium
38,36 - 45,M,$40K - $60K,Rs33L - Rs50L,Low Income,2801,1600,45,35.55555556,Medium
62,55+,F,Less than $40K,<Rs33L,Low Income,2658,1809,41,44.12195122,Medium
58,55+,F,$40K - $60K,Rs33L - Rs50L,Low Income,12423,1208,38,31.78947368,Medium
39,36 - 45,F,Unknown,Unknown,Unknown,9347,2201,46,47.84782609,High
30,26 - 35,M,$40K - $60K,Rs33L - Rs50L,Low Income,3143,2510,57,44.03508772,High
46,46 - 55,M,$80K - $120K,Rs66L - Rs1Cr,Mid Income,5106,3784,74,51.13513514,High
39,36 - 45,M,$60K - $80K,Rs50L - Rs66L,Mid Income,9871,1683,34,49.5,Medium
53,46 - 55,F,$40K - $60K,Rs33L - Rs50L,Low Income,1525,1911,47,40.65957447,Medium
34,26 - 35,M,$120K +,Rs1Cr +,High Income,19630,2286,39,58.61538462,High
54,46 - 55,F,Less than $40K,<Rs33L,Low Income,12547,3360,56,60,High
54,46 - 55,M,$80K - $120K,Rs66L - Rs1Cr,Mid Income,17686,2047,46,44.5,High
39,36 - 45,M,$60K - $80K,Rs50L - Rs66L,Mid Income,3257,1534,35,43.82857143,Medium
36,36 - 45,F,Less than $40K,<Rs33L,Low Income,4824,1516,32,47.375,Medium
38,36 - 45,M,$40K - $60K,Rs33L - Rs50L,Low Income,8603,1758,40,43.95,Medium
45,36 - 45,M,$60K - $80K,Rs50L - Rs66L,Mid Income,11498,4014,70,57.34285714,High
28,26 - 35,F,Less than $40K,<Rs33L,Low Income,3818,2947,87,33.87356322,High
37,36 - 45,F,Unknown,Unknown,Unknown,16594,2134,47,45.40425532,High
57,55+,M,$40K - $60K,Rs33L - Rs50L,Low Income,5387,1546,36,42.94444444,Medium
48,46 - 55,F,Less than $40K,<Rs33L,Low Income,2930,1545,21,73.57142857,Medium
33,26 - 35,M,$40K - $60K,Rs33L - Rs50L,Low Income,10023,2878,65,44.27692308,High
38,36 - 45,M,$60K - $80K,Rs50L - Rs66L,Mid Income,9303,2261,37,61.10810811,High
36,36 - 45,M,$60K - $80K,Rs50L - Rs66L,Mid Income,2956,1896,31,61.16129032,Medium
37,36 - 45,M,$60K - $80K,Rs50L - Rs66L,Mid Income,2218,1941,58,33.46551724,Medium
36,36 - 45,M,$80K - $120K,Rs66L - Rs1Cr,Mid Income,9959,2021,41,49.29268293,High
54,46 - 55,F,$40K - $60K,Rs33L - Rs50L,Low Income,5335,1435,29,49.48275862,Medium
52,46 - 55,M,$60K - $80K,Rs50L - Rs66L,Mid Income,7187,1159,26,44.57692308,Low
53,46 - 55,F,Less than $40K,<Rs33L,Low Income,2590,1188,40,29.7,Low
27,26 - 35,F,Less than $40K,<Rs33L,Low Income,4255,2236,57,39.22807018,High
32,26 - 35,F,Less than $40K,<Rs33L,Low Income,2778,1680,33,50.90909091,Medium
57,55+,M,$120K +,Rs1Cr +,High Income,10711,1180,29,40.68965517,Low
58,55+,M,$120K +,Rs1Cr +,High Income,16163,2171,48,45.22916667,High
54,46 - 55,F,Less than $40K,<Rs33L,Low Income,2513,1454,30,48.46666667,Medium
45,36 - 45,M,$60K - $80K,Rs50L - Rs66L,Mid Income,3291,1984,38,52.21052632,Medium
36,36 - 45,F,Less than $40K,<Rs33L,Low Income,8917,3327,80,41.5875,High
39,36 - 45,F,$40K - $60K,Rs33L - Rs50L,Low Income,4955,1824,38,48,Medium
39,36 - 45,F,$40K - $60K,Rs33L - Rs50L,Low Income,2909,1532,26,58.92307692,Medium
34,26 - 35,M,$80K - $120K,Rs66L - Rs1Cr,Mid Income,34516,2901,75,38.68,High
54,46 - 55,F,$40K - $60K,Rs33L - Rs50L,Low Income,1438.3,1707,41,41.63414634,Medium
54,46 - 55,M,$80K - $120K,Rs66L - Rs1Cr,Mid Income,14015,1903,49,38.83673469,Medium
36,36 - 45,M,$60K - $80K,Rs50L - Rs66L,Mid Income,2540,2384,61,39.08196721,High
37,36 - 45,M,$120K +,Rs1Cr +,High Income,3497,2337,61,38.31147541,High
27,26 - 35,M,$40K - $60K,Rs33L - Rs50L,Low Income,3682,1826,35,52.17142857,Medium
55,46 - 55,F,Less than $40K,<Rs33L,Low Income,4430,3395,70,48.5,High
26,26 - 35,M,Unknown,Unknown,Unknown,3877,2473,33,74.93939394,High
56,55+,M,$60K - $80K,Rs50L - Rs66L,Mid Income,15124,1850,44,42.04545455,Medium
58,55+,F,Less than $40K,<Rs33L,Low Income,7712,1574,34,46.29411765,Medium
42,36 - 45,F,Unknown,Unknown,Unknown,19373,1792,48,37.33333333,Medium
30,26 - 35,M,Unknown,Unknown,Unknown,21590,2567,70,36.67142857,High
38,36 - 45,M,$60K - $80K,Rs50L - Rs66L,Mid Income,3657,2758,55,50.14545455,High
47,46 - 55,F,Unknown,Unknown,Unknown,32444,3725,60,62.08333333,High
33,26 - 35,F,$40K - $60K,Rs33L - Rs50L,Low Income,5830,2263,60,37.71666667,High
54,46 - 55,F,Less than $40K,<Rs33L,Low Income,1438.3,1154,22,52.45454545,Low
65,55+,F,Unknown,Unknown,Unknown,6463,2336,49,47.67346939,High
33,26 - 35,M,$60K - $80K,Rs50L - Rs66L,Mid Income,2400,2677,70,38.24285714,High
44,36 - 45,F,Less than $40K,<Rs33L,Low Income,2311,1701,33,51.54545455,Medium
57,55+,F,$40K - $60K,Rs33L - Rs50L,Low Income,3585,1344,37,36.32432432,Medium
34,26 - 35,M,$80K - $120K,Rs66L - Rs1Cr,Mid Income,9131,1893,36,52.58333333,Medium
63,55+,F,$40K - $60K,Rs33L - Rs50L,Low Income,1438.3,3630,71,51.12676056,High
37,36 - 45,F,Less than $40K,<Rs33L,Low Income,1438.3,2075,66,31.43939394,High
39,36 - 45,M,$60K - $80K,Rs50L - Rs66L,Mid Income,5471,1992,46,43.30434783,Medium
39,36 - 45,M,$80K - $120K,Rs66L - Rs1Cr,Mid Income,8823,1961,32,61.28125,Medium
55,46 - 55,M,$60K - $80K,Rs50L - Rs66L,Mid Income,2173,1485,26,57.11538462,Medium
37,36 - 45,M,$120K +,Rs1Cr +,High Income,5616,1564,31,50.4516129,Medium
57,55+,M,$80K - $120K,Rs66L - Rs1Cr,Mid Income,8571,1397,28,49.89285714,Medium
45,36 - 45,F,Less than $40K,<Rs33L,Low Income,2803,3347,71,47.14084507,High
53,46 - 55,M,$80K - $120K,Rs66L - Rs1Cr,Mid Income,3924,1417,30,47.23333333,Medium
37,36 - 45,M,$60K - $80K,Rs50L - Rs66L,Mid Income,5663,2553,61,41.85245902,High
60,55+,F,Less than $40K,<Rs33L,Low Income,3955,1560,43,36.27906977,Medium
29,26 - 35,F,Less than $40K,<Rs33L,Low Income,7997,2208,56,39.42857143,High
56,55+,F,Less than $40K,<Rs33L,Low Income,3652,1561,39,40.02564103,Medium
37,36 - 45,M,$80K - $120K,Rs66L - Rs1Cr,Mid Income,12702,1992,40,49.8,Medium
43,36 - 45,M,$60K - $80K,Rs50L - Rs66L,Mid Income,7189,1935,52,37.21153846,Medium
58,55+,M,$80K - $120K,Rs66L - Rs1Cr,Mid Income,12421,1913,49,39.04081633,Medium
29,26 - 35,F,Less than $40K,<Rs33L,Low Income,2585,3519,73,48.20547945,High
38,36 - 45,M,$120K +,Rs1Cr +,High Income,2818,2916,45,64.8,High
65,55+,M,Less than $40K,<Rs33L,Low Income,2351,1593,35,45.51428571,Medium
62,55+,F,Less than $40K,<Rs33L,Low Income,3143,1323,25,52.92,Medium
53,46 - 55,M,$80K - $120K,Rs66L - Rs1Cr,Mid Income,6514,3084,63,48.95238095,High
26,26 - 35,F,$40K - $60K,Rs33L - Rs50L,Low Income,3119,2740,62,44.19354839,High
46,46 - 55,F,Less than $40K,<Rs33L,Low Income,13092,936,25,37.44,Low
51,46 - 55,F,$40K - $60K,Rs33L - Rs50L,Low Income,1438.3,2207,68,32.45588235,High
39,36 - 45,M,Less than $40K,<Rs33L,Low Income,3702,2585,64,40.390625,High
51,46 - 55,F,Unknown,Unknown,Unknown,9095,1347,27,49.88888889,Medium
59,55+,M,$40K - $60K,Rs33L - Rs50L,Low Income,2701,1469,36,40.80555556,Medium
56,55+,M,$40K - $60K,Rs33L - Rs50L,Low Income,1813,1468,32,45.875,Medium
56,55+,F,Unknown,Unknown,Unknown,5335,1454,43,33.81395349,Medium
31,26 - 35,M,$40K - $60K,Rs33L - Rs50L,Low Income,2469,1615,36,44.86111111,Medium
37,36 - 45,M,$40K - $60K,Rs33L - Rs50L,Low Income,3091,2572,65,39.56923077,High
36,36 - 45,M,$40K - $60K,Rs33L - Rs50L,Low Income,2683,2373,73,32.50684932,High
26,26 - 35,F,Unknown,Unknown,Unknown,5464,2473,46,53.76086957,High
61,55+,F,Less than $40K,<Rs33L,Low Income,2942,1479,28,52.82142857,Medium
26,26 - 35,M,Less than $40K,<Rs33L,Low Income,2735,2441,58,42.0862069,High
35,26 - 35,M,$80K - $120K,Rs66L - Rs1Cr,Mid Income,15279,2079,57,36.47368421,High
53,46 - 55,M,$120K +,Rs1Cr +,High Income,14938,2248,51,44.07843137,High
59,55+,M,Less than $40K,<Rs33L,Low Income,4328,1580,54,29.25925926,Medium
37,36 - 45,M,$80K - $120K,Rs66L - Rs1Cr,Mid Income,34516,1768,52,34,Medium
38,36 - 45,M,$60K - $80K,Rs50L - Rs66L,Mid Income,5824,1801,44,40.93181818,Medium
56,55+,F,Unknown,Unknown,Unknown,11281,1255,30,41.83333333,Medium
37,36 - 45,M,$60K - $80K,Rs50L - Rs66L,Mid Income,7959,1855,29,63.96551724,Medium
33,26 - 35,M,$120K +,Rs1Cr +,High Income,4459,2502,48,52.125,High
38,36 - 45,M,$80K - $120K,Rs66L - Rs1Cr,Mid Income,17162,2457,54,45.5,High
56,55+,M,$120K +,Rs1Cr +,High Income,16254,2502,55,45.49090909,High
59,55+,M,$80K - $120K,Rs66L - Rs1Cr,Mid Income,3278,1374,32,42.9375,Medium
30,26 - 35,M,Less than $40K,<Rs33L,Low Income,7173,1793,33,54.33333333,Medium
56,55+,M,$40K - $60K,Rs33L - Rs50L,Low Income,3295,1191,34,35.02941176,Low
33,26 - 35,M,$120K +,Rs1Cr +,High Income,25033,2529,71,35.61971831,High
31,26 - 35,M,$60K - $80K,Rs50L - Rs66L,Mid Income,4232,2565,69,37.17391304,High
26,26 - 35,M,$40K - $60K,Rs33L - Rs50L,Low Income,2703,2111,29,72.79310345,High
29,26 - 35,M,Less than $40K,<Rs33L,Low Income,2710,1718,37,46.43243243,Medium
53,46 - 55,F,Less than $40K,<Rs33L,Low Income,2322,1573,27,58.25925926,Medium
35,26 - 35,F,Less than $40K,<Rs33L,Low Income,5931,2730,71,38.45070423,High
35,26 - 35,M,$120K +,Rs1Cr +,High Income,3300,1745,27,64.62962963,Medium
56,55+,F,Less than $40K,<Rs33L,Low Income,1438.3,1354,24,56.41666667,Medium
35,26 - 35,F,Unknown,Unknown,Unknown,34516,2562,62,41.32258065,High
35,26 - 35,M,$40K - $60K,Rs33L - Rs50L,Low Income,8682,1792,36,49.77777778,Medium
32,26 - 35,M,$60K - $80K,Rs50L - Rs66L,Mid Income,12616,1376,29,47.44827586,Medium
49,46 - 55,M,Less than $40K,<Rs33L,Low Income,9652,3762,73,51.53424658,High
36,36 - 45,M,$120K +,Rs1Cr +,High Income,1651,2516,54,46.59259259,High
37,36 - 45,M,$60K - $80K,Rs50L - Rs66L,Mid Income,2576,2568,34,75.52941176,High
58,55+,M,$60K - $80K,Rs50L - Rs66L,Mid Income,2212,1387,34,40.79411765,Medium
35,26 - 35,F,Less than $40K,<Rs33L,Low Income,2157,2111,59,35.77966102,High
39,36 - 45,F,$40K - $60K,Rs33L - Rs50L,Low Income,2575,1487,33,45.06060606,Medium
65,55+,F,Less than $40K,<Rs33L,Low Income,8705,2688,88,30.54545455,High
65,55+,M,Less than $40K,<Rs33L,Low Income,3838,1467,29,50.5862069,Medium
51,46 - 55,M,$120K +,Rs1Cr +,High Income,10306,1456,44,33.09090909,Medium
56,55+,F,$40K - $60K,Rs33L - Rs50L,Low Income,5366,1748,38,46,Medium
58,55+,M,$80K - $120K,Rs66L - Rs1Cr,Mid Income,2994,1540,32,48.125,Medium
39,36 - 45,M,Less than $40K,<Rs33L,Low Income,4247,847,17,49.82352941,Low
51,46 - 55,F,Less than $40K,<Rs33L,Low Income,1737,1954,42,46.52380952,Medium
58,55+,M,$40K - $60K,Rs33L - Rs50L,Low Income,18431,2950,61,48.36065574,High
34,26 - 35,F,Less than $40K,<Rs33L,Low Income,2263,2154,37,58.21621622,High
39,36 - 45,M,$80K - $120K,Rs66L - Rs1Cr,Mid Income,2718,1711,36,47.52777778,Medium
54,46 - 55,F,Unknown,Unknown,Unknown,5839,1640,44,37.27272727,Medium
26,26 - 35,F,Unknown,Unknown,Unknown,5137,2496,49,50.93877551,High
53,46 - 55,M,$80K - $120K,Rs66L - Rs1Cr,Mid Income,11909,1938,53,36.56603774,Medium
32,26 - 35,M,$80K - $120K,Rs66L - Rs1Cr,Mid Income,21390,2477,59,41.98305085,High
49,46 - 55,M,$60K - $80K,Rs50L - Rs66L,Mid Income,9264,4107,79,51.98734177,High
39,36 - 45,F,Less than $40K,<Rs33L,Low Income,5484,2025,51,39.70588235,High
32,26 - 35,M,$40K - $60K,Rs33L - Rs50L,Low Income,4739,886,21,42.19047619,Low
30,26 - 35,M,Less than $40K,<Rs33L,Low Income,7970,1284,30,42.8,Medium
37,36 - 45,M,$80K - $120K,Rs66L - Rs1Cr,Mid Income,3127,2292,49,46.7755102,High
38,36 - 45,M,$40K - $60K,Rs33L - Rs50L,Low Income,7756,1858,51,36.43137255,Medium
46,46 - 55,M,$120K +,Rs1Cr +,High Income,34516,3508,58,60.48275862,High
36,36 - 45,M,$60K - $80K,Rs50L - Rs66L,Mid Income,5605,2338,41,57.02439024,High
33,26 - 35,M,$80K - $120K,Rs66L - Rs1Cr,Mid Income,2946,2017,48,42.02083333,High
58,55+,F,Less than $40K,<Rs33L,Low Income,8886,4148,79,52.50632911,High
46,46 - 55,M,$120K +,Rs1Cr +,High Income,3104,2781,74,37.58108108,High
39,36 - 45,M,$80K - $120K,Rs66L - Rs1Cr,Mid Income,19435,2062,55,37.49090909,High
54,46 - 55,F,Less than $40K,<Rs33L,Low Income,3312,1973,55,35.87272727,Medium
50,46 - 55,M,$120K +,Rs1Cr +,High Income,34516,1930,36,53.61111111,Medium
41,36 - 45,M,$60K - $80K,Rs50L - Rs66L,Mid Income,5246,3189,56,56.94642857,High
53,46 - 55,M,$60K - $80K,Rs50L - Rs66L,Mid Income,2432,3670,60,61.16666667,High
36,36 - 45,F,Less than $40K,<Rs33L,Low Income,3103,1836,48,38.25,Medium
38,36 - 45,M,$120K +,Rs1Cr +,High Income,30746,1519,43,35.3255814,Medium
55,46 - 55,F,Unknown,Unknown,Unknown,34516,1353,40,33.825,Medium
45,36 - 45,M,$120K +,Rs1Cr +,High Income,11962,1907,52,36.67307692,Medium
36,36 - 45,M,$80K - $120K,Rs66L - Rs1Cr,Mid Income,14690,2746,68,40.38235294,High
45,36 - 45,M,$40K - $60K,Rs33L - Rs50L,Low Income,6629,3891,69,56.39130435,High
38,36 - 45,M,$40K - $60K,Rs33L - Rs50L,Low Income,5535,1764,38,46.42105263,Medium
35,26 - 35,F,Less than $40K,<Rs33L,Low Income,2544,2289,49,46.71428571,High
48,46 - 55,M,Less than $40K,<Rs33L,Low Income,3305,2027,57,35.56140351,High
51,46 - 55,M,$120K +,Rs1Cr +,High Income,34516,1959,42,46.64285714,Medium
37,36 - 45,F,Unknown,Unknown,Unknown,9466,2503,70,35.75714286,High
33,26 - 35,F,Unknown,Unknown,Unknown,5297,2655,62,42.82258065,High
31,26 - 35,M,$80K - $120K,Rs66L - Rs1Cr,Mid Income,4260,2109,52,40.55769231,High
40,36 - 45,F,Less than $40K,<Rs33L,Low Income,7291,2198,56,39.25,High
43,36 - 45,M,$80K - $120K,Rs66L - Rs1Cr,Mid Income,13882,1646,42,39.19047619,Medium
63,55+,M,$40K - $60K,Rs33L - Rs50L,Low Income,6500,1497,27,55.44444444,Medium
35,26 - 35,F,Less than $40K,<Rs33L,Low Income,1626,2847,61,46.67213115,High
31,26 - 35,F,Less than $40K,<Rs33L,Low Income,6662,3264,83,39.3253012,High
36,36 - 45,M,$80K - $120K,Rs66L - Rs1Cr,Mid Income,5846,2056,41,50.14634146,High
34,26 - 35,M,$60K - $80K,Rs50L - Rs66L,Mid Income,8063,2042,49,41.67346939,High
29,26 - 35,M,$60K - $80K,Rs50L - Rs66L,Mid Income,6224,2222,39,56.97435897,High
55,46 - 55,M,$60K - $80K,Rs50L - Rs66L,Mid Income,4597,1504,38,39.57894737,Medium
46,46 - 55,M,$40K - $60K,Rs33L - Rs50L,Low Income,7869,998,25,39.92,Low
45,36 - 45,M,$60K - $80K,Rs50L - Rs66L,Mid Income,17884,2031,49,41.44897959,High
52,46 - 55,F,Less than $40K,<Rs33L,Low Income,1438.3,947,33,28.6969697,Low
40,36 - 45,F,Less than $40K,<Rs33L,Low Income,2046,3432,49,70.04081633,High
46,46 - 55,F,Less than $40K,<Rs33L,Low Income,6370,1783,40,44.575,Medium
54,46 - 55,F,Less than $40K,<Rs33L,Low Income,2737,1619,37,43.75675676,Medium
36,36 - 45,M,Less than $40K,<Rs33L,Low Income,2622,2717,79,34.39240506,High
44,36 - 45,M,$40K - $60K,Rs33L - Rs50L,Low Income,7266,1741,27,64.48148148,Medium
37,36 - 45,F,Less than $40K,<Rs33L,Low Income,2258,2511,55,45.65454545,High
35,26 - 35,M,$80K - $120K,Rs66L - Rs1Cr,Mid Income,6510,2238,49,45.67346939,High
64,55+,F,Unknown,Unknown,Unknown,2508,1607,44,36.52272727,Medium
52,46 - 55,F,Unknown,Unknown,Unknown,4006,1157,34,34.02941176,Low
37,36 - 45,F,$40K - $60K,Rs33L - Rs50L,Low Income,3252,2953,72,41.01388889,High
45,36 - 45,F,Unknown,Unknown,Unknown,16317,2944,71,41.46478873,High
28,26 - 35,M,$40K - $60K,Rs33L - Rs50L,Low Income,2109,2261,56,40.375,High
65,55+,F,Less than $40K,<Rs33L,Low Income,7023,2535,51,49.70588235,High
55,46 - 55,M,$120K +,Rs1Cr +,High Income,8302,1576,34,46.35294118,Medium
55,46 - 55,M,$80K - $120K,Rs66L - Rs1Cr,Mid Income,9959,1584,28,56.57142857,Medium
41,36 - 45,M,$40K - $60K,Rs33L - Rs50L,Low Income,3636,4254,79,53.84810127,High
57,55+,F,Less than $40K,<Rs33L,Low Income,5184,1834,55,33.34545455,Medium
37,36 - 45,M,$60K - $80K,Rs50L - Rs66L,Mid Income,14575,3444,80,43.05,High
29,26 - 35,M,Unknown,Unknown,Unknown,3107,2460,71,34.64788732,High
62,55+,F,$40K - $60K,Rs33L - Rs50L,Low Income,1438.3,1281,32,40.03125,Medium
42,36 - 45,M,$60K - $80K,Rs50L - Rs66L,Mid Income,3092,2133,41,52.02439024,High
47,46 - 55,F,Less than $40K,<Rs33L,Low Income,8322,3700,62,59.67741935,High
44,36 - 45,F,Less than $40K,<Rs33L,Low Income,10110,4063,74,54.90540541,High
34,26 - 35,F,Less than $40K,<Rs33L,Low Income,2707,1926,33,58.36363636,Medium
37,36 - 45,M,Unknown,Unknown,Unknown,4397,2473,47,52.61702128,High
33,26 - 35,F,Unknown,Unknown,Unknown,5795,2322,65,35.72307692,High
40,36 - 45,M,$80K - $120K,Rs66L - Rs1Cr,Mid Income,9760,4542,86,52.81395349,High
51,46 - 55,M,$40K - $60K,Rs33L - Rs50L,Low Income,6103,3203,64,50.046875,High
65,55+,M,$40K - $60K,Rs33L - Rs50L,Low Income,2246,1429,32,44.65625,Medium
46,46 - 55,M,$80K - $120K,Rs66L - Rs1Cr,Mid Income,4930,3343,77,43.41558442,High
27,26 - 35,M,$40K - $60K,Rs33L - Rs50L,Low Income,3178,2010,31,64.83870968,High
37,36 - 45,F,Less than $40K,<Rs33L,Low Income,3003,3148,68,46.29411765,High
34,26 - 35,F,Unknown,Unknown,Unknown,2318,2689,57,47.1754386,High
34,26 - 35,M,$40K - $60K,Rs33L - Rs50L,Low Income,2638,1868,43,43.44186047,Medium
35,26 - 35,F,Less than $40K,<Rs33L,Low Income,2004,1974,60,32.9,Medium
55,46 - 55,F,Less than $40K,<Rs33L,Low Income,2414,2000,62,32.25806452,High
60,55+,F,Less than $40K,<Rs33L,Low Income,1438.3,1267,27,46.92592593,Medium
56,55+,M,$60K - $80K,Rs50L - Rs66L,Mid Income,2043,2311,57,40.54385965,High
52,46 - 55,M,$80K - $120K,Rs66L - Rs1Cr,Mid Income,34516,3072,67,45.85074627,High
45,36 - 45,F,$40K - $60K,Rs33L - Rs50L,Low Income,3111,1998,41,48.73170732,Medium
56,55+,M,$120K +,Rs1Cr +,High Income,2585,1590,33,48.18181818,Medium
26,26 - 35,M,Less than $40K,<Rs33L,Low Income,2469,1027,20,51.35,Low
30,26 - 35,M,Less than $40K,<Rs33L,Low Income,8744,2579,68,37.92647059,High
34,26 - 35,M,$80K - $120K,Rs66L - Rs1Cr,Mid Income,4185,2179,55,39.61818182,High
39,36 - 45,M,$60K - $80K,Rs50L - Rs66L,Mid Income,4759,2903,57,50.92982456,High
36,36 - 45,M,$120K +,Rs1Cr +,High Income,24457,2739,65,42.13846154,High
32,26 - 35,M,$120K +,Rs1Cr +,High Income,14244,2729,66,41.34848485,High
48,46 - 55,M,$80K - $120K,Rs66L - Rs1Cr,Mid Income,6572,1766,46,38.39130435,Medium
50,46 - 55,F,Unknown,Unknown,Unknown,23381,4357,73,59.68493151,High
39,36 - 45,F,Less than $40K,<Rs33L,Low Income,3471,1771,34,52.08823529,Medium
61,55+,F,Less than $40K,<Rs33L,Low Income,2250,1339,28,47.82142857,Medium
65,55+,F,Unknown,Unknown,Unknown,15965,1619,40,40.475,Medium
45,36 - 45,F,Less than $40K,<Rs33L,Low Income,9433,3910,81,48.27160494,High
34,26 - 35,M,$120K +,Rs1Cr +,High Income,9180,2646,49,54,High
37,36 - 45,M,$40K - $60K,Rs33L - Rs50L,Low Income,8818,1865,31,60.16129032,Medium
44,36 - 45,F,Less than $40K,<Rs33L,Low Income,4066,3888,77,50.49350649,High
56,55+,M,$80K - $120K,Rs66L - Rs1Cr,Mid Income,9031,1602,35,45.77142857,Medium
36,36 - 45,M,$40K - $60K,Rs33L - Rs50L,Low Income,9887,2552,64,39.875,High
65,55+,F,Less than $40K,<Rs33L,Low Income,4161,1203,30,40.1,Medium
26,26 - 35,M,Less than $40K,<Rs33L,Low Income,2740,1997,44,45.38636364,Medium
26,26 - 35,F,Unknown,Unknown,Unknown,6152,968,23,42.08695652,Low
34,26 - 35,M,$60K - $80K,Rs50L - Rs66L,Mid Income,8167,2141,51,41.98039216,High
51,46 - 55,M,$120K +,Rs1Cr +,High Income,23742,3783,57,66.36842105,High
57,55+,M,$60K - $80K,Rs50L - Rs66L,Mid Income,16791,2983,74,40.31081081,High
30,26 - 35,M,$80K - $120K,Rs66L - Rs1Cr,Mid Income,26783,2495,46,54.23913043,High
35,26 - 35,M,$80K - $120K,Rs66L - Rs1Cr,Mid Income,25516,2317,38,60.97368421,High
32,26 - 35,M,$40K - $60K,Rs33L - Rs50L,Low Income,4815,2501,36,69.47222222,High
62,55+,M,Unknown,Unknown,Unknown,3198,1402,35,40.05714286,Medium
32,26 - 35,M,Less than $40K,<Rs33L,Low Income,2218,730,20,36.5,Low
53,46 - 55,M,$80K - $120K,Rs66L - Rs1Cr,Mid Income,23462,1387,33,42.03030303,Medium
55,46 - 55,M,$60K - $80K,Rs50L - Rs66L,Mid Income,2252,1291,27,47.81481481,Medium
26,26 - 35,F,Less than $40K,<Rs33L,Low Income,2557,2266,57,39.75438596,High
35,26 - 35,F,Less than $40K,<Rs33L,Low Income,2300,1485,34,43.67647059,Medium
31,26 - 35,F,Less than $40K,<Rs33L,Low Income,3540,1912,45,42.48888889,Medium
53,46 - 55,M,$60K - $80K,Rs50L - Rs66L,Mid Income,22938,3428,54,63.48148148,High
45,36 - 45,M,$40K - $60K,Rs33L - Rs50L,Low Income,13129,2564,56,45.78571429,High
39,36 - 45,M,$80K - $120K,Rs66L - Rs1Cr,Mid Income,34516,1668,36,46.33333333,Medium
61,55+,F,Less than $40K,<Rs33L,Low Income,3396,1418,36,39.38888889,Medium
31,26 - 35,F,Less than $40K,<Rs33L,Low Income,4712,2568,62,41.41935484,High
37,36 - 45,M,$60K - $80K,Rs50L - Rs66L,Mid Income,7638,2336,58,40.27586207,High
41,36 - 45,M,$60K - $80K,Rs50L - Rs66L,Mid Income,2624,4189,74,56.60810811,High
58,55+,M,$120K +,Rs1Cr +,High Income,17934,2005,48,41.77083333,High
45,36 - 45,M,$40K - $60K,Rs33L - Rs50L,Low Income,15198,3183,64,49.734375,High
57,55+,F,Less than $40K,<Rs33L,Low Income,3191,1501,35,42.88571429,Medium
35,26 - 35,M,$60K - $80K,Rs50L - Rs66L,Mid Income,6053,2208,59,37.42372881,High
39,36 - 45,M,$40K - $60K,Rs33L - Rs50L,Low Income,5510,1980,42,47.14285714,Medium
55,46 - 55,M,$120K +,Rs1Cr +,High Income,12875,1624,40,40.6,Medium
41,36 - 45,F,$40K - $60K,Rs33L - Rs50L,Low Income,2602,3151,78,40.3974359,High
55,46 - 55,F,Less than $40K,<Rs33L,Low Income,2041,2118,48,44.125,High
52,46 - 55,F,Less than $40K,<Rs33L,Low Income,2548,2055,54,38.05555556,High
57,55+,M,$120K +,Rs1Cr +,High Income,4698,1865,35,53.28571429,Medium
40,36 - 45,F,Less than $40K,<Rs33L,Low Income,2222,3302,65,50.8,High
47,46 - 55,M,$80K - $120K,Rs66L - Rs1Cr,Mid Income,8217,1848,56,33,Medium
42,36 - 45,F,Less than $40K,<Rs33L,Low Income,10091,3347,64,52.296875,High
39,36 - 45,M,$80K - $120K,Rs66L - Rs1Cr,Mid Income,19074,3762,74,50.83783784,High
39,36 - 45,M,$60K - $80K,Rs50L - Rs66L,Mid Income,34516,3899,78,49.98717949,High
36,36 - 45,M,$120K +,Rs1Cr +,High Income,12852,1606,33,48.66666667,Medium
36,36 - 45,M,$60K - $80K,Rs50L - Rs66L,Mid Income,12763,2599,46,56.5,High
29,26 - 35,M,Less than $40K,<Rs33L,Low Income,2827,1608,30,53.6,Medium
56,55+,F,Unknown,Unknown,Unknown,8242,1559,44,35.43181818,Medium
37,36 - 45,F,Less than $40K,<Rs33L,Low Income,1825,2878,54,53.2962963,High
61,55+,M,Less than $40K,<Rs33L,Low Income,1438.3,1448,31,46.70967742,Medium
36,36 - 45,M,$60K - $80K,Rs50L - Rs66L,Mid Income,5497,1981,38,52.13157895,Medium
51,46 - 55,F,$40K - $60K,Rs33L - Rs50L,Low Income,6778,3158,71,44.47887324,High
46,46 - 55,M,$60K - $80K,Rs50L - Rs66L,Mid Income,4267,1067,23,46.39130435,Low
31,26 - 35,F,Less than $40K,<Rs33L,Low Income,3273,2726,57,47.8245614,High
33,26 - 35,M,$40K - $60K,Rs33L - Rs50L,Low Income,9371,2518,67,37.58208955,High
50,46 - 55,F,Less than $40K,<Rs33L,Low Income,1438.3,2987,73,40.91780822,High
57,55+,F,Unknown,Unknown,Unknown,8389,1334,38,35.10526316,Medium
65,55+,M,Unknown,Unknown,Unknown,28410,2278,77,29.58441558,High
48,46 - 55,M,$40K - $60K,Rs33L - Rs50L,Low Income,6168,4303,80,53.7875,High
57,55+,F,Unknown,Unknown,Unknown,2111,3871,87,44.49425287,High
63,55+,F,$40K - $60K,Rs33L - Rs50L,Low Income,3141,1539,35,43.97142857,Medium
50,46 - 55,F,$40K - $60K,Rs33L - Rs50L,Low Income,8307,2293,36,63.69444444,High
39,36 - 45,M,$80K - $120K,Rs66L - Rs1Cr,Mid Income,30753,1780,33,53.93939394,Medium
39,36 - 45,M,$60K - $80K,Rs50L - Rs66L,Mid Income,2731,1813,38,47.71052632,Medium
39,36 - 45,F,Less than $40K,<Rs33L,Low Income,2890,2040,36,56.66666667,High
52,46 - 55,M,$120K +,Rs1Cr +,High Income,34516,2848,56,50.85714286,High
37,36 - 45,M,$80K - $120K,Rs66L - Rs1Cr,Mid Income,8058,2774,52,53.34615385,High
50,46 - 55,F,Unknown,Unknown,Unknown,5660,1932,35,55.2,Medium
59,55+,M,$60K - $80K,Rs50L - Rs66L,Mid Income,4230,1480,35,42.28571429,Medium
38,36 - 45,M,$40K - $60K,Rs33L - Rs50L,Low Income,9515,4642,61,76.09836066,High
65,55+,F,$40K - $60K,Rs33L - Rs50L,Low Income,10962,2724,71,38.36619718,High
57,55+,M,$120K +,Rs1Cr +,High Income,23848,1591,43,37,Medium
65,55+,M,Unknown,Unknown,Unknown,10144,1234,24,51.41666667,Medium
38,36 - 45,F,$40K - $60K,Rs33L - Rs50L,Low Income,2997,2807,60,46.78333333,High
41,36 - 45,M,$80K - $120K,Rs66L - Rs1Cr,Mid Income,2647,2262,47,48.12765957,High
55,46 - 55,F,Less than $40K,<Rs33L,Low Income,4580,1694,34,49.82352941,Medium
28,26 - 35,M,Unknown,Unknown,Unknown,2608,1822,33,55.21212121,Medium
31,26 - 35,M,$80K - $120K,Rs66L - Rs1Cr,Mid Income,34516,2329,69,33.75362319,High
39,36 - 45,F,Less than $40K,<Rs33L,Low Income,3156,2739,56,48.91071429,High
44,36 - 45,F,Unknown,Unknown,Unknown,24936,1810,38,47.63157895,Medium
55,46 - 55,M,$80K - $120K,Rs66L - Rs1Cr,Mid Income,26101,1472,48,30.66666667,Medium
57,55+,M,$80K - $120K,Rs66L - Rs1Cr,Mid Income,14270,1222,37,33.02702703,Medium
28,26 - 35,M,Unknown,Unknown,Unknown,25618,2157,49,44.02040816,High
35,26 - 35,F,Less than $40K,<Rs33L,Low Income,3230,1914,31,61.74193548,Medium
46,46 - 55,F,Less than $40K,<Rs33L,Low Income,8881,2632,54,48.74074074,High
65,55+,F,Unknown,Unknown,Unknown,11037,2429,63,38.55555556,High
50,46 - 55,F,Unknown,Unknown,Unknown,16763,3626,69,52.55072464,High
31,26 - 35,M,$40K - $60K,Rs33L - Rs50L,Low Income,2621,2718,71,38.28169014,High
49,46 - 55,M,$80K - $120K,Rs66L - Rs1Cr,Mid Income,4939,3764,64,58.8125,High
50,46 - 55,F,Less than $40K,<Rs33L,Low Income,4419,4535,75,60.46666667,High
44,36 - 45,F,Less than $40K,<Rs33L,Low Income,9235,1739,42,41.4047619,Medium
63,55+,F,Less than $40K,<Rs33L,Low Income,3055,1405,40,35.125,Medium
41,36 - 45,M,$80K - $120K,Rs66L - Rs1Cr,Mid Income,19412,1576,41,38.43902439,Medium
56,55+,M,$80K - $120K,Rs66L - Rs1Cr,Mid Income,12786,1205,19,63.42105263,Medium
55,46 - 55,M,$60K - $80K,Rs50L - Rs66L,Mid Income,4666,1281,28,45.75,Medium
48,46 - 55,F,Less than $40K,<Rs33L,Low Income,4894,3277,67,48.91044776,High
35,26 - 35,M,$120K +,Rs1Cr +,High Income,27389,2754,60,45.9,High
30,26 - 35,F,Less than $40K,<Rs33L,Low Income,2132,3265,74,44.12162162,High
37,36 - 45,M,$80K - $120K,Rs66L - Rs1Cr,Mid Income,6590,2449,67,36.55223881,High
53,46 - 55,F,Less than $40K,<Rs33L,Low Income,3176,1634,53,30.83018868,Medium
37,36 - 45,M,$60K - $80K,Rs50L - Rs66L,Mid Income,4288,2591,57,45.45614035,High
65,55+,F,Unknown,Unknown,Unknown,20130,2444,49,49.87755102,High
48,46 - 55,M,Less than $40K,<Rs33L,Low Income,5945,3598,67,53.70149254,High
37,36 - 45,M,$40K - $60K,Rs33L - Rs50L,Low Income,3350,2849,61,46.70491803,High
35,26 - 35,M,$60K - $80K,Rs50L - Rs66L,Mid Income,4008,2794,58,48.17241379,High
35,26 - 35,F,Less than $40K,<Rs33L,Low Income,5780,2960,65,45.53846154,High
49,46 - 55,F,$40K - $60K,Rs33L - Rs50L,Low Income,2497,2922,53,55.13207547,High
26,26 - 35,F,Unknown,Unknown,Unknown,10286,2564,57,44.98245614,High
58,55+,M,$60K - $80K,Rs50L - Rs66L,Mid Income,2347,1631,40,40.775,Medium
29,26 - 35,F,Unknown,Unknown,Unknown,23125,2536,69,36.75362319,High
58,55+,F,Less than $40K,<Rs33L,Low Income,3034,1617,29,55.75862069,Medium
33,26 - 35,M,$80K - $120K,Rs66L - Rs1Cr,Mid Income,7081,2249,47,47.85106383,High
36,36 - 45,M,$40K - $60K,Rs33L - Rs50L,Low Income,6824,1933,48,40.27083333,Medium
47,46 - 55,F,Less than $40K,<Rs33L,Low Income,1438.3,2250,40,56.25,High
41,36 - 45,M,Less than $40K,<Rs33L,Low Income,2683,2274,52,43.73076923,High
46,46 - 55,M,$60K - $80K,Rs50L - Rs66L,Mid Income,12280,4263,70,60.9,High
58,55+,M,$60K - $80K,Rs50L - Rs66L,Mid Income,14607,1393,38,36.65789474,Medium
53,46 - 55,F,Less than $40K,<Rs33L,Low Income,2267,3709,64,57.953125,High
54,46 - 55,F,Less than $40K,<Rs33L,Low Income,2556,1401,30,46.7,Medium
39,36 - 45,F,Unknown,Unknown,Unknown,12512,2995,60,49.91666667,High
49,46 - 55,M,$80K - $120K,Rs66L - Rs1Cr,Mid Income,11332,3806,65,58.55384615,High
35,26 - 35,F,Less than $40K,<Rs33L,Low Income,3073,1944,55,35.34545455,Medium
47,46 - 55,M,$120K +,Rs1Cr +,High Income,34516,1805,46,39.23913043,Medium
38,36 - 45,M,$60K - $80K,Rs50L - Rs66L,Mid Income,5323,1783,33,54.03030303,Medium
56,55+,M,$80K - $120K,Rs66L - Rs1Cr,Mid Income,9078,1543,34,45.38235294,Medium
56,55+,M,$120K +,Rs1Cr +,High Income,27029,1302,27,48.22222222,Medium
38,36 - 45,M,$60K - $80K,Rs50L - Rs66L,Mid Income,9859,4345,72,60.34722222,High
46,46 - 55,M,$80K - $120K,Rs66L - Rs1Cr,Mid Income,4026,1102,27,40.81481481,Low
37,36 - 45,M,$40K - $60K,Rs33L - Rs50L,Low Income,2608,2565,72,35.625,High
63,55+,F,Less than $40K,<Rs33L,Low Income,3552,1342,26,51.61538462,Medium
65,55+,F,Less than $40K,<Rs33L,Low Income,4613,2328,62,37.5483871,High
38,36 - 45,M,$80K - $120K,Rs66L - Rs1Cr,Mid Income,10386,2119,52,40.75,High
45,36 - 45,F,Unknown,Unknown,Unknown,34516,1906,39,48.87179487,Medium
26,26 - 35,M,$40K - $60K,Rs33L - Rs50L,Low Income,2657,2349,41,57.29268293,High
58,55+,F,Less than $40K,<Rs33L,Low Income,5031,1433,34,42.14705882,Medium
48,46 - 55,M,$120K +,Rs1Cr +,High Income,34516,1312,32,41,Medium
26,26 - 35,F,$40K - $60K,Rs33L - Rs50L,Low Income,1612,2148,40,53.7,High
48,46 - 55,F,Less than $40K,<Rs33L,Low Income,2423,2038,64,31.84375,High
33,26 - 35,M,$80K - $120K,Rs66L - Rs1Cr,Mid Income,7140,916,18,50.88888889,Low
62,55+,F,$40K - $60K,Rs33L - Rs50L,Low Income,3377,1407,44,31.97727273,Medium
55,46 - 55,M,$80K - $120K,Rs66L - Rs1Cr,Mid Income,34516,1187,40,29.675,Low
40,36 - 45,F,Less than $40K,<Rs33L,Low Income,2295,3292,62,53.09677419,High
46,46 - 55,M,$40K - $60K,Rs33L - Rs50L,Low Income,3150,3432,71,48.33802817,High
58,55+,M,$40K - $60K,Rs33L - Rs50L,Low Income,2165,1541,33,46.6969697,Medium
47,46 - 55,M,$60K - $80K,Rs50L - Rs66L,Mid Income,4249,1881,49,38.3877551,Medium
50,46 - 55,M,$60K - $80K,Rs50L - Rs66L,Mid Income,2966,1986,50,39.72,Medium
53,46 - 55,M,$120K +,Rs1Cr +,High Income,1612,1564,33,47.39393939,Medium
45,36 - 45,M,$60K - $80K,Rs50L - Rs66L,Mid Income,14593,3447,72,47.875,High
48,46 - 55,M,$40K - $60K,Rs33L - Rs50L,Low Income,8327,4428,82,54,High
43,36 - 45,M,$60K - $80K,Rs50L - Rs66L,Mid Income,34516,4149,86,48.24418605,High
60,55+,M,$60K - $80K,Rs50L - Rs66L,Mid Income,6479,1618,47,34.42553191,Medium
56,55+,M,$120K +,Rs1Cr +,High Income,18442,1281,36,35.58333333,Medium
43,36 - 45,F,$40K - $60K,Rs33L - Rs50L,Low Income,2800,1994,41,48.63414634,Medium
57,55+,F,Less than $40K,<Rs33L,Low Income,3032,1387,30,46.23333333,Medium
52,46 - 55,F,$40K - $60K,Rs33L - Rs50L,Low Income,2151,3446,58,59.4137931,High
56,55+,F,Unknown,Unknown,Unknown,24073,1341,37,36.24324324,Medium
43,36 - 45,M,$80K - $120K,Rs66L - Rs1Cr,Mid Income,25517,2508,44,57,High
38,36 - 45,M,$60K - $80K,Rs50L - Rs66L,Mid Income,7709,2520,61,41.31147541,High
53,46 - 55,M,$40K - $60K,Rs33L - Rs50L,Low Income,4065,1271,36,35.30555556,Medium
52,46 - 55,F,Unknown,Unknown,Unknown,13169,4370,83,52.65060241,High
58,55+,M,$80K - $120K,Rs66L - Rs1Cr,Mid Income,11811,1469,29,50.65517241,Medium
34,26 - 35,F,Less than $40K,<Rs33L,Low Income,7440,2251,63,35.73015873,High
36,36 - 45,M,$40K - $60K,Rs33L - Rs50L,Low Income,12714,2240,53,42.26415094,High
55,46 - 55,F,$40K - $60K,Rs33L - Rs50L,Low Income,3735,1749,41,42.65853659,Medium
54,46 - 55,M,$80K - $120K,Rs66L - Rs1Cr,Mid Income,25882,1736,48,36.16666667,Medium
36,36 - 45,M,$40K - $60K,Rs33L - Rs50L,Low Income,3877,1942,42,46.23809524,Medium
35,26 - 35,F,Unknown,Unknown,Unknown,3280,2534,78,32.48717949,High
53,46 - 55,M,$120K +,Rs1Cr +,High Income,11023,1656,41,40.3902439,Medium
48,46 - 55,F,Less than $40K,<Rs33L,Low Income,6182,3546,63,56.28571429,High
37,36 - 45,M,$40K - $60K,Rs33L - Rs50L,Low Income,2186,2614,67,39.01492537,High
45,36 - 45,M,$80K - $120K,Rs66L - Rs1Cr,Mid Income,17996,1589,30,52.96666667,Medium
54,46 - 55,F,Less than $40K,<Rs33L,Low Income,2306,2097,57,36.78947368,High
38,36 - 45,M,$60K - $80K,Rs50L - Rs66L,Mid Income,26556,3168,73,43.39726027,High
35,26 - 35,F,Less than $40K,<Rs33L,Low Income,5779,2102,32,65.6875,High
36,36 - 45,F,Less than $40K,<Rs33L,Low Income,5494,2661,58,45.87931034,High
33,26 - 35,M,$120K +,Rs1Cr +,High Income,7571,2273,49,46.3877551,High
28,26 - 35,M,Less than $40K,<Rs33L,Low Income,2897,2698,73,36.95890411,High
36,36 - 45,F,$40K - $60K,Rs33L - Rs50L,Low Income,3131,2315,63,36.74603175,High
34,26 - 35,F,Less than $40K,<Rs33L,Low Income,4274,2257,54,41.7962963,High
55,46 - 55,M,$60K - $80K,Rs50L - Rs66L,Mid Income,4980,2273,66,34.43939394,High
61,55+,F,Less than $40K,<Rs33L,Low Income,3156,1376,44,31.27272727,Medium
44,36 - 45,F,Less than $40K,<Rs33L,Low Income,6861,3974,63,63.07936508,High
54,46 - 55,M,$80K - $120K,Rs66L - Rs1Cr,Mid Income,15554,2836,61,46.49180328,High
39,36 - 45,M,$80K - $120K,Rs66L - Rs1Cr,Mid Income,26570,2118,33,64.18181818,High
51,46 - 55,M,$60K - $80K,Rs50L - Rs66L,Mid Income,22224,3346,69,48.49275362,High
47,46 - 55,M,$80K - $120K,Rs66L - Rs1Cr,Mid Income,10606,2694,61,44.16393443,High
37,36 - 45,F,$40K - $60K,Rs33L - Rs50L,Low Income,5865,2623,47,55.80851064,High
47,46 - 55,F,$40K - $60K,Rs33L - Rs50L,Low Income,5369,1898,50,37.96,Medium
56,55+,M,$120K +,Rs1Cr +,High Income,5188,1540,30,51.33333333,Medium
53,46 - 55,M,$80K - $120K,Rs66L - Rs1Cr,Mid Income,17742,3369,55,61.25454545,High
62,55+,M,$40K - $60K,Rs33L - Rs50L,Low Income,2591,2123,56,37.91071429,High
58,55+,F,Less than $40K,<Rs33L,Low Income,2800,1571,36,43.63888889,Medium
57,55+,M,$80K - $120K,Rs66L - Rs1Cr,Mid Income,6543,1519,31,49,Medium
54,46 - 55,F,Unknown,Unknown,Unknown,26053,2768,70,39.54285714,High
33,26 - 35,F,$40K - $60K,Rs33L - Rs50L,Low Income,6316,2401,71,33.81690141,High
54,46 - 55,F,Less than $40K,<Rs33L,Low Income,4658,1351,30,45.03333333,Medium
30,26 - 35,M,$60K - $80K,Rs50L - Rs66L,Mid Income,6476,2723,66,41.25757576,High
36,36 - 45,F,Less than $40K,<Rs33L,Low Income,8087,2429,69,35.20289855,High
60,55+,M,$60K - $80K,Rs50L - Rs66L,Mid Income,9033,1661,35,47.45714286,Medium
46,46 - 55,F,Less than $40K,<Rs33L,Low Income,3206,3253,72,45.18055556,High
55,46 - 55,M,$80K - $120K,Rs66L - Rs1Cr,Mid Income,28751,1502,34,44.17647059,Medium
55,46 - 55,M,$80K - $120K,Rs66L - Rs1Cr,Mid Income,2938,1352,30,45.06666667,Medium
31,26 - 35,M,Less than $40K,<Rs33L,Low Income,5715,2324,67,34.68656716,High
55,46 - 55,F,Less than $40K,<Rs33L,Low Income,2111,2803,61,45.95081967,High
36,36 - 45,M,$40K - $60K,Rs33L - Rs50L,Low Income,11862,2576,74,34.81081081,High
34,26 - 35,F,Less than $40K,<Rs33L,Low Income,2791,2214,56,39.53571429,High
33,26 - 35,F,Less than $40K,<Rs33L,Low Income,6551,2429,77,31.54545455,High
30,26 - 35,M,$40K - $60K,Rs33L - Rs50L,Low Income,4533,2679,69,38.82608696,High
54,46 - 55,F,$40K - $60K,Rs33L - Rs50L,Low Income,1854,1307,39,33.51282051,Medium
53,46 - 55,M,$80K - $120K,Rs66L - Rs1Cr,Mid Income,6704,1331,30,44.36666667,Medium
59,55+,M,$80K - $120K,Rs66L - Rs1Cr,Mid Income,34516,3259,65,50.13846154,High
41,36 - 45,M,$120K +,Rs1Cr +,High Income,5489,4085,65,62.84615385,High
45,36 - 45,M,$40K - $60K,Rs33L - Rs50L,Low Income,10619,4074,65,62.67692308,High
50,46 - 55,F,Less than $40K,<Rs33L,Low Income,2481,1825,51,35.78431373,Medium
57,55+,M,$60K - $80K,Rs50L - Rs66L,Mid Income,5100,1032,26,39.69230769,Low
63,55+,M,$40K - $60K,Rs33L - Rs50L,Low Income,5905,3982,65,61.26153846,High
35,26 - 35,F,Unknown,Unknown,Unknown,9293,2314,59,39.22033898,High
35,26 - 35,M,$60K - $80K,Rs50L - Rs66L,Mid Income,5240,2172,38,57.15789474,High
53,46 - 55,M,$120K +,Rs1Cr +,High Income,4182,1297,24,54.04166667,Medium
33,26 - 35,F,Less than $40K,<Rs33L,Low Income,9857,3448,103,33.47572816,High
38,36 - 45,M,$80K - $120K,Rs66L - Rs1Cr,Mid Income,20117,2906,58,50.10344828,High
31,26 - 35,M,Less than $40K,<Rs33L,Low Income,6012,2801,72,38.90277778,High
37,36 - 45,M,$60K - $80K,Rs50L - Rs66L,Mid Income,6369,2675,47,56.91489362,High
36,36 - 45,M,$80K - $120K,Rs66L - Rs1Cr,Mid Income,13005,3023,53,57.03773585,High
39,36 - 45,F,Unknown,Unknown,Unknown,1575,644,15,42.93333333,Low
58,55+,F,Less than $40K,<Rs33L,Low Income,6679,1649,29,56.86206897,Medium
39,36 - 45,F,Less than $40K,<Rs33L,Low Income,6458,2315,49,47.24489796,High
61,55+,M,$60K - $80K,Rs50L - Rs66L,Mid Income,20803,2073,43,48.20930233,High
34,26 - 35,M,$40K - $60K,Rs33L - Rs50L,Low Income,5540,1524,31,49.16129032,Medium
55,46 - 55,M,$80K - $120K,Rs66L - Rs1Cr,Mid Income,2801,1526,44,34.68181818,Medium
50,46 - 55,M,Less than $40K,<Rs33L,Low Income,2419,4099,73,56.15068493,High
33,26 - 35,M,$40K - $60K,Rs33L - Rs50L,Low Income,5156,2057,54,38.09259259,High
48,46 - 55,F,Unknown,Unknown,Unknown,14228,1970,51,38.62745098,Medium
63,55+,M,$80K - $120K,Rs66L - Rs1Cr,Mid Income,10257,1508,30,50.26666667,Medium
54,46 - 55,M,$40K - $60K,Rs33L - Rs50L,Low Income,3032,1037,14,74.07142857,Low
41,36 - 45,M,$60K - $80K,Rs50L - Rs66L,Mid Income,1438.3,1786,26,68.69230769,Medium
51,46 - 55,M,$80K - $120K,Rs66L - Rs1Cr,Mid Income,32096,2619,69,37.95652174,High
54,46 - 55,F,Unknown,Unknown,Unknown,3014,1488,30,49.6,Medium
47,46 - 55,M,$40K - $60K,Rs33L - Rs50L,Low Income,5762,3814,88,43.34090909,High
52,46 - 55,F,Less than $40K,<Rs33L,Low Income,2555,3127,45,69.48888889,High
34,26 - 35,M,$80K - $120K,Rs66L - Rs1Cr,Mid Income,34516,2421,63,38.42857143,High
64,55+,M,Less than $40K,<Rs33L,Low Income,2140,1280,34,37.64705882,Medium
62,55+,F,$40K - $60K,Rs33L - Rs50L,Low Income,4760,1459,20,72.95,Medium
38,36 - 45,M,$80K - $120K,Rs66L - Rs1Cr,Mid Income,26372,2291,56,40.91071429,High
52,46 - 55,F,Less than $40K,<Rs33L,Low Income,8203,2910,63,46.19047619,High
35,26 - 35,F,$40K - $60K,Rs33L - Rs50L,Low Income,2655,1921,26,73.88461538,Medium
35,26 - 35,M,$120K +,Rs1Cr +,High Income,13655,2383,59,40.38983051,High
54,46 - 55,M,$80K - $120K,Rs66L - Rs1Cr,Mid Income,12169,1599,38,42.07894737,Medium
35,26 - 35,F,Less than $40K,<Rs33L,Low Income,2956,2144,58,36.96551724,High
35,26 - 35,M,$60K - $80K,Rs50L - Rs66L,Mid Income,2598,2483,59,42.08474576,High
36,36 - 45,F,Unknown,Unknown,Unknown,10566,2156,64,33.6875,High
33,26 - 35,F,$40K - $60K,Rs33L - Rs50L,Low Income,8232,2849,67,42.52238806,High
53,46 - 55,M,$60K - $80K,Rs50L - Rs66L,Mid Income,26365,3411,68,50.16176471,High
37,36 - 45,F,Less than $40K,<Rs33L,Low Income,4671,2468,58,42.55172414,High
35,26 - 35,M,$120K +,Rs1Cr +,High Income,14869,2753,48,57.35416667,High
59,55+,M,$40K - $60K,Rs33L - Rs50L,Low Income,2300,1693,27,62.7037037,Medium
47,46 - 55,M,$80K - $120K,Rs66L - Rs1Cr,Mid Income,2797,3525,63,55.95238095,High
48,46 - 55,F,$40K - $60K,Rs33L - Rs50L,Low Income,2657,3580,77,46.49350649,High
58,55+,M,$80K - $120K,Rs66L - Rs1Cr,Mid Income,9149,1220,36,33.88888889,Medium
55,46 - 55,F,Less than $40K,<Rs33L,Low Income,2629,1725,41,42.07317073,Medium
37,36 - 45,M,$40K - $60K,Rs33L - Rs50L,Low Income,3176,2298,67,34.29850746,High
57,55+,M,$80K - $120K,Rs66L - Rs1Cr,Mid Income,21875,1327,31,42.80645161,Medium
60,55+,M,Unknown,Unknown,Unknown,3007,1475,31,47.58064516,Medium
50,46 - 55,M,$60K - $80K,Rs50L - Rs66L,Mid Income,17404,4491,78,57.57692308,High
56,55+,M,$60K - $80K,Rs50L - Rs66L,Mid Income,2863,1458,39,37.38461538,Medium
48,46 - 55,M,$60K - $80K,Rs50L - Rs66L,Mid Income,34516,3205,57,56.22807018,High
40,36 - 45,M,$60K - $80K,Rs50L - Rs66L,Mid Income,13919,3699,67,55.20895522,High
48,46 - 55,M,$80K - $120K,Rs66L - Rs1Cr,Mid Income,18672,1126,35,32.17142857,Low
50,46 - 55,F,Less than $40K,<Rs33L,Low Income,4204,4740,67,70.74626866,High
61,55+,F,Less than $40K,<Rs33L,Low Income,6859,1617,26,62.19230769,Medium
36,36 - 45,M,$80K - $120K,Rs66L - Rs1Cr,Mid Income,16050,3215,56,57.41071429,High
46,46 - 55,M,$120K +,Rs1Cr +,High Income,34516,2436,71,34.30985915,High
28,26 - 35,M,Unknown,Unknown,Unknown,16766,3093,77,40.16883117,High
49,46 - 55,M,$80K - $120K,Rs66L - Rs1Cr,Mid Income,20895,3210,65,49.38461538,High
44,36 - 45,F,$40K - $60K,Rs33L - Rs50L,Low Income,7881,3068,77,39.84415584,High
57,55+,M,$80K - $120K,Rs66L - Rs1Cr,Mid Income,13427,1337,27,49.51851852,Medium
37,36 - 45,M,$80K - $120K,Rs66L - Rs1Cr,Mid Income,2281,2735,58,47.15517241,High
57,55+,M,$80K - $120K,Rs66L - Rs1Cr,Mid Income,10974,1327,26,51.03846154,Medium
33,26 - 35,M,$60K - $80K,Rs50L - Rs66L,Mid Income,8925,741,10,74.1,Low
46,46 - 55,M,$60K - $80K,Rs50L - Rs66L,Mid Income,5265,3281,68,48.25,High
45,36 - 45,F,Unknown,Unknown,Unknown,17156,1142,33,34.60606061,Low
53,46 - 55,M,$80K - $120K,Rs66L - Rs1Cr,Mid Income,13457,1548,41,37.75609756,Medium
52,46 - 55,M,$60K - $80K,Rs50L - Rs66L,Mid Income,2742,3829,72,53.18055556,High
34,26 - 35,M,$60K - $80K,Rs50L - Rs66L,Mid Income,3890,1889,51,37.03921569,Medium
55,46 - 55,M,$80K - $120K,Rs66L - Rs1Cr,Mid Income,17198,4042,62,65.19354839,High
53,46 - 55,M,$120K +,Rs1Cr +,High Income,3401,1924,54,35.62962963,Medium
37,36 - 45,M,$60K - $80K,Rs50L - Rs66L,Mid Income,18951,2874,58,49.55172414,High
58,55+,F,$40K - $60K,Rs33L - Rs50L,Low Income,1454,3060,56,54.64285714,High
33,26 - 35,M,$120K +,Rs1Cr +,High Income,27499,2202,46,47.86956522,High
39,36 - 45,M,$120K +,Rs1Cr +,High Income,32964,3094,45,68.75555556,High
37,36 - 45,F,Less than $40K,<Rs33L,Low Income,7411,2761,77,35.85714286,High
32,26 - 35,M,$40K - $60K,Rs33L - Rs50L,Low Income,7200,3006,83,36.21686747,High
26,26 - 35,F,Unknown,Unknown,Unknown,12007,2678,50,53.56,High
60,55+,F,Less than $40K,<Rs33L,Low Income,3147,1558,23,67.73913043,Medium
37,36 - 45,M,$80K - $120K,Rs66L - Rs1Cr,Mid Income,5110,3028,76,39.84210526,High
43,36 - 45,F,Less than $40K,<Rs33L,Low Income,5438,5029,75,67.05333333,High
56,55+,M,$80K - $120K,Rs66L - Rs1Cr,Mid Income,17450,1426,38,37.52631579,Medium
52,46 - 55,M,$80K - $120K,Rs66L - Rs1Cr,Mid Income,18352,1454,29,50.13793103,Medium
34,26 - 35,M,$120K +,Rs1Cr +,High Income,5030,3345,69,48.47826087,High
47,46 - 55,M,$80K - $120K,Rs66L - Rs1Cr,Mid Income,34516,1823,27,67.51851852,Medium
26,26 - 35,M,Less than $40K,<Rs33L,Low Income,1585,2299,49,46.91836735,High
54,46 - 55,M,$120K +,Rs1Cr +,High Income,3251,1406,31,45.35483871,Medium
35,26 - 35,F,Less than $40K,<Rs33L,Low Income,2858,2844,73,38.95890411,High
52,46 - 55,M,$80K - $120K,Rs66L - Rs1Cr,Mid Income,34516,3284,65,50.52307692,High
41,36 - 45,M,$60K - $80K,Rs50L - Rs66L,Mid Income,16443,4252,64,66.4375,High
36,36 - 45,F,Less than $40K,<Rs33L,Low Income,3687,2448,63,38.85714286,High
53,46 - 55,F,Less than $40K,<Rs33L,Low Income,4840,1637,22,74.40909091,Medium
42,36 - 45,M,$120K +,Rs1Cr +,High Income,15108,3738,68,54.97058824,High
54,46 - 55,M,$60K - $80K,Rs50L - Rs66L,Mid Income,1909,1457,24,60.70833333,Medium
53,46 - 55,M,$80K - $120K,Rs66L - Rs1Cr,Mid Income,19063,3393,58,58.5,High
36,36 - 45,M,$80K - $120K,Rs66L - Rs1Cr,Mid Income,15982,1687,40,42.175,Medium
42,36 - 45,M,$60K - $80K,Rs50L - Rs66L,Mid Income,1438.3,1794,45,39.86666667,Medium
27,26 - 35,F,Less than $40K,<Rs33L,Low Income,2549,2605,61,42.70491803,High
58,55+,M,$60K - $80K,Rs50L - Rs66L,Mid Income,5967,1426,29,49.17241379,Medium
59,55+,M,$40K - $60K,Rs33L - Rs50L,Low Income,2182,1660,34,48.82352941,Medium
63,55+,F,Less than $40K,<Rs33L,Low Income,2689,1188,35,33.94285714,Low
57,55+,M,$80K - $120K,Rs66L - Rs1Cr,Mid Income,30622,3600,66,54.54545455,High
56,55+,F,Unknown,Unknown,Unknown,4203,1425,32,44.53125,Medium
42,36 - 45,F,Less than $40K,<Rs33L,Low Income,6453,4822,74,65.16216216,High
29,26 - 35,F,Less than $40K,<Rs33L,Low Income,3318,3011,83,36.27710843,High
44,36 - 45,M,$60K - $80K,Rs50L - Rs66L,Mid Income,22075,2337,40,58.425,High
33,26 - 35,M,$40K - $60K,Rs33L - Rs50L,Low Income,6746,2962,54,54.85185185,High
35,26 - 35,M,$80K - $120K,Rs66L - Rs1Cr,Mid Income,4408,2001,49,40.83673469,High
33,26 - 35,F,Less than $40K,<Rs33L,Low Income,4838,2641,67,39.41791045,High
46,46 - 55,M,$80K - $120K,Rs66L - Rs1Cr,Mid Income,34516,3568,57,62.59649123,High
27,26 - 35,M,$40K - $60K,Rs33L - Rs50L,Low Income,3823,2026,49,41.34693878,High
42,36 - 45,M,$120K +,Rs1Cr +,High Income,21670,4121,81,50.87654321,High
53,46 - 55,M,$60K - $80K,Rs50L - Rs66L,Mid Income,7928,1537,37,41.54054054,Medium
50,46 - 55,M,$120K +,Rs1Cr +,High Income,33996,3569,77,46.35064935,High
48,46 - 55,F,$40K - $60K,Rs33L - Rs50L,Low Income,4365,3542,57,62.14035088,High
57,55+,M,$60K - $80K,Rs50L - Rs66L,Mid Income,2248,4439,77,57.64935065,High
34,26 - 35,F,Less than $40K,<Rs33L,Low Income,1901,2450,52,47.11538462,High
55,46 - 55,M,$80K - $120K,Rs66L - Rs1Cr,Mid Income,34516,1966,31,63.41935484,Medium
58,55+,M,$120K +,Rs1Cr +,High Income,31680,1121,25,44.84,Low
55,46 - 55,F,Less than $40K,<Rs33L,Low Income,1872,2238,45,49.73333333,High
48,46 - 55,F,Less than $40K,<Rs33L,Low Income,2055,3656,63,58.03174603,High
45,36 - 45,M,$40K - $60K,Rs33L - Rs50L,Low Income,10991,3692,60,61.53333333,High
59,55+,M,Less than $40K,<Rs33L,Low Income,3939,1489,34,43.79411765,Medium
53,46 - 55,F,$40K - $60K,Rs33L - Rs50L,Low Income,2127,1363,37,36.83783784,Medium
47,46 - 55,M,$80K - $120K,Rs66L - Rs1Cr,Mid Income,34010,1739,39,44.58974359,Medium
43,36 - 45,F,Unknown,Unknown,Unknown,6971,3575,67,53.35820896,High
33,26 - 35,F,Less than $40K,<Rs33L,Low Income,1741,2629,61,43.09836066,High
49,46 - 55,F,Unknown,Unknown,Unknown,24904,5176,71,72.90140845,High
54,46 - 55,F,Less than $40K,<Rs33L,Low Income,1438.3,1603,39,41.1025641,Medium
65,55+,M,Less than $40K,<Rs33L,Low Income,2621,2148,47,45.70212766,High
49,46 - 55,F,$40K - $60K,Rs33L - Rs50L,Low Income,11115,3956,74,53.45945946,High
47,46 - 55,M,$80K - $120K,Rs66L - Rs1Cr,Mid Income,13241,3157,76,41.53947368,High
51,46 - 55,M,$80K - $120K,Rs66L - Rs1Cr,Mid Income,14438,2090,47,44.46808511,High
36,36 - 45,M,$80K - $120K,Rs66L - Rs1Cr,Mid Income,5228,2683,62,43.27419355,High
36,36 - 45,M,$60K - $80K,Rs50L - Rs66L,Mid Income,5550,2540,62,40.96774194,High
46,46 - 55,M,$40K - $60K,Rs33L - Rs50L,Low Income,1438.3,2928,48,61,High
62,55+,F,Less than $40K,<Rs33L,Low Income,2064,1475,27,54.62962963,Medium
30,26 - 35,F,Less than $40K,<Rs33L,Low Income,3450,2545,64,39.765625,High
46,46 - 55,M,$120K +,Rs1Cr +,High Income,34516,2163,56,38.625,High
41,36 - 45,M,$80K - $120K,Rs66L - Rs1Cr,Mid Income,30030,1828,38,48.10526316,Medium
50,46 - 55,M,$40K - $60K,Rs33L - Rs50L,Low Income,2151,2513,62,40.53225806,High
53,46 - 55,M,$80K - $120K,Rs66L - Rs1Cr,Mid Income,7181,1636,39,41.94871795,Medium
55,46 - 55,M,$120K +,Rs1Cr +,High Income,27745,1525,21,72.61904762,Medium
49,46 - 55,F,Less than $40K,<Rs33L,Low Income,4852,3561,73,48.78082192,High
56,55+,M,$60K - $80K,Rs50L - Rs66L,Mid Income,6735,1249,28,44.60714286,Medium
63,55+,M,$40K - $60K,Rs33L - Rs50L,Low Income,6128,1700,42,40.47619048,Medium
41,36 - 45,M,$80K - $120K,Rs66L - Rs1Cr,Mid Income,23124,1959,50,39.18,Medium
34,26 - 35,M,$40K - $60K,Rs33L - Rs50L,Low Income,3436,1972,37,53.2972973,Medium
35,26 - 35,M,$120K +,Rs1Cr +,High Income,3176,2074,48,43.20833333,High
44,36 - 45,M,$120K +,Rs1Cr +,High Income,8874,1849,56,33.01785714,Medium
38,36 - 45,F,Less than $40K,<Rs33L,Low Income,3402,1767,28,63.10714286,Medium
52,46 - 55,M,$80K - $120K,Rs66L - Rs1Cr,Mid Income,2689,1356,33,41.09090909,Medium
54,46 - 55,M,Less than $40K,<Rs33L,Low Income,1556,1615,35,46.14285714,Medium
58,55+,F,$40K - $60K,Rs33L - Rs50L,Low Income,7372,1707,56,30.48214286,Medium
26,26 - 35,M,Less than $40K,<Rs33L,Low Income,5713,3323,61,54.47540984,High
27,26 - 35,F,Less than $40K,<Rs33L,Low Income,2965,2553,59,43.27118644,High
33,26 - 35,M,$80K - $120K,Rs66L - Rs1Cr,Mid Income,9819,2198,40,54.95,High
32,26 - 35,M,$60K - $80K,Rs50L - Rs66L,Mid Income,8186,2411,67,35.98507463,High
58,55+,F,Less than $40K,<Rs33L,Low Income,3846,1815,47,38.61702128,Medium
45,36 - 45,F,Less than $40K,<Rs33L,Low Income,13131,1795,37,48.51351351,Medium
48,46 - 55,F,Less than $40K,<Rs33L,Low Income,2944,3457,61,56.67213115,High
38,36 - 45,M,$60K - $80K,Rs50L - Rs66L,Mid Income,34516,1872,52,36,Medium
54,46 - 55,M,$80K - $120K,Rs66L - Rs1Cr,Mid Income,5660,1569,39,40.23076923,Medium
40,36 - 45,F,Less than $40K,<Rs33L,Low Income,7554,4150,64,64.84375,High
35,26 - 35,F,Less than $40K,<Rs33L,Low Income,2494,2946,57,51.68421053,High
31,26 - 35,M,$80K - $120K,Rs66L - Rs1Cr,Mid Income,25215,2588,48,53.91666667,High
40,36 - 45,F,$40K - $60K,Rs33L - Rs50L,Low Income,2606,1999,50,39.98,Medium
52,46 - 55,M,$80K - $120K,Rs66L - Rs1Cr,Mid Income,8133,3310,76,43.55263158,High
57,55+,F,Less than $40K,<Rs33L,Low Income,3101,1681,32,52.53125,Medium
48,46 - 55,M,$80K - $120K,Rs66L - Rs1Cr,Mid Income,24446,3897,75,51.96,High
49,46 - 55,M,$80K - $120K,Rs66L - Rs1Cr,Mid Income,2361,4316,78,55.33333333,High
40,36 - 45,M,$40K - $60K,Rs33L - Rs50L,Low Income,2441,3903,62,62.9516129,High
45,36 - 45,M,$40K - $60K,Rs33L - Rs50L,Low Income,8532,3242,63,51.46031746,High
41,36 - 45,M,$80K - $120K,Rs66L - Rs1Cr,Mid Income,16954,3411,60,56.85,High
36,36 - 45,M,$80K - $120K,Rs66L - Rs1Cr,Mid Income,2900,2631,72,36.54166667,High
37,36 - 45,F,Less than $40K,<Rs33L,Low Income,6827,2621,49,53.48979592,High
44,36 - 45,F,$40K - $60K,Rs33L - Rs50L,Low Income,4513,3164,62,51.03225806,High
52,46 - 55,M,$120K +,Rs1Cr +,High Income,27347,4040,77,52.46753247,High
42,36 - 45,F,Less than $40K,<Rs33L,Low Income,1676,4381,77,56.8961039,High
62,55+,F,Less than $40K,<Rs33L,Low Income,2802,1757,33,53.24242424,Medium
49,46 - 55,M,$80K - $120K,Rs66L - Rs1Cr,Mid Income,23870,1885,39,48.33333333,Medium
30,26 - 35,F,Less than $40K,<Rs33L,Low Income,4868,2907,69,42.13043478,High
50,46 - 55,M,$60K - $80K,Rs50L - Rs66L,Mid Income,20437,4166,66,63.12121212,High
32,26 - 35,M,$60K - $80K,Rs50L - Rs66L,Mid Income,2239,2466,60,41.1,High
32,26 - 35,F,Less than $40K,<Rs33L,Low Income,2428,3007,84,35.79761905,High
49,46 - 55,M,$60K - $80K,Rs50L - Rs66L,Mid Income,15027,3533,59,59.88135593,High
37,36 - 45,M,$120K +,Rs1Cr +,High Income,32056,2730,68,40.14705882,High
42,36 - 45,F,Unknown,Unknown,Unknown,34516,3415,79,43.2278481,High
36,36 - 45,M,$80K - $120K,Rs66L - Rs1Cr,Mid Income,5346,2283,51,44.76470588,High
52,46 - 55,F,Less than $40K,<Rs33L,Low Income,2143,1353,36,37.58333333,Medium
48,46 - 55,M,$60K - $80K,Rs50L - Rs66L,Mid Income,34516,3927,68,57.75,High
29,26 - 35,M,$60K - $80K,Rs50L - Rs66L,Mid Income,23507,2650,65,40.76923077,High
33,26 - 35,F,$40K - $60K,Rs33L - Rs50L,Low Income,1864,2607,44,59.25,High
36,36 - 45,M,$60K - $80K,Rs50L - Rs66L,Mid Income,23032,2787,73,38.17808219,High
36,36 - 45,F,Less than $40K,<Rs33L,Low Income,4277,1855,49,37.85714286,Medium
56,55+,F,$40K - $60K,Rs33L - Rs50L,Low Income,2771,1706,27,63.18518519,Medium
28,26 - 35,M,Less than $40K,<Rs33L,Low Income,2265,2306,61,37.80327869,High
31,26 - 35,F,Less than $40K,<Rs33L,Low Income,2853,2697,68,39.66176471,High
44,36 - 45,F,Less than $40K,<Rs33L,Low Income,3075,3534,53,66.67924528,High
51,46 - 55,F,Unknown,Unknown,Unknown,15340,2965,51,58.1372549,High
55,46 - 55,M,$40K - $60K,Rs33L - Rs50L,Low Income,3065,3524,69,51.07246377,High
34,26 - 35,F,Less than $40K,<Rs33L,Low Income,1438.3,3044,91,33.45054945,High
61,55+,F,$40K - $60K,Rs33L - Rs50L,Low Income,7118,3964,66,60.06060606,High
37,36 - 45,M,$60K - $80K,Rs50L - Rs66L,Mid Income,11419,3000,70,42.85714286,High
46,46 - 55,M,$40K - $60K,Rs33L - Rs50L,Low Income,2403,3393,64,53.015625,High
47,46 - 55,F,Less than $40K,<Rs33L,Low Income,2821,1452,38,38.21052632,Medium
54,46 - 55,M,$40K - $60K,Rs33L - Rs50L,Low Income,2706,1682,39,43.12820513,Medium
50,46 - 55,F,Less than $40K,<Rs33L,Low Income,2999,2073,48,43.1875,High
36,36 - 45,F,Less than $40K,<Rs33L,Low Income,2226,2660,62,42.90322581,High
37,36 - 45,M,$60K - $80K,Rs50L - Rs66L,Mid Income,3351,1910,43,44.41860465,Medium
47,46 - 55,M,$40K - $60K,Rs33L - Rs50L,Low Income,5570,4129,72,57.34722222,High
54,46 - 55,M,$80K - $120K,Rs66L - Rs1Cr,Mid Income,10448,1604,39,41.12820513,Medium
64,55+,F,Less than $40K,<Rs33L,Low Income,2174,1755,39,45,Medium
48,46 - 55,M,$80K - $120K,Rs66L - Rs1Cr,Mid Income,31501,3742,75,49.89333333,High
35,26 - 35,M,$60K - $80K,Rs50L - Rs66L,Mid Income,21695,2266,74,30.62162162,High
49,46 - 55,M,$80K - $120K,Rs66L - Rs1Cr,Mid Income,34516,1805,34,53.08823529,Medium
42,36 - 45,M,$60K - $80K,Rs50L - Rs66L,Mid Income,13650,1703,53,32.13207547,Medium
49,46 - 55,M,$80K - $120K,Rs66L - Rs1Cr,Mid Income,16156,4160,81,51.35802469,High
53,46 - 55,F,Less than $40K,<Rs33L,Low Income,2413,1398,24,58.25,Medium
56,55+,M,$80K - $120K,Rs66L - Rs1Cr,Mid Income,5920,1408,28,50.28571429,Medium
41,36 - 45,M,$60K - $80K,Rs50L - Rs66L,Mid Income,5841,3817,81,47.12345679,High
37,36 - 45,M,$60K - $80K,Rs50L - Rs66L,Mid Income,8418,2879,63,45.6984127,High
30,26 - 35,M,Less than $40K,<Rs33L,Low Income,2490,2441,53,46.05660377,High
45,36 - 45,M,$80K - $120K,Rs66L - Rs1Cr,Mid Income,20640,1792,53,33.81132075,Medium
54,46 - 55,M,$60K - $80K,Rs50L - Rs66L,Mid Income,9453,1688,45,37.51111111,Medium
46,46 - 55,M,$60K - $80K,Rs50L - Rs66L,Mid Income,7949,3355,58,57.84482759,High
36,36 - 45,F,Less than $40K,<Rs33L,Low Income,2758,3073,86,35.73255814,High
48,46 - 55,M,$120K +,Rs1Cr +,High Income,20148,3921,74,52.98648649,High
59,55+,F,Less than $40K,<Rs33L,Low Income,1438.3,1904,47,40.5106383,Medium
60,55+,M,$80K - $120K,Rs66L - Rs1Cr,Mid Income,26566,3103,65,47.73846154,High
44,36 - 45,M,$60K - $80K,Rs50L - Rs66L,Mid Income,13477,3866,67,57.70149254,High
65,55+,M,Less than $40K,<Rs33L,Low Income,9706,3435,58,59.22413793,High
46,46 - 55,F,$40K - $60K,Rs33L - Rs50L,Low Income,7457,3162,64,49.40625,High
48,46 - 55,M,$80K - $120K,Rs66L - Rs1Cr,Mid Income,34516,3937,80,49.2125,High
53,46 - 55,M,$120K +,Rs1Cr +,High Income,19081,1536,31,49.5483871,Medium
53,46 - 55,F,Unknown,Unknown,Unknown,2447,1716,38,45.15789474,Medium
41,36 - 45,M,$80K - $120K,Rs66L - Rs1Cr,Mid Income,28830,3533,57,61.98245614,High
37,36 - 45,F,$40K - $60K,Rs33L - Rs50L,Low Income,2563,2064,46,44.86956522,High
29,26 - 35,F,Less than $40K,<Rs33L,Low Income,5240,2712,64,42.375,High
49,46 - 55,F,Less than $40K,<Rs33L,Low Income,3397,3295,66,49.92424242,High
47,46 - 55,M,Less than $40K,<Rs33L,Low Income,1842,4165,67,62.1641791,High
53,46 - 55,F,Less than $40K,<Rs33L,Low Income,2383,1616,37,43.67567568,Medium
33,26 - 35,M,$60K - $80K,Rs50L - Rs66L,Mid Income,20791,2883,93,31,High
34,26 - 35,M,$60K - $80K,Rs50L - Rs66L,Mid Income,19900,3948,96,41.125,High
28,26 - 35,F,Unknown,Unknown,Unknown,32024,2507,64,39.171875,High
36,36 - 45,F,$40K - $60K,Rs33L - Rs50L,Low Income,3701,3222,86,37.46511628,High
30,26 - 35,F,Less than $40K,<Rs33L,Low Income,4199,3016,67,45.01492537,High
34,26 - 35,M,$40K - $60K,Rs33L - Rs50L,Low Income,4353,2664,81,32.88888889,High
38,36 - 45,F,$40K - $60K,Rs33L - Rs50L,Low Income,4913,899,28,32.10714286,Low
39,36 - 45,F,Less than $40K,<Rs33L,Low Income,5454,2674,67,39.91044776,High
32,26 - 35,F,Unknown,Unknown,Unknown,2172,2945,69,42.68115942,High
36,36 - 45,M,$40K - $60K,Rs33L - Rs50L,Low Income,2845,2396,51,46.98039216,High
37,36 - 45,F,Unknown,Unknown,Unknown,18570,3999,96,41.65625,High
45,36 - 45,M,$60K - $80K,Rs50L - Rs66L,Mid Income,25907,2058,56,36.75,High
38,36 - 45,F,Less than $40K,<Rs33L,Low Income,2206,1739,35,49.68571429,Medium
31,26 - 35,M,$40K - $60K,Rs33L - Rs50L,Low Income,12050,2015,46,43.80434783,High
65,55+,M,Less than $40K,<Rs33L,Low Income,2107,3913,67,58.40298507,High
63,55+,F,Less than $40K,<Rs33L,Low Income,2107,1320,35,37.71428571,Medium
65,55+,M,Less than $40K,<Rs33L,Low Income,3539,1463,31,47.19354839,Medium
43,36 - 45,F,Unknown,Unknown,Unknown,27175,3814,72,52.97222222,High
51,46 - 55,M,$40K - $60K,Rs33L - Rs50L,Low Income,17905,4399,64,68.734375,High
37,36 - 45,M,$60K - $80K,Rs50L - Rs66L,Mid Income,4940,3246,57,56.94736842,High
55,46 - 55,F,Unknown,Unknown,Unknown,3161,1547,30,51.56666667,Medium
27,26 - 35,M,$60K - $80K,Rs50L - Rs66L,Mid Income,2464,2636,50,52.72,High
34,26 - 35,F,$40K - $60K,Rs33L - Rs50L,Low Income,3203,2625,52,50.48076923,High
32,26 - 35,F,Less than $40K,<Rs33L,Low Income,1835,2801,79,35.4556962,High
49,46 - 55,F,Less than $40K,<Rs33L,Low Income,1993,4075,76,53.61842105,High
39,36 - 45,M,$80K - $120K,Rs66L - Rs1Cr,Mid Income,34516,3448,53,65.05660377,High
27,26 - 35,M,Unknown,Unknown,Unknown,7130,2498,37,67.51351351,High
30,26 - 35,M,Unknown,Unknown,Unknown,12539,2643,72,36.70833333,High
39,36 - 45,M,$80K - $120K,Rs66L - Rs1Cr,Mid Income,8208,3135,39,80.38461538,High
42,36 - 45,M,$80K - $120K,Rs66L - Rs1Cr,Mid Income,26222,1988,30,66.26666667,Medium
55,46 - 55,M,$80K - $120K,Rs66L - Rs1Cr,Mid Income,34173,3731,69,54.07246377,High
57,55+,F,$40K - $60K,Rs33L - Rs50L,Low Income,3377,1621,32,50.65625,Medium
53,46 - 55,M,$120K +,Rs1Cr +,High Income,5882,1380,30,46,Medium
51,46 - 55,M,$80K - $120K,Rs66L - Rs1Cr,Mid Income,7158,2113,60,35.21666667,High
47,46 - 55,M,Less than $40K,<Rs33L,Low Income,5833,3732,75,49.76,High
26,26 - 35,F,$40K - $60K,Rs33L - Rs50L,Low Income,4152,2351,42,55.97619048,High
37,36 - 45,M,$40K - $60K,Rs33L - Rs50L,Low Income,11699,2007,46,43.63043478,High
45,36 - 45,F,$40K - $60K,Rs33L - Rs50L,Low Income,4505,3968,68,58.35294118,High
55,46 - 55,M,$60K - $80K,Rs50L - Rs66L,Mid Income,7667,3915,76,51.51315789,High
37,36 - 45,M,$120K +,Rs1Cr +,High Income,34516,2574,62,41.51612903,High
36,36 - 45,F,Less than $40K,<Rs33L,Low Income,2937,2511,51,49.23529412,High
36,36 - 45,F,Less than $40K,<Rs33L,Low Income,5257,2822,73,38.65753425,High
39,36 - 45,M,$60K - $80K,Rs50L - Rs66L,Mid Income,10331,3695,81,45.61728395,High
47,46 - 55,M,$60K - $80K,Rs50L - Rs66L,Mid Income,17557,2142,62,34.5483871,High
56,55+,F,Less than $40K,<Rs33L,Low Income,4366,1596,37,43.13513514,Medium
56,55+,F,Unknown,Unknown,Unknown,8037,3271,71,46.07042254,High
38,36 - 45,M,Less than $40K,<Rs33L,Low Income,8740,2169,38,57.07894737,High
49,46 - 55,M,$120K +,Rs1Cr +,High Income,8514,4098,74,55.37837838,High
36,36 - 45,F,Less than $40K,<Rs33L,Low Income,2002,2411,60,40.18333333,High
51,46 - 55,F,Less than $40K,<Rs33L,Low Income,3132,3607,60,60.11666667,High
26,26 - 35,F,$40K - $60K,Rs33L - Rs50L,Low Income,2010,3625,85,42.64705882,High
34,26 - 35,M,$80K - $120K,Rs66L - Rs1Cr,Mid Income,7567,2361,45,52.46666667,High
56,55+,M,$40K - $60K,Rs33L - Rs50L,Low Income,2381,1920,46,41.73913043,Medium
43,36 - 45,M,$120K +,Rs1Cr +,High Income,34516,4976,88,56.54545455,High
47,46 - 55,F,Unknown,Unknown,Unknown,16411,3929,71,55.33802817,High
42,36 - 45,F,Less than $40K,<Rs33L,Low Income,1438.3,3786,67,56.50746269,High
38,36 - 45,M,$80K - $120K,Rs66L - Rs1Cr,Mid Income,3735,1837,47,39.08510638,Medium
55,46 - 55,M,$60K - $80K,Rs50L - Rs66L,Mid Income,22127,3591,63,57,High
28,26 - 35,F,Unknown,Unknown,Unknown,5685,2395,62,38.62903226,High
62,55+,M,$40K - $60K,Rs33L - Rs50L,Low Income,7348,3066,61,50.26229508,High
52,46 - 55,M,$120K +,Rs1Cr +,High Income,11188,2109,47,44.87234043,High
44,36 - 45,M,$120K +,Rs1Cr +,High Income,3650,4599,75,61.32,High
29,26 - 35,F,Less than $40K,<Rs33L,Low Income,5076,2675,57,46.92982456,High
48,46 - 55,M,$60K - $80K,Rs50L - Rs66L,Mid Income,32658,2023,37,54.67567568,High
43,36 - 45,M,$80K - $120K,Rs66L - Rs1Cr,Mid Income,28634,4549,68,66.89705882,High
49,46 - 55,F,Less than $40K,<Rs33L,Low Income,3414,1803,49,36.79591837,Medium
43,36 - 45,M,$80K - $120K,Rs66L - Rs1Cr,Mid Income,12315,2028,51,39.76470588,High
41,36 - 45,F,$40K - $60K,Rs33L - Rs50L,Low Income,2690,3636,68,53.47058824,High
43,36 - 45,M,$80K - $120K,Rs66L - Rs1Cr,Mid Income,12165,4066,74,54.94594595,High
51,46 - 55,F,Less than $40K,<Rs33L,Low Income,1792,3102,63,49.23809524,High
37,36 - 45,M,$80K - $120K,Rs66L - Rs1Cr,Mid Income,19300,2660,70,38,High
37,36 - 45,M,$40K - $60K,Rs33L - Rs50L,Low Income,8120,3161,54,58.53703704,High
49,46 - 55,M,$80K - $120K,Rs66L - Rs1Cr,Mid Income,2292,2584,60,43.06666667,High
36,36 - 45,M,$80K - $120K,Rs66L - Rs1Cr,Mid Income,21434,2143,46,46.58695652,High
50,46 - 55,F,Less than $40K,<Rs33L,Low Income,3424,4929,74,66.60810811,High
64,55+,M,Less than $40K,<Rs33L,Low Income,2787,1662,39,42.61538462,Medium
36,36 - 45,F,Unknown,Unknown,Unknown,8696,2847,67,42.49253731,High
45,36 - 45,M,$120K +,Rs1Cr +,High Income,32446,1717,39,44.02564103,Medium
41,36 - 45,M,$80K - $120K,Rs66L - Rs1Cr,Mid Income,9133,4101,88,46.60227273,High
47,46 - 55,M,$80K - $120K,Rs66L - Rs1Cr,Mid Income,5116,2361,49,48.18367347,High
39,36 - 45,M,$80K - $120K,Rs66L - Rs1Cr,Mid Income,18974,2783,56,49.69642857,High
51,46 - 55,M,$120K +,Rs1Cr +,High Income,12101,2086,44,47.40909091,High
55,46 - 55,F,$40K - $60K,Rs33L - Rs50L,Low Income,5379,1778,40,44.45,Medium
57,55+,M,$120K +,Rs1Cr +,High Income,32676,3990,88,45.34090909,High
36,36 - 45,M,$120K +,Rs1Cr +,High Income,34516,2243,60,37.38333333,High
35,26 - 35,M,$120K +,Rs1Cr +,High Income,15202,3143,60,52.38333333,High
38,36 - 45,F,Less than $40K,<Rs33L,Low Income,2222,1823,49,37.20408163,Medium
39,36 - 45,F,$40K - $60K,Rs33L - Rs50L,Low Income,5858,3355,77,43.57142857,High
65,55+,F,$40K - $60K,Rs33L - Rs50L,Low Income,2692,1594,36,44.27777778,Medium
51,46 - 55,F,Less than $40K,<Rs33L,Low Income,7165,3553,78,45.55128205,High
50,46 - 55,F,Less than $40K,<Rs33L,Low Income,1438.3,4740,81,58.51851852,High
38,36 - 45,M,$60K - $80K,Rs50L - Rs66L,Mid Income,26988,3732,70,53.31428571,High
36,36 - 45,F,Less than $40K,<Rs33L,Low Income,2517,3569,62,57.56451613,High
41,36 - 45,M,$40K - $60K,Rs33L - Rs50L,Low Income,11091,1234,34,36.29411765,Medium
40,36 - 45,F,Less than $40K,<Rs33L,Low Income,10745,3502,87,40.25287356,High
40,36 - 45,F,Unknown,Unknown,Unknown,34516,3146,66,47.66666667,High
26,26 - 35,M,Less than $40K,<Rs33L,Low Income,2590,2804,52,53.92307692,High
46,46 - 55,F,Less than $40K,<Rs33L,Low Income,2722,3129,69,45.34782609,High
49,46 - 55,F,Less than $40K,<Rs33L,Low Income,8228,4277,80,53.4625,High
38,36 - 45,M,$80K - $120K,Rs66L - Rs1Cr,Mid Income,11777,2763,62,44.56451613,High
49,46 - 55,M,$80K - $120K,Rs66L - Rs1Cr,Mid Income,34516,3951,76,51.98684211,High
38,36 - 45,M,$80K - $120K,Rs66L - Rs1Cr,Mid Income,14821,2876,60,47.93333333,High
36,36 - 45,M,Less than $40K,<Rs33L,Low Income,1438.3,2186,59,37.05084746,High
34,26 - 35,F,Less than $40K,<Rs33L,Low Income,6131,2825,93,30.37634409,High
52,46 - 55,M,$80K - $120K,Rs66L - Rs1Cr,Mid Income,2047,3452,66,52.3030303,High
40,36 - 45,M,$80K - $120K,Rs66L - Rs1Cr,Mid Income,22380,3756,73,51.45205479,High
36,36 - 45,M,$80K - $120K,Rs66L - Rs1Cr,Mid Income,12893,2300,60,38.33333333,High
53,46 - 55,M,Less than $40K,<Rs33L,Low Income,3351,4294,66,65.06060606,High
40,36 - 45,F,Less than $40K,<Rs33L,Low Income,5093,2341,57,41.07017544,High
54,46 - 55,M,$40K - $60K,Rs33L - Rs50L,Low Income,1438.3,1585,37,42.83783784,Medium
34,26 - 35,M,$60K - $80K,Rs50L - Rs66L,Mid Income,2165,2651,81,32.72839506,High
62,55+,F,Less than $40K,<Rs33L,Low Income,1927,4199,77,54.53246753,High
39,36 - 45,F,Unknown,Unknown,Unknown,22125,1994,57,34.98245614,Medium
50,46 - 55,M,$120K +,Rs1Cr +,High Income,34516,1756,35,50.17142857,Medium
36,36 - 45,M,$120K +,Rs1Cr +,High Income,5260,2546,62,41.06451613,High
56,55+,F,Less than $40K,<Rs33L,Low Income,1438.3,1336,32,41.75,Medium
44,36 - 45,F,$40K - $60K,Rs33L - Rs50L,Low Income,4333,1558,40,38.95,Medium
45,36 - 45,M,Less than $40K,<Rs33L,Low Income,6637,1801,48,37.52083333,Medium
36,36 - 45,M,$120K +,Rs1Cr +,High Income,3174,3140,74,42.43243243,High
44,36 - 45,F,Less than $40K,<Rs33L,Low Income,4396,3942,69,57.13043478,High
52,46 - 55,M,$80K - $120K,Rs66L - Rs1Cr,Mid Income,34516,1661,40,41.525,Medium
50,46 - 55,F,Less than $40K,<Rs33L,Low Income,1438.3,3637,80,45.4625,High
53,46 - 55,F,Less than $40K,<Rs33L,Low Income,6853,2833,70,40.47142857,High
36,36 - 45,F,Less than $40K,<Rs33L,Low Income,2570,1755,42,41.78571429,Medium
27,26 - 35,F,Less than $40K,<Rs33L,Low Income,2166,3563,70,50.9,High
31,26 - 35,F,Unknown,Unknown,Unknown,3647,2271,60,37.85,High
36,36 - 45,M,$60K - $80K,Rs50L - Rs66L,Mid Income,11684,2969,88,33.73863636,High
41,36 - 45,M,$60K - $80K,Rs50L - Rs66L,Mid Income,4475,3367,66,51.01515152,High
28,26 - 35,M,$60K - $80K,Rs50L - Rs66L,Mid Income,16604,2580,61,42.29508197,High
59,55+,M,$40K - $60K,Rs33L - Rs50L,Low Income,5446,1505,33,45.60606061,Medium
43,36 - 45,M,$80K - $120K,Rs66L - Rs1Cr,Mid Income,28700,3395,71,47.81690141,High
41,36 - 45,M,$60K - $80K,Rs50L - Rs66L,Mid Income,2888,3798,58,65.48275862,High
46,46 - 55,M,$60K - $80K,Rs50L - Rs66L,Mid Income,9451,3179,79,40.24050633,High
51,46 - 55,M,$80K - $120K,Rs66L - Rs1Cr,Mid Income,13933,3504,62,56.51612903,High
44,36 - 45,M,Less than $40K,<Rs33L,Low Income,6130,3411,78,43.73076923,High
40,36 - 45,M,$60K - $80K,Rs50L - Rs66L,Mid Income,15008,3943,85,46.38823529,High
32,26 - 35,M,$40K - $60K,Rs33L - Rs50L,Low Income,4583,2395,57,42.01754386,High
48,46 - 55,M,$40K - $60K,Rs33L - Rs50L,Low Income,5268,2138,40,53.45,High
58,55+,M,$60K - $80K,Rs50L - Rs66L,Mid Income,14976,1599,36,44.41666667,Medium
37,36 - 45,F,Less than $40K,<Rs33L,Low Income,2282,2751,68,40.45588235,High
51,46 - 55,M,$80K - $120K,Rs66L - Rs1Cr,Mid Income,5130,1434,31,46.25806452,Medium
43,36 - 45,F,Less than $40K,<Rs33L,Low Income,5702,3928,75,52.37333333,High
41,36 - 45,M,$80K - $120K,Rs66L - Rs1Cr,Mid Income,14480,1616,43,37.58139535,Medium
51,46 - 55,M,$40K - $60K,Rs33L - Rs50L,Low Income,7570,3849,70,54.98571429,High
52,46 - 55,M,$80K - $120K,Rs66L - Rs1Cr,Mid Income,12878,1968,59,33.3559322,Medium
61,55+,M,$60K - $80K,Rs50L - Rs66L,Mid Income,26218,3925,88,44.60227273,High
49,46 - 55,M,$120K +,Rs1Cr +,High Income,34516,3422,78,43.87179487,High
36,36 - 45,F,Unknown,Unknown,Unknown,2804,2812,77,36.51948052,High
35,26 - 35,M,$40K - $60K,Rs33L - Rs50L,Low Income,5801,2987,52,57.44230769,High
63,55+,F,Less than $40K,<Rs33L,Low Income,2271,1550,33,46.96969697,Medium
36,36 - 45,F,Less than $40K,<Rs33L,Low Income,3107,2720,48,56.66666667,High
33,26 - 35,F,Less than $40K,<Rs33L,Low Income,2001,3162,99,31.93939394,High
33,26 - 35,M,$80K - $120K,Rs66L - Rs1Cr,Mid Income,1438.3,2557,55,46.49090909,High
65,55+,M,Unknown,Unknown,Unknown,4465,4044,66,61.27272727,High
61,55+,M,$60K - $80K,Rs50L - Rs66L,Mid Income,3264,1665,32,52.03125,Medium
44,36 - 45,M,$80K - $120K,Rs66L - Rs1Cr,Mid Income,26856,4222,75,56.29333333,High
38,36 - 45,M,$80K - $120K,Rs66L - Rs1Cr,Mid Income,34516,4238,85,49.85882353,High
41,36 - 45,M,$80K - $120K,Rs66L - Rs1Cr,Mid Income,21756,3063,71,43.14084507,High
44,36 - 45,F,Less than $40K,<Rs33L,Low Income,4726,3658,70,52.25714286,High
41,36 - 45,M,$60K - $80K,Rs50L - Rs66L,Mid Income,34516,1727,35,49.34285714,Medium
45,36 - 45,F,Less than $40K,<Rs33L,Low Income,5596,3212,64,50.1875,High
37,36 - 45,M,$80K - $120K,Rs66L - Rs1Cr,Mid Income,15326,2990,55,54.36363636,High
51,46 - 55,M,$80K - $120K,Rs66L - Rs1Cr,Mid Income,11373,1976,35,56.45714286,Medium
65,55+,M,Less than $40K,<Rs33L,Low Income,2644,3495,70,49.92857143,High
37,36 - 45,F,$40K - $60K,Rs33L - Rs50L,Low Income,2673,3052,63,48.44444444,High
54,46 - 55,M,$60K - $80K,Rs50L - Rs66L,Mid Income,7477,1543,34,45.38235294,Medium
46,46 - 55,M,$80K - $120K,Rs66L - Rs1Cr,Mid Income,16227,4314,67,64.3880597,High
41,36 - 45,M,$80K - $120K,Rs66L - Rs1Cr,Mid Income,19110,4478,76,58.92105263,High
49,46 - 55,M,$40K - $60K,Rs33L - Rs50L,Low Income,2993,4089,72,56.79166667,High
51,46 - 55,M,$80K - $120K,Rs66L - Rs1Cr,Mid Income,3290,3591,80,44.8875,High
50,46 - 55,F,Less than $40K,<Rs33L,Low Income,11176,2682,64,41.90625,High
48,46 - 55,F,Unknown,Unknown,Unknown,21416,4221,75,56.28,High
53,46 - 55,M,$80K - $120K,Rs66L - Rs1Cr,Mid Income,2492,1606,32,50.1875,Medium
54,46 - 55,M,$60K - $80K,Rs50L - Rs66L,Mid Income,14265,3982,58,68.65517241,High
46,46 - 55,F,$40K - $60K,Rs33L - Rs50L,Low Income,16985,2961,56,52.875,High
47,46 - 55,F,Less than $40K,<Rs33L,Low Income,7469,3150,70,45,High
52,46 - 55,F,Less than $40K,<Rs33L,Low Income,4592,1470,33,44.54545455,Medium
43,36 - 45,F,Less than $40K,<Rs33L,Low Income,4341,3825,63,60.71428571,High
41,36 - 45,M,$80K - $120K,Rs66L - Rs1Cr,Mid Income,34516,4077,67,60.85074627,High
34,26 - 35,M,$60K - $80K,Rs50L - Rs66L,Mid Income,27710,4014,73,54.98630137,High
33,26 - 35,F,Less than $40K,<Rs33L,Low Income,13431,2338,71,32.92957746,High
49,46 - 55,M,$60K - $80K,Rs50L - Rs66L,Mid Income,2645,4251,69,61.60869565,High
44,36 - 45,M,$120K +,Rs1Cr +,High Income,14028,3683,73,50.45205479,High
36,36 - 45,M,$80K - $120K,Rs66L - Rs1Cr,Mid Income,34516,3030,74,40.94594595,High
37,36 - 45,M,$80K - $120K,Rs66L - Rs1Cr,Mid Income,5699,2835,57,49.73684211,High
46,46 - 55,M,$120K +,Rs1Cr +,High Income,16284,3018,75,40.24,High
65,55+,M,Less than $40K,<Rs33L,Low Income,3226,3250,70,46.42857143,High
52,46 - 55,M,$80K - $120K,Rs66L - Rs1Cr,Mid Income,2803,3142,64,49.09375,High
50,46 - 55,M,$120K +,Rs1Cr +,High Income,34516,2776,59,47.05084746,High
59,55+,M,Less than $40K,<Rs33L,Low Income,2192,4010,79,50.75949367,High
37,36 - 45,F,Unknown,Unknown,Unknown,8318,3676,77,47.74025974,High
40,36 - 45,M,$60K - $80K,Rs50L - Rs66L,Mid Income,6391,2323,44,52.79545455,High
40,36 - 45,F,Less than $40K,<Rs33L,Low Income,4736,3927,73,53.79452055,High
59,55+,M,$60K - $80K,Rs50L - Rs66L,Mid Income,9944,3159,69,45.7826087,High
52,46 - 55,F,$40K - $60K,Rs33L - Rs50L,Low Income,4717,2349,66,35.59090909,High
43,36 - 45,F,Unknown,Unknown,Unknown,12778,3337,69,48.36231884,High
48,46 - 55,M,$60K - $80K,Rs50L - Rs66L,Mid Income,16920,3275,60,54.58333333,High
45,36 - 45,F,Less than $40K,<Rs33L,Low Income,3240,1904,41,46.43902439,Medium
30,26 - 35,F,Less than $40K,<Rs33L,Low Income,4704,3294,87,37.86206897,High
41,36 - 45,F,$40K - $60K,Rs33L - Rs50L,Low Income,14987,4470,83,53.85542169,High
51,46 - 55,M,$80K - $120K,Rs66L - Rs1Cr,Mid Income,3554,3640,59,61.69491525,High
46,46 - 55,M,$120K +,Rs1Cr +,High Income,9227,3948,74,53.35135135,High
50,46 - 55,M,$120K +,Rs1Cr +,High Income,7522,2533,62,40.85483871,High
31,26 - 35,F,Less than $40K,<Rs33L,Low Income,1677,3059,50,61.18,High
48,46 - 55,M,$60K - $80K,Rs50L - Rs66L,Mid Income,2319,3739,68,54.98529412,High
39,36 - 45,F,Less than $40K,<Rs33L,Low Income,2722,3205,49,65.40816327,High
50,46 - 55,F,Less than $40K,<Rs33L,Low Income,2046,3446,71,48.53521127,High
47,46 - 55,M,$80K - $120K,Rs66L - Rs1Cr,Mid Income,34516,2851,80,35.6375,High
53,46 - 55,M,$80K - $120K,Rs66L - Rs1Cr,Mid Income,18531,2484,52,47.76923077,High
45,36 - 45,M,$40K - $60K,Rs33L - Rs50L,Low Income,4112,2949,54,54.61111111,High
46,46 - 55,M,$120K +,Rs1Cr +,High Income,34516,4143,68,60.92647059,High
34,26 - 35,M,$80K - $120K,Rs66L - Rs1Cr,Mid Income,34516,2759,65,42.44615385,High
39,36 - 45,M,Less than $40K,<Rs33L,Low Income,4683,2010,45,44.66666667,High
62,55+,M,$40K - $60K,Rs33L - Rs50L,Low Income,1438.3,1406,27,52.07407407,Medium
53,46 - 55,F,Less than $40K,<Rs33L,Low Income,4224,1458,29,50.27586207,Medium
51,46 - 55,M,$60K - $80K,Rs50L - Rs66L,Mid Income,7133,2689,62,43.37096774,High
34,26 - 35,F,Unknown,Unknown,Unknown,10253,3042,66,46.09090909,High
44,36 - 45,F,$40K - $60K,Rs33L - Rs50L,Low Income,4210,4248,65,65.35384615,High
49,46 - 55,M,$120K +,Rs1Cr +,High Income,12630,4084,66,61.87878788,High
26,26 - 35,M,Unknown,Unknown,Unknown,21084,2309,71,32.52112676,High
56,55+,F,Less than $40K,<Rs33L,Low Income,3639,1865,42,44.4047619,Medium
52,46 - 55,M,$120K +,Rs1Cr +,High Income,31945,3650,62,58.87096774,High
65,55+,F,Unknown,Unknown,Unknown,5894,1616,32,50.5,Medium
65,55+,F,Less than $40K,<Rs33L,Low Income,2209,3292,52,63.30769231,High
35,26 - 35,M,$60K - $80K,Rs50L - Rs66L,Mid Income,23447,2834,77,36.80519481,High
48,46 - 55,M,$80K - $120K,Rs66L - Rs1Cr,Mid Income,4180,3750,76,49.34210526,High
53,46 - 55,F,$40K - $60K,Rs33L - Rs50L,Low Income,4930,4224,77,54.85714286,High
38,36 - 45,M,$60K - $80K,Rs50L - Rs66L,Mid Income,3417,2068,34,60.82352941,High
50,46 - 55,F,Less than $40K,<Rs33L,Low Income,4785,3651,59,61.88135593,High
46,46 - 55,M,Less than $40K,<Rs33L,Low Income,12685,4454,74,60.18918919,High
48,46 - 55,M,$80K - $120K,Rs66L - Rs1Cr,Mid Income,21374,4100,79,51.89873418,High
36,36 - 45,M,$60K - $80K,Rs50L - Rs66L,Mid Income,1911,1965,49,40.10204082,Medium
41,36 - 45,F,Less than $40K,<Rs33L,Low Income,8666,3593,71,50.6056338,High
60,55+,M,$60K - $80K,Rs50L - Rs66L,Mid Income,2759,1650,34,48.52941176,Medium
49,46 - 55,F,Unknown,Unknown,Unknown,5984,1838,42,43.76190476,Medium
45,36 - 45,F,Unknown,Unknown,Unknown,23000,3886,70,55.51428571,High
36,36 - 45,M,$60K - $80K,Rs50L - Rs66L,Mid Income,1438.3,2882,68,42.38235294,High
49,46 - 55,M,Less than $40K,<Rs33L,Low Income,2976,3332,60,55.53333333,High
43,36 - 45,M,$120K +,Rs1Cr +,High Income,34516,1996,48,41.58333333,Medium
58,55+,M,$60K - $80K,Rs50L - Rs66L,Mid Income,1438.3,1539,40,38.475,Medium
46,46 - 55,M,$80K - $120K,Rs66L - Rs1Cr,Mid Income,16099,3656,88,41.54545455,High
50,46 - 55,M,$80K - $120K,Rs66L - Rs1Cr,Mid Income,19595,3811,62,61.46774194,High
43,36 - 45,M,$60K - $80K,Rs50L - Rs66L,Mid Income,13193,4071,64,63.609375,High
57,55+,F,$40K - $60K,Rs33L - Rs50L,Low Income,8184,4134,71,58.22535211,High
30,26 - 35,M,Less than $40K,<Rs33L,Low Income,2607,1719,45,38.2,Medium
48,46 - 55,F,Less than $40K,<Rs33L,Low Income,5758,4422,76,58.18421053,High
51,46 - 55,M,$120K +,Rs1Cr +,High Income,25873,3920,84,46.66666667,High
46,46 - 55,M,$60K - $80K,Rs50L - Rs66L,Mid Income,2695,4068,53,76.75471698,High
46,46 - 55,M,$80K - $120K,Rs66L - Rs1Cr,Mid Income,20860,3435,56,61.33928571,High
45,36 - 45,M,$40K - $60K,Rs33L - Rs50L,Low Income,1892,4558,60,75.96666667,High
52,46 - 55,M,$80K - $120K,Rs66L - Rs1Cr,Mid Income,27751,1427,25,57.08,Medium
48,46 - 55,M,$80K - $120K,Rs66L - Rs1Cr,Mid Income,34516,3661,71,51.56338028,High
47,46 - 55,M,$80K - $120K,Rs66L - Rs1Cr,Mid Income,24580,3069,62,49.5,High
49,46 - 55,M,$80K - $120K,Rs66L - Rs1Cr,Mid Income,29893,2063,48,42.97916667,High
43,36 - 45,M,$80K - $120K,Rs66L - Rs1Cr,Mid Income,21165,3343,60,55.71666667,High
47,46 - 55,F,$40K - $60K,Rs33L - Rs50L,Low Income,9148,3451,59,58.49152542,High
55,46 - 55,M,$80K - $120K,Rs66L - Rs1Cr,Mid Income,10979,1425,33,43.18181818,Medium
41,36 - 45,F,Less than $40K,<Rs33L,Low Income,6519,3088,65,47.50769231,High
44,36 - 45,M,$80K - $120K,Rs66L - Rs1Cr,Mid Income,2509,3166,72,43.97222222,High
35,26 - 35,F,Less than $40K,<Rs33L,Low Income,2664,3135,59,53.13559322,High
40,36 - 45,F,Unknown,Unknown,Unknown,14999,3441,69,49.86956522,High
32,26 - 35,F,Less than $40K,<Rs33L,Low Income,10332,2914,67,43.49253731,High
50,46 - 55,M,$60K - $80K,Rs50L - Rs66L,Mid Income,10226,3321,57,58.26315789,High
38,36 - 45,M,$60K - $80K,Rs50L - Rs66L,Mid Income,12050,2381,40,59.525,High
39,36 - 45,M,$120K +,Rs1Cr +,High Income,26124,4199,92,45.64130435,High
48,46 - 55,F,Less than $40K,<Rs33L,Low Income,9816,3489,81,43.07407407,High
52,46 - 55,F,Less than $40K,<Rs33L,Low Income,2783,3897,74,52.66216216,High
49,46 - 55,M,$60K - $80K,Rs50L - Rs66L,Mid Income,15942,1742,41,42.48780488,Medium
46,46 - 55,F,Less than $40K,<Rs33L,Low Income,12222,3418,78,43.82051282,High
38,36 - 45,F,Less than $40K,<Rs33L,Low Income,4002,2114,53,39.88679245,High
60,55+,M,$80K - $120K,Rs66L - Rs1Cr,Mid Income,34516,3261,64,50.953125,High
48,46 - 55,M,$80K - $120K,Rs66L - Rs1Cr,Mid Income,10227,3577,82,43.62195122,High
45,36 - 45,F,Less than $40K,<Rs33L,Low Income,4265,3244,62,52.32258065,High
47,46 - 55,M,$60K - $80K,Rs50L - Rs66L,Mid Income,13867,4297,68,63.19117647,High
43,36 - 45,M,$40K - $60K,Rs33L - Rs50L,Low Income,2243,4023,63,63.85714286,High
41,36 - 45,F,$40K - $60K,Rs33L - Rs50L,Low Income,11239,3978,89,44.69662921,High
53,46 - 55,M,$60K - $80K,Rs50L - Rs66L,Mid Income,22558,3855,70,55.07142857,High
50,46 - 55,M,$120K +,Rs1Cr +,High Income,34516,2687,64,41.984375,High
56,55+,M,$80K - $120K,Rs66L - Rs1Cr,Mid Income,23510,1661,35,47.45714286,Medium
63,55+,F,$40K - $60K,Rs33L - Rs50L,Low Income,1651,4050,58,69.82758621,High
53,46 - 55,F,Less than $40K,<Rs33L,Low Income,8693,4755,69,68.91304348,High
35,26 - 35,F,Less than $40K,<Rs33L,Low Income,4549,1914,33,58,Medium
51,46 - 55,M,$80K - $120K,Rs66L - Rs1Cr,Mid Income,3558,4136,65,63.63076923,High
51,46 - 55,F,Less than $40K,<Rs33L,Low Income,7176,1375,33,41.66666667,Medium
44,36 - 45,M,$80K - $120K,Rs66L - Rs1Cr,Mid Income,34516,4614,76,60.71052632,High
38,36 - 45,M,$60K - $80K,Rs50L - Rs66L,Mid Income,18293,2958,63,46.95238095,High
40,36 - 45,F,Unknown,Unknown,Unknown,18332,4095,67,61.11940299,High
48,46 - 55,M,$80K - $120K,Rs66L - Rs1Cr,Mid Income,6383,4462,88,50.70454545,High
42,36 - 45,F,Less than $40K,<Rs33L,Low Income,13441,1894,49,38.65306122,Medium
50,46 - 55,M,$120K +,Rs1Cr +,High Income,20114,4740,88,53.86363636,High
54,46 - 55,F,Less than $40K,<Rs33L,Low Income,2019,1689,36,46.91666667,Medium
38,36 - 45,M,$60K - $80K,Rs50L - Rs66L,Mid Income,34516,4533,78,58.11538462,High
55,46 - 55,M,$80K - $120K,Rs66L - Rs1Cr,Mid Income,1438.3,1427,36,39.63888889,Medium
46,46 - 55,M,$60K - $80K,Rs50L - Rs66L,Mid Income,8017,1657,43,38.53488372,Medium
49,46 - 55,F,Unknown,Unknown,Unknown,8519,3698,65,56.89230769,High
38,36 - 45,M,$80K - $120K,Rs66L - Rs1Cr,Mid Income,34516,3514,63,55.77777778,High
50,46 - 55,M,$60K - $80K,Rs50L - Rs66L,Mid Income,9474,3240,54,60,High
40,36 - 45,F,Less than $40K,<Rs33L,Low Income,6587,4160,70,59.42857143,High
32,26 - 35,M,$60K - $80K,Rs50L - Rs66L,Mid Income,2999,3018,80,37.725,High
49,46 - 55,M,$60K - $80K,Rs50L - Rs66L,Mid Income,7154,3607,59,61.13559322,High
53,46 - 55,M,$80K - $120K,Rs66L - Rs1Cr,Mid Income,4039,1494,36,41.5,Medium
57,55+,M,$80K - $120K,Rs66L - Rs1Cr,Mid Income,5516,1532,24,63.83333333,Medium
64,55+,F,Less than $40K,<Rs33L,Low Income,5577,4256,70,60.8,High
34,26 - 35,M,$80K - $120K,Rs66L - Rs1Cr,Mid Income,8628,2902,60,48.36666667,High
43,36 - 45,M,$120K +,Rs1Cr +,High Income,30137,3522,74,47.59459459,High
42,36 - 45,F,Less than $40K,<Rs33L,Low Income,9778,3413,66,51.71212121,High
48,46 - 55,M,$120K +,Rs1Cr +,High Income,20912,4172,84,49.66666667,High
49,46 - 55,M,$120K +,Rs1Cr +,High Income,14699,4890,64,76.40625,High
57,55+,M,$60K - $80K,Rs50L - Rs66L,Mid Income,10350,3396,63,53.9047619,High
44,36 - 45,M,$40K - $60K,Rs33L - Rs50L,Low Income,11346,3784,67,56.47761194,High
63,55+,F,Less than $40K,<Rs33L,Low Income,15987,3640,56,65,High
43,36 - 45,M,$60K - $80K,Rs50L - Rs66L,Mid Income,19711,3602,72,50.02777778,High
33,26 - 35,M,$40K - $60K,Rs33L - Rs50L,Low Income,8650,2878,63,45.68253968,High
55,46 - 55,M,$80K - $120K,Rs66L - Rs1Cr,Mid Income,34516,3542,60,59.03333333,High
50,46 - 55,M,$80K - $120K,Rs66L - Rs1Cr,Mid Income,9748,3323,66,50.34848485,High
49,46 - 55,F,Less than $40K,<Rs33L,Low Income,2454,3777,75,50.36,High
48,46 - 55,M,$120K +,Rs1Cr +,High Income,34516,1632,44,37.09090909,Medium
47,46 - 55,F,Less than $40K,<Rs33L,Low Income,4255,3453,72,47.95833333,High
35,26 - 35,F,Less than $40K,<Rs33L,Low Income,3271,2464,92,26.7826087,High
31,26 - 35,F,Less than $40K,<Rs33L,Low Income,3480,2807,65,43.18461538,High
50,46 - 55,M,$80K - $120K,Rs66L - Rs1Cr,Mid Income,13306,3556,68,52.29411765,High
38,36 - 45,M,$80K - $120K,Rs66L - Rs1Cr,Mid Income,13637,3625,73,49.65753425,High
39,36 - 45,M,$60K - $80K,Rs50L - Rs66L,Mid Income,6733,4444,72,61.72222222,High
52,46 - 55,F,Less than $40K,<Rs33L,Low Income,2728,4293,83,51.72289157,High
49,46 - 55,F,$40K - $60K,Rs33L - Rs50L,Low Income,6250,2433,41,59.34146341,High
49,46 - 55,M,$40K - $60K,Rs33L - Rs50L,Low Income,3653,3297,66,49.95454545,High
44,36 - 45,M,$60K - $80K,Rs50L - Rs66L,Mid Income,22919,3752,71,52.84507042,High
36,36 - 45,M,$120K +,Rs1Cr +,High Income,34516,2686,59,45.52542373,High
44,36 - 45,M,$80K - $120K,Rs66L - Rs1Cr,Mid Income,4198,2051,36,56.97222222,High
44,36 - 45,M,$60K - $80K,Rs50L - Rs66L,Mid Income,7532,3550,68,52.20588235,High
35,26 - 35,M,$60K - $80K,Rs50L - Rs66L,Mid Income,4587,2968,65,45.66153846,High
45,36 - 45,M,$80K - $120K,Rs66L - Rs1Cr,Mid Income,12250,1995,39,51.15384615,Medium
56,55+,M,$80K - $120K,Rs66L - Rs1Cr,Mid Income,17753,3986,64,62.28125,High
37,36 - 45,F,Less than $40K,<Rs33L,Low Income,12535,3283,74,44.36486486,High
48,46 - 55,F,Less than $40K,<Rs33L,Low Income,3541,3410,69,49.42028986,High
43,36 - 45,F,Unknown,Unknown,Unknown,14622,4632,67,69.13432836,High
45,36 - 45,M,$80K - $120K,Rs66L - Rs1Cr,Mid Income,23973,3560,71,50.14084507,High
54,46 - 55,M,$80K - $120K,Rs66L - Rs1Cr,Mid Income,29200,3042,73,41.67123288,High
46,46 - 55,M,$60K - $80K,Rs50L - Rs66L,Mid Income,10077,2118,52,40.73076923,High
44,36 - 45,F,Unknown,Unknown,Unknown,8667,3939,69,57.08695652,High
44,36 - 45,M,$60K - $80K,Rs50L - Rs66L,Mid Income,12871,3060,60,51,High
38,36 - 45,M,$60K - $80K,Rs50L - Rs66L,Mid Income,2346,3982,72,55.30555556,High
55,46 - 55,F,Less than $40K,<Rs33L,Low Income,9919,2058,70,29.4,High
50,46 - 55,M,$120K +,Rs1Cr +,High Income,17087,3519,70,50.27142857,High
42,36 - 45,F,Less than $40K,<Rs33L,Low Income,5505,2272,42,54.0952381,High
49,46 - 55,F,Less than $40K,<Rs33L,Low Income,1902,3731,53,70.39622642,High
31,26 - 35,F,Less than $40K,<Rs33L,Low Income,4254,2366,62,38.16129032,High
51,46 - 55,M,$80K - $120K,Rs66L - Rs1Cr,Mid Income,9854,3912,76,51.47368421,High
47,46 - 55,F,Less than $40K,<Rs33L,Low Income,7711,2078,42,49.47619048,High
30,26 - 35,F,Less than $40K,<Rs33L,Low Income,3213,2666,46,57.95652174,High
46,46 - 55,M,$120K +,Rs1Cr +,High Income,3132,3612,59,61.22033898,High
45,36 - 45,F,Less than $40K,<Rs33L,Low Income,9977,3530,61,57.86885246,High
53,46 - 55,F,Unknown,Unknown,Unknown,5659,1570,40,39.25,Medium
62,55+,M,$40K - $60K,Rs33L - Rs50L,Low Income,17161,1898,42,45.19047619,Medium
65,55+,F,Unknown,Unknown,Unknown,5018,4028,81,49.72839506,High
44,36 - 45,F,Unknown,Unknown,Unknown,11474,3242,74,43.81081081,High
51,46 - 55,M,$40K - $60K,Rs33L - Rs50L,Low Income,7925,3815,65,58.69230769,High
28,26 - 35,F,Less than $40K,<Rs33L,Low Income,12793,2671,67,39.86567164,High
49,46 - 55,M,Less than $40K,<Rs33L,Low Income,4834,1876,35,53.6,Medium
44,36 - 45,F,Less than $40K,<Rs33L,Low Income,1438.3,4208,86,48.93023256,High
55,46 - 55,M,$120K +,Rs1Cr +,High Income,12948,2481,42,59.07142857,High
49,46 - 55,M,$60K - $80K,Rs50L - Rs66L,Mid Income,5662,1693,25,67.72,Medium
34,26 - 35,F,Less than $40K,<Rs33L,Low Income,2799,2311,43,53.74418605,High
50,46 - 55,M,$80K - $120K,Rs66L - Rs1Cr,Mid Income,6030,3420,81,42.22222222,High
42,36 - 45,M,$80K - $120K,Rs66L - Rs1Cr,Mid Income,6779,3434,65,52.83076923,High
53,46 - 55,F,$40K - $60K,Rs33L - Rs50L,Low Income,15248,4758,83,57.3253012,High
53,46 - 55,M,$60K - $80K,Rs50L - Rs66L,Mid Income,15583,3938,69,57.07246377,High
32,26 - 35,M,$40K - $60K,Rs33L - Rs50L,Low Income,2576,2880,69,41.73913043,High
48,46 - 55,M,$60K - $80K,Rs50L - Rs66L,Mid Income,25270,1941,51,38.05882353,Medium
35,26 - 35,M,$60K - $80K,Rs50L - Rs66L,Mid Income,8717,2067,59,35.03389831,High
45,36 - 45,M,$80K - $120K,Rs66L - Rs1Cr,Mid Income,1438.3,3748,64,58.5625,High
45,36 - 45,M,$80K - $120K,Rs66L - Rs1Cr,Mid Income,33755,3458,71,48.70422535,High
53,46 - 55,F,$40K - $60K,Rs33L - Rs50L,Low Income,7282,3364,69,48.75362319,High
42,36 - 45,M,$80K - $120K,Rs66L - Rs1Cr,Mid Income,7260,4253,73,58.26027397,High
43,36 - 45,F,Less than $40K,<Rs33L,Low Income,12952,3472,51,68.07843137,High
55,46 - 55,F,Less than $40K,<Rs33L,Low Income,5353,4456,79,56.40506329,High
38,36 - 45,M,$60K - $80K,Rs50L - Rs66L,Mid Income,11741,2143,41,52.26829268,High
39,36 - 45,F,Less than $40K,<Rs33L,Low Income,2609,3024,64,47.25,High
51,46 - 55,F,Unknown,Unknown,Unknown,11167,3848,74,52,High
44,36 - 45,M,$80K - $120K,Rs66L - Rs1Cr,Mid Income,20882,2291,40,57.275,High
42,36 - 45,M,$120K +,Rs1Cr +,High Income,34516,3260,63,51.74603175,High
63,55+,F,$40K - $60K,Rs33L - Rs50L,Low Income,3071,4433,68,65.19117647,High
39,36 - 45,M,$60K - $80K,Rs50L - Rs66L,Mid Income,2267,4544,84,54.0952381,High
52,46 - 55,M,$120K +,Rs1Cr +,High Income,6617,3595,68,52.86764706,High
57,55+,F,Less than $40K,<Rs33L,Low Income,3276,3758,61,61.60655738,High
36,36 - 45,M,$120K +,Rs1Cr +,High Income,10097,3092,67,46.14925373,High
42,36 - 45,F,Less than $40K,<Rs33L,Low Income,8260,3299,64,51.546875,High
52,46 - 55,M,$40K - $60K,Rs33L - Rs50L,Low Income,5776,4029,72,55.95833333,High
40,36 - 45,F,Less than $40K,<Rs33L,Low Income,1438.3,3754,58,64.72413793,High
40,36 - 45,F,Less than $40K,<Rs33L,Low Income,7207,3825,70,54.64285714,High
38,36 - 45,M,$120K +,Rs1Cr +,High Income,2106,2136,40,53.4,High
44,36 - 45,M,$60K - $80K,Rs50L - Rs66L,Mid Income,21158,4071,67,60.76119403,High
43,36 - 45,M,$120K +,Rs1Cr +,High Income,22906,3204,64,50.0625,High
45,36 - 45,M,$60K - $80K,Rs50L - Rs66L,Mid Income,2648,3281,63,52.07936508,High
34,26 - 35,F,Unknown,Unknown,Unknown,30702,2652,64,41.4375,High
49,46 - 55,M,$120K +,Rs1Cr +,High Income,34516,3230,64,50.46875,High
53,46 - 55,F,Unknown,Unknown,Unknown,17054,4659,72,64.70833333,High
38,36 - 45,M,$60K - $80K,Rs50L - Rs66L,Mid Income,16317,1995,54,36.94444444,Medium
36,36 - 45,M,$80K - $120K,Rs66L - Rs1Cr,Mid Income,3761,3240,65,49.84615385,High
48,46 - 55,M,$40K - $60K,Rs33L - Rs50L,Low Income,2173,4251,60,70.85,High
53,46 - 55,F,$40K - $60K,Rs33L - Rs50L,Low Income,15845,4037,68,59.36764706,High
49,46 - 55,F,$40K - $60K,Rs33L - Rs50L,Low Income,8061,1224,31,39.48387097,Medium
37,36 - 45,M,$120K +,Rs1Cr +,High Income,34516,3660,59,62.03389831,High
44,36 - 45,M,$80K - $120K,Rs66L - Rs1Cr,Mid Income,19430,3650,80,45.625,High
42,36 - 45,F,Unknown,Unknown,Unknown,19127,3323,56,59.33928571,High
48,46 - 55,M,$40K - $60K,Rs33L - Rs50L,Low Income,2708,2198,41,53.6097561,High
60,55+,F,Unknown,Unknown,Unknown,23566,4274,64,66.78125,High
49,46 - 55,F,Unknown,Unknown,Unknown,2532,3400,76,44.73684211,High
37,36 - 45,M,$60K - $80K,Rs50L - Rs66L,Mid Income,9829,2927,73,40.09589041,High
57,55+,F,$40K - $60K,Rs33L - Rs50L,Low Income,7226,3474,67,51.85074627,High
59,55+,F,Less than $40K,<Rs33L,Low Income,4072,1966,43,45.72093023,Medium
46,46 - 55,F,Unknown,Unknown,Unknown,21646,3328,61,54.55737705,High
39,36 - 45,F,Less than $40K,<Rs33L,Low Income,1438.3,4548,69,65.91304348,High
40,36 - 45,M,$120K +,Rs1Cr +,High Income,14046,3792,77,49.24675325,High
49,46 - 55,M,$60K - $80K,Rs50L - Rs66L,Mid Income,25620,3503,66,53.07575758,High
53,46 - 55,M,$120K +,Rs1Cr +,High Income,34516,3029,49,61.81632653,High
59,55+,F,$40K - $60K,Rs33L - Rs50L,Low Income,21358,3646,77,47.35064935,High
63,55+,M,$60K - $80K,Rs50L - Rs66L,Mid Income,1856,1805,46,39.23913043,Medium
36,36 - 45,M,$80K - $120K,Rs66L - Rs1Cr,Mid Income,1438.3,3204,68,47.11764706,High
64,55+,M,Less than $40K,<Rs33L,Low Income,2586,3435,65,52.84615385,High
39,36 - 45,M,$80K - $120K,Rs66L - Rs1Cr,Mid Income,3281,2006,34,59,High
50,46 - 55,F,Less than $40K,<Rs33L,Low Income,7115,3584,57,62.87719298,High
38,36 - 45,F,Unknown,Unknown,Unknown,13220,3789,72,52.625,High
45,36 - 45,M,$60K - $80K,Rs50L - Rs66L,Mid Income,5996,4542,77,58.98701299,High
47,46 - 55,M,$40K - $60K,Rs33L - Rs50L,Low Income,9080,2098,46,45.60869565,High
54,46 - 55,F,Unknown,Unknown,Unknown,7563,4175,67,62.31343284,High
40,36 - 45,F,Less than $40K,<Rs33L,Low Income,8749,5054,73,69.23287671,High
52,46 - 55,M,$60K - $80K,Rs50L - Rs66L,Mid Income,14973,4288,72,59.55555556,High
63,55+,M,Unknown,Unknown,Unknown,7108,3787,68,55.69117647,High
48,46 - 55,F,Unknown,Unknown,Unknown,23007,3395,63,53.88888889,High
46,46 - 55,M,$60K - $80K,Rs50L - Rs66L,Mid Income,24248,3311,84,39.41666667,High
52,46 - 55,M,$80K - $120K,Rs66L - Rs1Cr,Mid Income,11617,1643,43,38.20930233,Medium
45,36 - 45,M,$60K - $80K,Rs50L - Rs66L,Mid Income,30428,4178,69,60.55072464,High
48,46 - 55,M,$80K - $120K,Rs66L - Rs1Cr,Mid Income,6805,3463,65,53.27692308,High
59,55+,M,$60K - $80K,Rs50L - Rs66L,Mid Income,14257,1809,23,78.65217391,Medium
47,46 - 55,M,$120K +,Rs1Cr +,High Income,34516,1641,35,46.88571429,Medium
55,46 - 55,F,Less than $40K,<Rs33L,Low Income,5719,3403,68,50.04411765,High
53,46 - 55,M,$80K - $120K,Rs66L - Rs1Cr,Mid Income,9517,1453,26,55.88461538,Medium
41,36 - 45,F,$40K - $60K,Rs33L - Rs50L,Low Income,5317,2003,29,69.06896552,High
40,36 - 45,M,$40K - $60K,Rs33L - Rs50L,Low Income,2526,3596,69,52.11594203,High
52,46 - 55,F,Less than $40K,<Rs33L,Low Income,2971,4458,63,70.76190476,High
59,55+,M,Less than $40K,<Rs33L,Low Income,6834,4422,70,63.17142857,High
36,36 - 45,F,Unknown,Unknown,Unknown,3002,2624,46,57.04347826,High
59,55+,M,$60K - $80K,Rs50L - Rs66L,Mid Income,16727,3511,73,48.09589041,High
41,36 - 45,M,$60K - $80K,Rs50L - Rs66L,Mid Income,4573,3776,70,53.94285714,High
38,36 - 45,M,$80K - $120K,Rs66L - Rs1Cr,Mid Income,15410,3368,69,48.8115942,High
44,36 - 45,F,$40K - $60K,Rs33L - Rs50L,Low Income,3299,4312,84,51.33333333,High
42,36 - 45,F,Less than $40K,<Rs33L,Low Income,13453,1904,42,45.33333333,Medium
48,46 - 55,F,Less than $40K,<Rs33L,Low Income,6362,5169,84,61.53571429,High
57,55+,F,Less than $40K,<Rs33L,Low Income,2679,1723,28,61.53571429,Medium
34,26 - 35,M,$120K +,Rs1Cr +,High Income,4369,3259,80,40.7375,High
50,46 - 55,F,Less than $40K,<Rs33L,Low Income,1721,2681,57,47.03508772,High
41,36 - 45,M,$80K - $120K,Rs66L - Rs1Cr,Mid Income,2196,2040,65,31.38461538,High
50,46 - 55,M,$40K - $60K,Rs33L - Rs50L,Low Income,2845,3730,66,56.51515152,High
49,46 - 55,M,$120K +,Rs1Cr +,High Income,21144,4895,66,74.16666667,High
47,46 - 55,M,$120K +,Rs1Cr +,High Income,3952,2066,37,55.83783784,High
45,36 - 45,F,Less than $40K,<Rs33L,Low Income,3518,4034,82,49.19512195,High
47,46 - 55,M,$60K - $80K,Rs50L - Rs66L,Mid Income,17343,3170,57,55.61403509,High
43,36 - 45,M,$80K - $120K,Rs66L - Rs1Cr,Mid Income,3498,2512,56,44.85714286,High
39,36 - 45,M,$40K - $60K,Rs33L - Rs50L,Low Income,9121,4112,80,51.4,High
36,36 - 45,M,$120K +,Rs1Cr +,High Income,20230,4314,82,52.6097561,High
44,36 - 45,M,$60K - $80K,Rs50L - Rs66L,Mid Income,15422,2136,54,39.55555556,High
47,46 - 55,M,$60K - $80K,Rs50L - Rs66L,Mid Income,9132,3809,71,53.64788732,High
41,36 - 45,F,Less than $40K,<Rs33L,Low Income,8054,3374,45,74.97777778,High
42,36 - 45,M,$40K - $60K,Rs33L - Rs50L,Low Income,1640,1360,33,41.21212121,Medium
48,46 - 55,M,$80K - $120K,Rs66L - Rs1Cr,Mid Income,8739,4276,69,61.97101449,High
46,46 - 55,M,$80K - $120K,Rs66L - Rs1Cr,Mid Income,1818,2308,44,52.45454545,High
46,46 - 55,F,Unknown,Unknown,Unknown,24949,4092,77,53.14285714,High
46,46 - 55,F,$40K - $60K,Rs33L - Rs50L,Low Income,3115,3704,70,52.91428571,High
52,46 - 55,M,$120K +,Rs1Cr +,High Income,29695,4109,71,57.87323944,High
56,55+,M,$60K - $80K,Rs50L - Rs66L,Mid Income,7261,3723,58,64.18965517,High
38,36 - 45,F,Less than $40K,<Rs33L,Low Income,1621,1893,41,46.17073171,Medium
41,36 - 45,M,$80K - $120K,Rs66L - Rs1Cr,Mid Income,33472,4719,70,67.41428571,High
51,46 - 55,M,$40K - $60K,Rs33L - Rs50L,Low Income,11512,1842,32,57.5625,Medium
26,26 - 35,F,Unknown,Unknown,Unknown,12463,3996,71,56.28169014,High
51,46 - 55,M,$60K - $80K,Rs50L - Rs66L,Mid Income,8511,3775,62,60.88709677,High
41,36 - 45,M,$60K - $80K,Rs50L - Rs66L,Mid Income,4821,3571,58,61.56896552,High
57,55+,M,$60K - $80K,Rs50L - Rs66L,Mid Income,2480,3438,66,52.09090909,High
44,36 - 45,M,$120K +,Rs1Cr +,High Income,34516,4228,83,50.93975904,High
52,46 - 55,M,$120K +,Rs1Cr +,High Income,8596,4017,80,50.2125,High
49,46 - 55,M,$60K - $80K,Rs50L - Rs66L,Mid Income,7223,4127,70,58.95714286,High
52,46 - 55,M,$60K - $80K,Rs50L - Rs66L,Mid Income,1629,3766,83,45.37349398,High
44,36 - 45,F,Unknown,Unknown,Unknown,17116,3632,50,72.64,High
63,55+,M,$60K - $80K,Rs50L - Rs66L,Mid Income,7216,1734,38,45.63157895,Medium
44,36 - 45,M,$60K - $80K,Rs50L - Rs66L,Mid Income,28397,1635,31,52.74193548,Medium
53,46 - 55,M,$60K - $80K,Rs50L - Rs66L,Mid Income,13720,1830,36,50.83333333,Medium
47,46 - 55,F,$40K - $60K,Rs33L - Rs50L,Low Income,7553,4079,67,60.88059701,High
49,46 - 55,M,$60K - $80K,Rs50L - Rs66L,Mid Income,2952,3830,77,49.74025974,High
35,26 - 35,M,$80K - $120K,Rs66L - Rs1Cr,Mid Income,11229,1898,36,52.72222222,Medium
45,36 - 45,M,$40K - $60K,Rs33L - Rs50L,Low Income,7109,4047,75,53.96,High
45,36 - 45,M,$40K - $60K,Rs33L - Rs50L,Low Income,1862,3520,68,51.76470588,High
36,36 - 45,M,$60K - $80K,Rs50L - Rs66L,Mid Income,4511,2597,71,36.57746479,High
42,36 - 45,M,$40K - $60K,Rs33L - Rs50L,Low Income,2533,3436,74,46.43243243,High
46,46 - 55,M,$120K +,Rs1Cr +,High Income,2016,3772,62,60.83870968,High
49,46 - 55,M,$40K - $60K,Rs33L - Rs50L,Low Income,3893,1866,37,50.43243243,Medium
50,46 - 55,M,$40K - $60K,Rs33L - Rs50L,Low Income,5530,4836,68,71.11764706,High
57,55+,F,Less than $40K,<Rs33L,Low Income,1737,3669,58,63.25862069,High
46,46 - 55,F,Unknown,Unknown,Unknown,6853,3543,52,68.13461538,High
55,46 - 55,M,$120K +,Rs1Cr +,High Income,34516,2862,78,36.69230769,High
38,36 - 45,M,$40K - $60K,Rs33L - Rs50L,Low Income,11068,3812,64,59.5625,High
35,26 - 35,F,Less than $40K,<Rs33L,Low Income,5546,1770,46,38.47826087,Medium
48,46 - 55,M,$60K - $80K,Rs50L - Rs66L,Mid Income,7277,2356,40,58.9,High
57,55+,M,$40K - $60K,Rs33L - Rs50L,Low Income,9426,4212,75,56.16,High
55,46 - 55,M,$60K - $80K,Rs50L - Rs66L,Mid Income,1594,3851,65,59.24615385,High
47,46 - 55,M,$80K - $120K,Rs66L - Rs1Cr,Mid Income,2158,4421,89,49.6741573,High
37,36 - 45,M,$40K - $60K,Rs33L - Rs50L,Low Income,3490,3392,80,42.4,High
48,46 - 55,F,Less than $40K,<Rs33L,Low Income,2364,3230,65,49.69230769,High
49,46 - 55,F,Unknown,Unknown,Unknown,15704,4253,91,46.73626374,High
49,46 - 55,M,$60K - $80K,Rs50L - Rs66L,Mid Income,18253,3737,73,51.19178082,High
48,46 - 55,F,Less than $40K,<Rs33L,Low Income,3696,3405,76,44.80263158,High
52,46 - 55,M,$40K - $60K,Rs33L - Rs50L,Low Income,8748,3533,73,48.39726027,High
44,36 - 45,F,$40K - $60K,Rs33L - Rs50L,Low Income,5608,3829,74,51.74324324,High
41,36 - 45,M,$80K - $120K,Rs66L - Rs1Cr,Mid Income,34516,3811,61,62.47540984,High
51,46 - 55,F,Less than $40K,<Rs33L,Low Income,3236,3952,80,49.4,High
45,36 - 45,F,Less than $40K,<Rs33L,Low Income,2736,4550,84,54.16666667,High
49,46 - 55,F,Less than $40K,<Rs33L,Low Income,5195,3313,69,48.01449275,High
47,46 - 55,M,$120K +,Rs1Cr +,High Income,34516,4039,72,56.09722222,High
44,36 - 45,M,$40K - $60K,Rs33L - Rs50L,Low Income,6327,3653,77,47.44155844,High
42,36 - 45,M,$80K - $120K,Rs66L - Rs1Cr,Mid Income,4728,4077,70,58.24285714,High
62,55+,M,$80K - $120K,Rs66L - Rs1Cr,Mid Income,34516,3975,63,63.0952381,High
32,26 - 35,M,$120K +,Rs1Cr +,High Income,6276,2637,68,38.77941176,High
43,36 - 45,M,$80K - $120K,Rs66L - Rs1Cr,Mid Income,13430,3717,67,55.47761194,High
62,55+,M,$60K - $80K,Rs50L - Rs66L,Mid Income,2796,4820,74,65.13513514,High
46,46 - 55,M,$40K - $60K,Rs33L - Rs50L,Low Income,2457,3256,71,45.85915493,High
62,55+,F,Less than $40K,<Rs33L,Low Income,7075,4409,75,58.78666667,High
42,36 - 45,M,$80K - $120K,Rs66L - Rs1Cr,Mid Income,12386,3274,69,47.44927536,High
39,36 - 45,M,$80K - $120K,Rs66L - Rs1Cr,Mid Income,32210,1821,53,34.35849057,Medium
59,55+,M,$40K - $60K,Rs33L - Rs50L,Low Income,2136,1908,37,51.56756757,Medium
43,36 - 45,M,$80K - $120K,Rs66L - Rs1Cr,Mid Income,10851,3688,65,56.73846154,High
52,46 - 55,M,$120K +,Rs1Cr +,High Income,2717,3974,70,56.77142857,High
59,55+,F,Unknown,Unknown,Unknown,3578,4065,79,51.4556962,High
60,55+,M,$60K - $80K,Rs50L - Rs66L,Mid Income,10698,4095,67,61.11940299,High
48,46 - 55,F,Less than $40K,<Rs33L,Low Income,4668,4163,77,54.06493506,High
40,36 - 45,F,Unknown,Unknown,Unknown,6772,3658,66,55.42424242,High
55,46 - 55,M,$80K - $120K,Rs66L - Rs1Cr,Mid Income,10696,2489,38,65.5,High
48,46 - 55,M,$80K - $120K,Rs66L - Rs1Cr,Mid Income,11851,4498,73,61.61643836,High
36,36 - 45,M,$40K - $60K,Rs33L - Rs50L,Low Income,11558,2220,53,41.88679245,High
49,46 - 55,M,$60K - $80K,Rs50L - Rs66L,Mid Income,9551,3213,52,61.78846154,High
40,36 - 45,M,$80K - $120K,Rs66L - Rs1Cr,Mid Income,29923,2528,52,48.61538462,High
54,46 - 55,F,Less than $40K,<Rs33L,Low Income,1438.3,1598,40,39.95,Medium
40,36 - 45,M,$120K +,Rs1Cr +,High Income,34516,3906,77,50.72727273,High
63,55+,M,$80K - $120K,Rs66L - Rs1Cr,Mid Income,9033,4456,85,52.42352941,High
44,36 - 45,F,Less than $40K,<Rs33L,Low Income,3675,1913,35,54.65714286,Medium
44,36 - 45,M,$80K - $120K,Rs66L - Rs1Cr,Mid Income,9183,4503,69,65.26086957,High
45,36 - 45,F,Less than $40K,<Rs33L,Low Income,7924,3270,58,56.37931034,High
36,36 - 45,F,Less than $40K,<Rs33L,Low Income,5383,2934,80,36.675,High
45,36 - 45,F,$40K - $60K,Rs33L - Rs50L,Low Income,21425,3704,60,61.73333333,High
38,36 - 45,M,$80K - $120K,Rs66L - Rs1Cr,Mid Income,32866,3788,76,49.84210526,High
44,36 - 45,F,Less than $40K,<Rs33L,Low Income,1438.3,3966,57,69.57894737,High
35,26 - 35,M,$40K - $60K,Rs33L - Rs50L,Low Income,10467,2665,65,41,High
55,46 - 55,M,$120K +,Rs1Cr +,High Income,12856,3364,61,55.14754098,High
61,55+,F,$40K - $60K,Rs33L - Rs50L,Low Income,9721,2260,46,49.13043478,High
43,36 - 45,F,Less than $40K,<Rs33L,Low Income,3981,2134,42,50.80952381,High
40,36 - 45,F,Less than $40K,<Rs33L,Low Income,7587,3157,59,53.50847458,High
51,46 - 55,F,$40K - $60K,Rs33L - Rs50L,Low Income,3417,3651,60,60.85,High
48,46 - 55,F,Unknown,Unknown,Unknown,8012,2645,63,41.98412698,High
64,55+,M,Less than $40K,<Rs33L,Low Income,3812,2325,45,51.66666667,High
49,46 - 55,M,$80K - $120K,Rs66L - Rs1Cr,Mid Income,21378,3526,64,55.09375,High
54,46 - 55,F,Less than $40K,<Rs33L,Low Income,12873,3170,70,45.28571429,High
46,46 - 55,M,$60K - $80K,Rs50L - Rs66L,Mid Income,20229,4270,62,68.87096774,High
34,26 - 35,F,Less than $40K,<Rs33L,Low Income,5387,2596,59,44,High
46,46 - 55,M,$80K - $120K,Rs66L - Rs1Cr,Mid Income,16546,4255,75,56.73333333,High
48,46 - 55,M,$40K - $60K,Rs33L - Rs50L,Low Income,11191,3914,71,55.12676056,High
45,36 - 45,M,$60K - $80K,Rs50L - Rs66L,Mid Income,17576,3494,67,52.14925373,High
65,55+,F,Less than $40K,<Rs33L,Low Income,4182,4046,57,70.98245614,High
45,36 - 45,M,$40K - $60K,Rs33L - Rs50L,Low Income,10271,3696,72,51.33333333,High
40,36 - 45,F,Less than $40K,<Rs33L,Low Income,1647,4272,76,56.21052632,High
50,46 - 55,F,Less than $40K,<Rs33L,Low Income,1560,1936,58,33.37931034,Medium
40,36 - 45,M,$60K - $80K,Rs50L - Rs66L,Mid Income,1659,3838,66,58.15151515,High
38,36 - 45,M,$120K +,Rs1Cr +,High Income,22487,4960,73,67.94520548,High
36,36 - 45,M,Less than $40K,<Rs33L,Low Income,5403,4382,74,59.21621622,High
54,46 - 55,F,$40K - $60K,Rs33L - Rs50L,Low Income,4717,4216,67,62.92537313,High
50,46 - 55,M,$60K - $80K,Rs50L - Rs66L,Mid Income,5180,3447,74,46.58108108,High
50,46 - 55,M,$80K - $120K,Rs66L - Rs1Cr,Mid Income,4915,1474,36,40.94444444,Medium
41,36 - 45,M,$80K - $120K,Rs66L - Rs1Cr,Mid Income,12154,3853,71,54.26760563,High
46,46 - 55,M,$60K - $80K,Rs50L - Rs66L,Mid Income,3258,3169,67,47.29850746,High
44,36 - 45,F,Unknown,Unknown,Unknown,13349,3534,78,45.30769231,High
50,46 - 55,M,$120K +,Rs1Cr +,High Income,34516,1480,37,40,Medium
45,36 - 45,M,$80K - $120K,Rs66L - Rs1Cr,Mid Income,31458,4202,66,63.66666667,High
40,36 - 45,F,Less than $40K,<Rs33L,Low Income,1438.3,3308,54,61.25925926,High
46,46 - 55,F,Less than $40K,<Rs33L,Low Income,10961,3914,77,50.83116883,High
48,46 - 55,M,$60K - $80K,Rs50L - Rs66L,Mid Income,8904,3654,65,56.21538462,High
47,46 - 55,M,$40K - $60K,Rs33L - Rs50L,Low Income,2498,1839,29,63.4137931,Medium
42,36 - 45,M,$80K - $120K,Rs66L - Rs1Cr,Mid Income,16105,4631,76,60.93421053,High
43,36 - 45,F,Unknown,Unknown,Unknown,34516,4197,67,62.64179104,High
49,46 - 55,F,Unknown,Unknown,Unknown,2222,4372,65,67.26153846,High
46,46 - 55,F,Unknown,Unknown,Unknown,16815,2976,65,45.78461538,High
41,36 - 45,F,Unknown,Unknown,Unknown,11538,1926,53,36.33962264,Medium
45,36 - 45,M,$40K - $60K,Rs33L - Rs50L,Low Income,9569,1724,35,49.25714286,Medium
40,36 - 45,M,$80K - $120K,Rs66L - Rs1Cr,Mid Income,3340,4526,82,55.19512195,High
40,36 - 45,M,$80K - $120K,Rs66L - Rs1Cr,Mid Income,3654,4003,67,59.74626866,High
49,46 - 55,M,$40K - $60K,Rs33L - Rs50L,Low Income,10541,4269,92,46.40217391,High
51,46 - 55,M,$120K +,Rs1Cr +,High Income,34516,3997,54,74.01851852,High
43,36 - 45,F,Unknown,Unknown,Unknown,34516,3639,76,47.88157895,High
45,36 - 45,M,$80K - $120K,Rs66L - Rs1Cr,Mid Income,1613,3549,65,54.6,High
38,36 - 45,M,$80K - $120K,Rs66L - Rs1Cr,Mid Income,1438.3,1585,32,49.53125,Medium
40,36 - 45,F,Unknown,Unknown,Unknown,13126,4496,61,73.70491803,High
49,46 - 55,M,$40K - $60K,Rs33L - Rs50L,Low Income,1922,2920,46,63.47826087,High
45,36 - 45,F,Less than $40K,<Rs33L,Low Income,14521,4178,66,63.3030303,High
63,55+,F,Less than $40K,<Rs33L,Low Income,1931,2288,48,47.66666667,High
43,36 - 45,M,$40K - $60K,Rs33L - Rs50L,Low Income,8513,2015,37,54.45945946,High
50,46 - 55,M,$40K - $60K,Rs33L - Rs50L,Low Income,2421,2377,56,42.44642857,High
47,46 - 55,F,Less than $40K,<Rs33L,Low Income,1478,4123,67,61.53731343,High
63,55+,M,$60K - $80K,Rs50L - Rs66L,Mid Income,2466,4059,66,61.5,High
30,26 - 35,F,Less than $40K,<Rs33L,Low Income,2501,2933,65,45.12307692,High
41,36 - 45,M,$60K - $80K,Rs50L - Rs66L,Mid Income,13602,3582,69,51.91304348,High
38,36 - 45,M,Less than $40K,<Rs33L,Low Income,3094,3607,81,44.5308642,High
44,36 - 45,F,Less than $40K,<Rs33L,Low Income,2485,3697,77,48.01298701,High
50,46 - 55,M,$80K - $120K,Rs66L - Rs1Cr,Mid Income,14817,4014,70,57.34285714,High
50,46 - 55,M,$80K - $120K,Rs66L - Rs1Cr,Mid Income,13824,4630,74,62.56756757,High
46,46 - 55,F,Less than $40K,<Rs33L,Low Income,1438.3,3880,74,52.43243243,High
51,46 - 55,M,$60K - $80K,Rs50L - Rs66L,Mid Income,3797,4191,65,64.47692308,High
53,46 - 55,F,Less than $40K,<Rs33L,Low Income,6189,5004,65,76.98461538,High
40,36 - 45,M,$60K - $80K,Rs50L - Rs66L,Mid Income,22956,5554,64,86.78125,High
49,46 - 55,F,$40K - $60K,Rs33L - Rs50L,Low Income,3943,4180,82,50.97560976,High
54,46 - 55,M,$120K +,Rs1Cr +,High Income,5569,2600,60,43.33333333,High
50,46 - 55,M,$80K - $120K,Rs66L - Rs1Cr,Mid Income,2418,3896,58,67.17241379,High
45,36 - 45,M,Less than $40K,<Rs33L,Low Income,1963,3718,75,49.57333333,High
46,46 - 55,F,Unknown,Unknown,Unknown,7966,3780,75,50.4,High
51,46 - 55,F,Less than $40K,<Rs33L,Low Income,7742,3507,69,50.82608696,High
63,55+,F,Less than $40K,<Rs33L,Low Income,2074,4232,75,56.42666667,High
54,46 - 55,F,$40K - $60K,Rs33L - Rs50L,Low Income,4948,1796,41,43.80487805,Medium
51,46 - 55,M,$60K - $80K,Rs50L - Rs66L,Mid Income,4988,3890,74,52.56756757,High
60,55+,M,$60K - $80K,Rs50L - Rs66L,Mid Income,28701,3516,57,61.68421053,High
30,26 - 35,M,$40K - $60K,Rs33L - Rs50L,Low Income,6607,3046,73,41.7260274,High
44,36 - 45,M,$60K - $80K,Rs50L - Rs66L,Mid Income,16034,3628,59,61.49152542,High
33,26 - 35,M,$60K - $80K,Rs50L - Rs66L,Mid Income,24149,2584,66,39.15151515,High
40,36 - 45,F,$40K - $60K,Rs33L - Rs50L,Low Income,16903,3819,61,62.60655738,High
52,46 - 55,M,$60K - $80K,Rs50L - Rs66L,Mid Income,1438.3,3769,73,51.63013699,High
39,36 - 45,M,$60K - $80K,Rs50L - Rs66L,Mid Income,24657,1954,46,42.47826087,Medium
51,46 - 55,F,$40K - $60K,Rs33L - Rs50L,Low Income,5026,1844,37,49.83783784,Medium
51,46 - 55,F,Unknown,Unknown,Unknown,9352,3536,71,49.8028169,High
46,46 - 55,M,$60K - $80K,Rs50L - Rs66L,Mid Income,4939,2150,43,50,High
44,36 - 45,M,$40K - $60K,Rs33L - Rs50L,Low Income,9502,2310,57,40.52631579,High
62,55+,F,Less than $40K,<Rs33L,Low Income,2936,2692,29,92.82758621,High
53,46 - 55,M,$80K - $120K,Rs66L - Rs1Cr,Mid Income,22855,3711,83,44.71084337,High
47,46 - 55,F,$40K - $60K,Rs33L - Rs50L,Low Income,6602,3163,73,43.32876712,High
45,36 - 45,M,$80K - $120K,Rs66L - Rs1Cr,Mid Income,3728,1632,42,38.85714286,Medium
42,36 - 45,M,$60K - $80K,Rs50L - Rs66L,Mid Income,2021,3253,62,52.46774194,High
47,46 - 55,F,$40K - $60K,Rs33L - Rs50L,Low Income,2255,4772,83,57.4939759,High
41,36 - 45,F,Less than $40K,<Rs33L,Low Income,15704,4487,71,63.1971831,High
46,46 - 55,M,$60K - $80K,Rs50L - Rs66L,Mid Income,5746,3446,56,61.53571429,High
36,36 - 45,M,$40K - $60K,Rs33L - Rs50L,Low Income,8436,2627,63,41.6984127,High
47,46 - 55,F,$40K - $60K,Rs33L - Rs50L,Low Income,1438.3,2584,42,61.52380952,High
56,55+,F,Less than $40K,<Rs33L,Low Income,8340,3755,77,48.76623377,High
54,46 - 55,M,$80K - $120K,Rs66L - Rs1Cr,Mid Income,15108,3713,65,57.12307692,High
42,36 - 45,F,$40K - $60K,Rs33L - Rs50L,Low Income,15104,4259,79,53.91139241,High
39,36 - 45,F,Less than $40K,<Rs33L,Low Income,2490,1902,34,55.94117647,Medium
45,36 - 45,M,Less than $40K,<Rs33L,Low Income,2009,3172,55,57.67272727,High
52,46 - 55,M,$120K +,Rs1Cr +,High Income,31668,1822,36,50.61111111,Medium
46,46 - 55,M,$60K - $80K,Rs50L - Rs66L,Mid Income,5735,3908,75,52.10666667,High
48,46 - 55,M,$80K - $120K,Rs66L - Rs1Cr,Mid Income,7633,1807,58,31.15517241,Medium
46,46 - 55,M,$60K - $80K,Rs50L - Rs66L,Mid Income,23642,3139,54,58.12962963,High
42,36 - 45,M,$40K - $60K,Rs33L - Rs50L,Low Income,6698,4065,77,52.79220779,High
45,36 - 45,F,Less than $40K,<Rs33L,Low Income,1438.3,2598,59,44.03389831,High
50,46 - 55,F,Less than $40K,<Rs33L,Low Income,1438.3,2004,25,80.16,High
50,46 - 55,F,Less than $40K,<Rs33L,Low Income,2563,3774,83,45.46987952,High
39,36 - 45,F,$40K - $60K,Rs33L - Rs50L,Low Income,17814,4712,76,62,High
45,36 - 45,F,Unknown,Unknown,Unknown,7738,4255,61,69.75409836,High
52,46 - 55,M,$120K +,Rs1Cr +,High Income,13114,2474,51,48.50980392,High
42,36 - 45,M,$120K +,Rs1Cr +,High Income,34516,4281,72,59.45833333,High
49,46 - 55,F,Unknown,Unknown,Unknown,17345,3523,64,55.046875,High
51,46 - 55,M,$120K +,Rs1Cr +,High Income,8706,3203,54,59.31481481,High
48,46 - 55,M,$60K - $80K,Rs50L - Rs66L,Mid Income,19272,3398,67,50.71641791,High
52,46 - 55,F,Unknown,Unknown,Unknown,4798,3967,72,55.09722222,High
43,36 - 45,M,$60K - $80K,Rs50L - Rs66L,Mid Income,12254,2129,42,50.69047619,High
49,46 - 55,M,$80K - $120K,Rs66L - Rs1Cr,Mid Income,9549,4629,76,60.90789474,High
37,36 - 45,M,Less than $40K,<Rs33L,Low Income,11568,1701,44,38.65909091,Medium
48,46 - 55,F,Less than $40K,<Rs33L,Low Income,6197,3825,67,57.08955224,High
40,36 - 45,M,$80K - $120K,Rs66L - Rs1Cr,Mid Income,34516,3193,53,60.24528302,High
49,46 - 55,M,$40K - $60K,Rs33L - Rs50L,Low Income,5137,2043,52,39.28846154,High
46,46 - 55,M,$80K - $120K,Rs66L - Rs1Cr,Mid Income,1791,3592,46,78.08695652,High
50,46 - 55,F,Less than $40K,<Rs33L,Low Income,7238,2025,36,56.25,High
50,46 - 55,M,$80K - $120K,Rs66L - Rs1Cr,Mid Income,4514,4107,59,69.61016949,High
44,36 - 45,F,Unknown,Unknown,Unknown,5366,4558,56,81.39285714,High
47,46 - 55,M,$60K - $80K,Rs50L - Rs66L,Mid Income,29812,2385,50,47.7,High
48,46 - 55,F,$40K - $60K,Rs33L - Rs50L,Low Income,9559,4064,70,58.05714286,High
49,46 - 55,F,Less than $40K,<Rs33L,Low Income,8353,4200,83,50.60240964,High
51,46 - 55,F,Less than $40K,<Rs33L,Low Income,5455,3863,67,57.65671642,High
59,55+,F,Less than $40K,<Rs33L,Low Income,9899,4579,73,62.7260274,High
45,36 - 45,M,$40K - $60K,Rs33L - Rs50L,Low Income,15578,4449,81,54.92592593,High
50,46 - 55,F,Unknown,Unknown,Unknown,15641,3769,76,49.59210526,High
46,46 - 55,F,Less than $40K,<Rs33L,Low Income,3504,4439,70,63.41428571,High
47,46 - 55,M,$80K - $120K,Rs66L - Rs1Cr,Mid Income,18432,2748,58,47.37931034,High
46,46 - 55,M,$60K - $80K,Rs50L - Rs66L,Mid Income,2369,3034,51,59.49019608,High
60,55+,F,$40K - $60K,Rs33L - Rs50L,Low Income,10882,1861,46,40.45652174,Medium
38,36 - 45,F,$40K - $60K,Rs33L - Rs50L,Low Income,3509,4712,84,56.0952381,High
51,46 - 55,F,Less than $40K,<Rs33L,Low Income,2469,4351,62,70.17741935,High
47,46 - 55,F,Less than $40K,<Rs33L,Low Income,14335,3610,75,48.13333333,High
47,46 - 55,M,$40K - $60K,Rs33L - Rs50L,Low Income,4005,2344,34,68.94117647,High
49,46 - 55,F,Less than $40K,<Rs33L,Low Income,1976,3675,81,45.37037037,High
39,36 - 45,F,Less than $40K,<Rs33L,Low Income,3664,1479,44,33.61363636,Medium
44,36 - 45,F,Less than $40K,<Rs33L,Low Income,3734,3144,62,50.70967742,High
40,36 - 45,M,$40K - $60K,Rs33L - Rs50L,Low Income,6033,4505,74,60.87837838,High
56,55+,M,$80K - $120K,Rs66L - Rs1Cr,Mid Income,4531,1425,27,52.77777778,Medium
45,36 - 45,F,Less than $40K,<Rs33L,Low Income,6245,2521,50,50.42,High
37,36 - 45,M,$80K - $120K,Rs66L - Rs1Cr,Mid Income,34516,2681,55,48.74545455,High
42,36 - 45,M,$60K - $80K,Rs50L - Rs66L,Mid Income,11880,1789,42,42.5952381,Medium
43,36 - 45,F,Less than $40K,<Rs33L,Low Income,4188,3492,69,50.60869565,High
59,55+,F,Less than $40K,<Rs33L,Low Income,9344,4154,60,69.23333333,High
42,36 - 45,M,$80K - $120K,Rs66L - Rs1Cr,Mid Income,24126,3342,52,64.26923077,High
46,46 - 55,M,$120K +,Rs1Cr +,High Income,34516,3699,77,48.03896104,High
28,26 - 35,M,Less than $40K,<Rs33L,Low Income,2295,3366,82,41.04878049,High
47,46 - 55,F,$40K - $60K,Rs33L - Rs50L,Low Income,5496,1913,34,56.26470588,Medium
54,46 - 55,M,$80K - $120K,Rs66L - Rs1Cr,Mid Income,12342,1430,37,38.64864865,Medium
55,46 - 55,F,Less than $40K,<Rs33L,Low Income,1928,2190,30,73,High
62,55+,M,$60K - $80K,Rs50L - Rs66L,Mid Income,12814,3566,76,46.92105263,High
49,46 - 55,F,Less than $40K,<Rs33L,Low Income,5242,4098,68,60.26470588,High
48,46 - 55,M,$60K - $80K,Rs50L - Rs66L,Mid Income,8808,1905,42,45.35714286,Medium
43,36 - 45,F,Less than $40K,<Rs33L,Low Income,4469,2111,38,55.55263158,High
51,46 - 55,M,$80K - $120K,Rs66L - Rs1Cr,Mid Income,8031,3576,77,46.44155844,High
48,46 - 55,M,$60K - $80K,Rs50L - Rs66L,Mid Income,9728,3756,57,65.89473684,High
47,46 - 55,F,$40K - $60K,Rs33L - Rs50L,Low Income,4748,3197,70,45.67142857,High
50,46 - 55,M,$80K - $120K,Rs66L - Rs1Cr,Mid Income,19999,3183,69,46.13043478,High
56,55+,M,$40K - $60K,Rs33L - Rs50L,Low Income,6331,3527,69,51.11594203,High
43,36 - 45,M,$40K - $60K,Rs33L - Rs50L,Low Income,9662,3817,70,54.52857143,High
47,46 - 55,F,Less than $40K,<Rs33L,Low Income,1693,2104,40,52.6,High
49,46 - 55,F,Less than $40K,<Rs33L,Low Income,2964,4345,69,62.97101449,High
48,46 - 55,F,Less than $40K,<Rs33L,Low Income,5483,2051,49,41.85714286,High
40,36 - 45,M,$60K - $80K,Rs50L - Rs66L,Mid Income,15186,1884,33,57.09090909,Medium
41,36 - 45,M,$80K - $120K,Rs66L - Rs1Cr,Mid Income,33408,3754,77,48.75324675,High
43,36 - 45,F,Less than $40K,<Rs33L,Low Income,3125,4422,71,62.28169014,High
42,36 - 45,M,$60K - $80K,Rs50L - Rs66L,Mid Income,2934,2484,55,45.16363636,High
39,36 - 45,M,$120K +,Rs1Cr +,High Income,34516,3572,55,64.94545455,High
50,46 - 55,F,$40K - $60K,Rs33L - Rs50L,Low Income,5349,2122,46,46.13043478,High
50,46 - 55,M,$80K - $120K,Rs66L - Rs1Cr,Mid Income,9810,2247,41,54.80487805,High
50,46 - 55,M,$120K +,Rs1Cr +,High Income,7084,3838,66,58.15151515,High
51,46 - 55,F,Less than $40K,<Rs33L,Low Income,3537,4101,80,51.2625,High
47,46 - 55,M,Less than $40K,<Rs33L,Low Income,8896,4252,70,60.74285714,High
41,36 - 45,M,$80K - $120K,Rs66L - Rs1Cr,Mid Income,30733,3455,80,43.1875,High
49,46 - 55,M,$60K - $80K,Rs50L - Rs66L,Mid Income,10177,3557,64,55.578125,High
42,36 - 45,F,Less than $40K,<Rs33L,Low Income,6848,4006,82,48.85365854,High
42,36 - 45,M,$60K - $80K,Rs50L - Rs66L,Mid Income,17165,4063,62,65.53225806,High
45,36 - 45,M,$80K - $120K,Rs66L - Rs1Cr,Mid Income,20274,5274,66,79.90909091,High
50,46 - 55,M,$60K - $80K,Rs50L - Rs66L,Mid Income,19939,3342,76,43.97368421,High
53,46 - 55,M,$120K +,Rs1Cr +,High Income,3378,4437,50,88.74,High
51,46 - 55,M,$80K - $120K,Rs66L - Rs1Cr,Mid Income,9773,3578,71,50.3943662,High
50,46 - 55,F,Unknown,Unknown,Unknown,3668,4430,76,58.28947368,High
64,55+,M,Less than $40K,<Rs33L,Low Income,3196,3412,72,47.38888889,High
45,36 - 45,M,$80K - $120K,Rs66L - Rs1Cr,Mid Income,34516,2534,43,58.93023256,High
52,46 - 55,F,Less than $40K,<Rs33L,Low Income,7030,3211,69,46.53623188,High
47,46 - 55,M,$80K - $120K,Rs66L - Rs1Cr,Mid Income,9410,2178,41,53.12195122,High
38,36 - 45,M,$120K +,Rs1Cr +,High Income,34516,1797,35,51.34285714,Medium
45,36 - 45,F,Less than $40K,<Rs33L,Low Income,4096,3490,66,52.87878788,High
43,36 - 45,F,Unknown,Unknown,Unknown,7210,4249,75,56.65333333,High
57,55+,M,$80K - $120K,Rs66L - Rs1Cr,Mid Income,8026,4072,72,56.55555556,High
47,46 - 55,F,Unknown,Unknown,Unknown,18064,4435,88,50.39772727,High
42,36 - 45,F,Less than $40K,<Rs33L,Low Income,5596,3896,65,59.93846154,High
52,46 - 55,F,Less than $40K,<Rs33L,Low Income,6897,2781,57,48.78947368,High
48,46 - 55,F,Less than $40K,<Rs33L,Low Income,13991,4100,74,55.40540541,High
44,36 - 45,M,$40K - $60K,Rs33L - Rs50L,Low Income,11366,3495,70,49.92857143,High
40,36 - 45,F,Less than $40K,<Rs33L,Low Income,1707,3935,76,51.77631579,High
50,46 - 55,F,Unknown,Unknown,Unknown,23692,3632,62,58.58064516,High
41,36 - 45,M,$80K - $120K,Rs66L - Rs1Cr,Mid Income,11191,3839,73,52.5890411,High
42,36 - 45,F,Less than $40K,<Rs33L,Low Income,3476,4364,88,49.59090909,High
43,36 - 45,M,$60K - $80K,Rs50L - Rs66L,Mid Income,27781,3184,61,52.19672131,High
44,36 - 45,M,$60K - $80K,Rs50L - Rs66L,Mid Income,10534,3456,72,48,High
61,55+,F,Less than $40K,<Rs33L,Low Income,2721,2088,37,56.43243243,High
51,46 - 55,M,$80K - $120K,Rs66L - Rs1Cr,Mid Income,10458,3481,51,68.25490196,High
40,36 - 45,M,$60K - $80K,Rs50L - Rs66L,Mid Income,12544,1758,51,34.47058824,Medium
46,46 - 55,M,$60K - $80K,Rs50L - Rs66L,Mid Income,11464,3660,55,66.54545455,High
50,46 - 55,M,$120K +,Rs1Cr +,High Income,3104,4006,76,52.71052632,High
48,46 - 55,M,$60K - $80K,Rs50L - Rs66L,Mid Income,11770,3280,70,46.85714286,High
50,46 - 55,M,$120K +,Rs1Cr +,High Income,34516,3874,72,53.80555556,High
44,36 - 45,M,$60K - $80K,Rs50L - Rs66L,Mid Income,10998,2237,33,67.78787879,High
42,36 - 45,F,Less than $40K,<Rs33L,Low Income,2757,3766,69,54.57971014,High
46,46 - 55,M,$60K - $80K,Rs50L - Rs66L,Mid Income,5489,3215,64,50.234375,High
52,46 - 55,M,$120K +,Rs1Cr +,High Income,19709,3000,64,46.875,High
42,36 - 45,M,Less than $40K,<Rs33L,Low Income,6967,1919,38,50.5,Medium
47,46 - 55,M,$80K - $120K,Rs66L - Rs1Cr,Mid Income,23424,3537,73,48.45205479,High
39,36 - 45,M,$60K - $80K,Rs50L - Rs66L,Mid Income,21718,3492,66,52.90909091,High
53,46 - 55,F,Less than $40K,<Rs33L,Low Income,4908,3535,65,54.38461538,High
52,46 - 55,M,$40K - $60K,Rs33L - Rs50L,Low Income,1470,4095,63,65,High
39,36 - 45,M,$80K - $120K,Rs66L - Rs1Cr,Mid Income,34516,4256,82,51.90243902,High
63,55+,M,Less than $40K,<Rs33L,Low Income,7936,4247,81,52.43209877,High
53,46 - 55,M,$60K - $80K,Rs50L - Rs66L,Mid Income,14366,3868,66,58.60606061,High
54,46 - 55,F,$40K - $60K,Rs33L - Rs50L,Low Income,9231,4676,68,68.76470588,High
45,36 - 45,F,$40K - $60K,Rs33L - Rs50L,Low Income,18679,2168,55,39.41818182,High
45,36 - 45,F,Unknown,Unknown,Unknown,20356,4547,67,67.86567164,High
52,46 - 55,F,Unknown,Unknown,Unknown,2259,1852,38,48.73684211,Medium
64,55+,F,Less than $40K,<Rs33L,Low Income,6663,4583,78,58.75641026,High
47,46 - 55,F,Less than $40K,<Rs33L,Low Income,2424,3890,66,58.93939394,High
45,36 - 45,F,$40K - $60K,Rs33L - Rs50L,Low Income,15677,3818,81,47.13580247,High
41,36 - 45,M,$40K - $60K,Rs33L - Rs50L,Low Income,2334,2155,48,44.89583333,High
56,55+,F,Unknown,Unknown,Unknown,1816,4175,65,64.23076923,High
52,46 - 55,F,Less than $40K,<Rs33L,Low Income,4950,4529,73,62.04109589,High
39,36 - 45,M,$80K - $120K,Rs66L - Rs1Cr,Mid Income,34516,4048,74,54.7027027,High
61,55+,M,$120K +,Rs1Cr +,High Income,24172,1658,27,61.40740741,Medium
57,55+,M,$60K - $80K,Rs50L - Rs66L,Mid Income,9037,1627,27,60.25925926,Medium
46,46 - 55,F,Less than $40K,<Rs33L,Low Income,7616,2006,52,38.57692308,High
38,36 - 45,M,$40K - $60K,Rs33L - Rs50L,Low Income,11209,4614,96,48.0625,High
44,36 - 45,F,Unknown,Unknown,Unknown,9908,3749,80,46.8625,High
40,36 - 45,M,$40K - $60K,Rs33L - Rs50L,Low Income,18737,4010,76,52.76315789,High
57,55+,F,Less than $40K,<Rs33L,Low Income,5330,3525,79,44.62025316,High
52,46 - 55,M,$120K +,Rs1Cr +,High Income,19032,1726,42,41.0952381,Medium
50,46 - 55,F,Unknown,Unknown,Unknown,5916,3752,75,50.02666667,High
51,46 - 55,M,$40K - $60K,Rs33L - Rs50L,Low Income,16277,3634,62,58.61290323,High
42,36 - 45,M,$60K - $80K,Rs50L - Rs66L,Mid Income,9442,3157,63,50.11111111,High
51,46 - 55,F,Less than $40K,<Rs33L,Low Income,2990,4065,76,53.48684211,High
45,36 - 45,M,$80K - $120K,Rs66L - Rs1Cr,Mid Income,2210,2755,53,51.98113208,High
44,36 - 45,M,$40K - $60K,Rs33L - Rs50L,Low Income,1527,1877,38,49.39473684,Medium
45,36 - 45,M,$60K - $80K,Rs50L - Rs66L,Mid Income,6022,3433,68,50.48529412,High
55,46 - 55,M,$120K +,Rs1Cr +,High Income,26729,4140,69,60,High
63,55+,M,Less than $40K,<Rs33L,Low Income,6102,4527,67,67.56716418,High
33,26 - 35,F,Less than $40K,<Rs33L,Low Income,6803,2603,47,55.38297872,High
46,46 - 55,M,$80K - $120K,Rs66L - Rs1Cr,Mid Income,8101,3226,53,60.86792453,High
41,36 - 45,F,Less than $40K,<Rs33L,Low Income,4632,4306,63,68.34920635,High
58,55+,F,$40K - $60K,Rs33L - Rs50L,Low Income,1996,3421,55,62.2,High
51,46 - 55,M,$120K +,Rs1Cr +,High Income,11600,3488,80,43.6,High
35,26 - 35,M,$40K - $60K,Rs33L - Rs50L,Low Income,2657,2591,59,43.91525424,High
42,36 - 45,F,Less than $40K,<Rs33L,Low Income,8464,4227,92,45.94565217,High
45,36 - 45,M,$80K - $120K,Rs66L - Rs1Cr,Mid Income,29003,1676,36,46.55555556,Medium
51,46 - 55,M,$40K - $60K,Rs33L - Rs50L,Low Income,5000,4077,81,50.33333333,High
63,55+,F,Unknown,Unknown,Unknown,14963,3242,58,55.89655172,High
45,36 - 45,F,Less than $40K,<Rs33L,Low Income,3855,3885,83,46.80722892,High
36,36 - 45,M,$120K +,Rs1Cr +,High Income,28200,2507,64,39.171875,High
39,36 - 45,F,Less than $40K,<Rs33L,Low Income,2310,4343,74,58.68918919,High
52,46 - 55,F,Less than $40K,<Rs33L,Low Income,1960,3782,64,59.09375,High
52,46 - 55,F,Less than $40K,<Rs33L,Low Income,3773,4697,75,62.62666667,High
50,46 - 55,M,$80K - $120K,Rs66L - Rs1Cr,Mid Income,9771,2778,53,52.41509434,High
60,55+,F,Unknown,Unknown,Unknown,6417,3280,71,46.1971831,High
43,36 - 45,M,$60K - $80K,Rs50L - Rs66L,Mid Income,16037,3048,70,43.54285714,High
49,46 - 55,M,$40K - $60K,Rs33L - Rs50L,Low Income,14839,1453,26,55.88461538,Medium
44,36 - 45,M,$80K - $120K,Rs66L - Rs1Cr,Mid Income,34516,3416,70,48.8,High
54,46 - 55,F,$40K - $60K,Rs33L - Rs50L,Low Income,8769,3817,60,63.61666667,High
50,46 - 55,M,$120K +,Rs1Cr +,High Income,20968,2823,61,46.27868852,High
44,36 - 45,M,$60K - $80K,Rs50L - Rs66L,Mid Income,2188,4509,67,67.29850746,High
52,46 - 55,M,$80K - $120K,Rs66L - Rs1Cr,Mid Income,30314,3290,82,40.12195122,High
47,46 - 55,F,Unknown,Unknown,Unknown,18799,2315,52,44.51923077,High
49,46 - 55,F,Less than $40K,<Rs33L,Low Income,1638,4150,70,59.28571429,High
45,36 - 45,M,$40K - $60K,Rs33L - Rs50L,Low Income,3538,4123,74,55.71621622,High
35,26 - 35,F,$40K - $60K,Rs33L - Rs50L,Low Income,2546,4145,75,55.26666667,High
65,55+,M,Unknown,Unknown,Unknown,10775,3432,70,49.02857143,High
47,46 - 55,F,$40K - $60K,Rs33L - Rs50L,Low Income,4798,4225,79,53.48101266,High
56,55+,F,Less than $40K,<Rs33L,Low Income,5816,3534,73,48.4109589,High
49,46 - 55,M,$80K - $120K,Rs66L - Rs1Cr,Mid Income,20533,3918,78,50.23076923,High
58,55+,M,$80K - $120K,Rs66L - Rs1Cr,Mid Income,9890,3497,69,50.68115942,High
52,46 - 55,M,$80K - $120K,Rs66L - Rs1Cr,Mid Income,30820,3402,75,45.36,High
45,36 - 45,F,Less than $40K,<Rs33L,Low Income,6091,3340,60,55.66666667,High
50,46 - 55,M,$60K - $80K,Rs50L - Rs66L,Mid Income,9690,4620,64,72.1875,High
62,55+,F,$40K - $60K,Rs33L - Rs50L,Low Income,6797,3962,70,56.6,High
44,36 - 45,F,Less than $40K,<Rs33L,Low Income,4985,4222,61,69.21311475,High
61,55+,F,Less than $40K,<Rs33L,Low Income,2125,2860,38,75.26315789,High
47,46 - 55,F,Less than $40K,<Rs33L,Low Income,4012,2962,60,49.36666667,High
52,46 - 55,F,Unknown,Unknown,Unknown,23858,3784,69,54.84057971,High
46,46 - 55,M,$40K - $60K,Rs33L - Rs50L,Low Income,2619,3835,60,63.91666667,High
40,36 - 45,F,Less than $40K,<Rs33L,Low Income,6728,5244,75,69.92,High
47,46 - 55,F,$40K - $60K,Rs33L - Rs50L,Low Income,2680,3382,58,58.31034483,High
52,46 - 55,F,Less than $40K,<Rs33L,Low Income,2936,4650,78,59.61538462,High
46,46 - 55,M,$60K - $80K,Rs50L - Rs66L,Mid Income,7478,4042,79,51.16455696,High
49,46 - 55,M,$60K - $80K,Rs50L - Rs66L,Mid Income,2527,3585,68,52.72058824,High
44,36 - 45,F,Less than $40K,<Rs33L,Low Income,5644,2440,44,55.45454545,High
50,46 - 55,F,Less than $40K,<Rs33L,Low Income,2837,3928,54,72.74074074,High
40,36 - 45,M,$80K - $120K,Rs66L - Rs1Cr,Mid Income,18584,3504,64,54.75,High
45,36 - 45,F,Less than $40K,<Rs33L,Low Income,5941,2196,37,59.35135135,High
41,36 - 45,F,$40K - $60K,Rs33L - Rs50L,Low Income,9576,2362,49,48.20408163,High
63,55+,M,$60K - $80K,Rs50L - Rs66L,Mid Income,9569,2287,49,46.67346939,High
32,26 - 35,M,$80K - $120K,Rs66L - Rs1Cr,Mid Income,15412,3993,73,54.69863014,High
55,46 - 55,M,$80K - $120K,Rs66L - Rs1Cr,Mid Income,2663,4317,81,53.2962963,High
51,46 - 55,F,Less than $40K,<Rs33L,Low Income,1438.3,3308,72,45.94444444,High
52,46 - 55,M,$60K - $80K,Rs50L - Rs66L,Mid Income,5376,4511,74,60.95945946,High
47,46 - 55,M,Unknown,Unknown,Unknown,18873,2021,38,53.18421053,High
39,36 - 45,M,$60K - $80K,Rs50L - Rs66L,Mid Income,5341,1955,47,41.59574468,Medium
45,36 - 45,M,$60K - $80K,Rs50L - Rs66L,Mid Income,9904,1152,28,41.14285714,Low
43,36 - 45,F,Less than $40K,<Rs33L,Low Income,7084,2287,44,51.97727273,High
47,46 - 55,M,$80K - $120K,Rs66L - Rs1Cr,Mid Income,7498,1676,51,32.8627451,Medium
51,46 - 55,F,$40K - $60K,Rs33L - Rs50L,Low Income,5450,3722,77,48.33766234,High
50,46 - 55,M,$120K +,Rs1Cr +,High Income,32719,4037,60,67.28333333,High
37,36 - 45,M,$40K - $60K,Rs33L - Rs50L,Low Income,3250,1714,32,53.5625,Medium
44,36 - 45,M,$40K - $60K,Rs33L - Rs50L,Low Income,6111,4155,68,61.10294118,High
62,55+,F,Less than $40K,<Rs33L,Low Income,12590,4182,78,53.61538462,High
41,36 - 45,F,$40K - $60K,Rs33L - Rs50L,Low Income,1982,3058,58,52.72413793,High
39,36 - 45,M,$60K - $80K,Rs50L - Rs66L,Mid Income,25133,4033,73,55.24657534,High
40,36 - 45,M,$120K +,Rs1Cr +,High Income,17818,3973,74,53.68918919,High
46,46 - 55,M,$120K +,Rs1Cr +,High Income,5155,3535,57,62.01754386,High
51,46 - 55,F,Less than $40K,<Rs33L,Low Income,6006,3199,65,49.21538462,High
64,55+,M,Unknown,Unknown,Unknown,2571,3647,59,61.81355932,High
40,36 - 45,M,$60K - $80K,Rs50L - Rs66L,Mid Income,3269,3966,74,53.59459459,High
50,46 - 55,M,$40K - $60K,Rs33L - Rs50L,Low Income,2798,2903,69,42.07246377,High
44,36 - 45,F,$40K - $60K,Rs33L - Rs50L,Low Income,7277,4458,71,62.78873239,High
32,26 - 35,M,Less than $40K,<Rs33L,Low Income,3788,3975,65,61.15384615,High
43,36 - 45,M,$80K - $120K,Rs66L - Rs1Cr,Mid Income,28262,3855,66,58.40909091,High
47,46 - 55,F,Less than $40K,<Rs33L,Low Income,2169,3833,64,59.890625,High
43,36 - 45,F,Less than $40K,<Rs33L,Low Income,3767,3163,60,52.71666667,High
46,46 - 55,M,$120K +,Rs1Cr +,High Income,8989,2309,49,47.12244898,High
47,46 - 55,F,Less than $40K,<Rs33L,Low Income,2838,3493,65,53.73846154,High
48,46 - 55,M,Less than $40K,<Rs33L,Low Income,7199,4041,73,55.35616438,High
44,36 - 45,F,$40K - $60K,Rs33L - Rs50L,Low Income,8495,1950,31,62.90322581,Medium
40,36 - 45,M,$80K - $120K,Rs66L - Rs1Cr,Mid Income,34516,2440,54,45.18518519,High
46,46 - 55,M,$80K - $120K,Rs66L - Rs1Cr,Mid Income,14164,3749,59,63.54237288,High
50,46 - 55,F,Unknown,Unknown,Unknown,3604,4051,65,62.32307692,High
46,46 - 55,F,Less than $40K,<Rs33L,Low Income,1752,4864,76,64,High
43,36 - 45,F,Less than $40K,<Rs33L,Low Income,4204,3799,85,44.69411765,High
42,36 - 45,F,Less than $40K,<Rs33L,Low Income,8017,3042,55,55.30909091,High
43,36 - 45,F,Less than $40K,<Rs33L,Low Income,2778,4007,75,53.42666667,High
51,46 - 55,M,$60K - $80K,Rs50L - Rs66L,Mid Income,6649,1609,28,57.46428571,Medium
40,36 - 45,M,$60K - $80K,Rs50L - Rs66L,Mid Income,6813,2634,51,51.64705882,High
40,36 - 45,F,$40K - $60K,Rs33L - Rs50L,Low Income,2797,3652,64,57.0625,High
45,36 - 45,M,$60K - $80K,Rs50L - Rs66L,Mid Income,18004,2030,45,45.11111111,High
47,46 - 55,M,$80K - $120K,Rs66L - Rs1Cr,Mid Income,11242,4246,81,52.41975309,High
26,26 - 35,F,Unknown,Unknown,Unknown,10693,4138,76,54.44736842,High
50,46 - 55,F,Less than $40K,<Rs33L,Low Income,3026,3687,58,63.56896552,High
37,36 - 45,F,Less than $40K,<Rs33L,Low Income,1438.3,4587,58,79.0862069,High
51,46 - 55,M,$80K - $120K,Rs66L - Rs1Cr,Mid Income,34516,3435,76,45.19736842,High
49,46 - 55,F,$40K - $60K,Rs33L - Rs50L,Low Income,12836,2519,53,47.52830189,High
62,55+,F,Less than $40K,<Rs33L,Low Income,1892,1581,34,46.5,Medium
37,36 - 45,M,$80K - $120K,Rs66L - Rs1Cr,Mid Income,11277,2033,56,36.30357143,High
54,46 - 55,M,$60K - $80K,Rs50L - Rs66L,Mid Income,12815,3771,78,48.34615385,High
44,36 - 45,M,$120K +,Rs1Cr +,High Income,24016,3693,62,59.56451613,High
43,36 - 45,M,$60K - $80K,Rs50L - Rs66L,Mid Income,3482,3512,63,55.74603175,High
44,36 - 45,F,Unknown,Unknown,Unknown,26516,3609,76,47.48684211,High
49,46 - 55,F,Less than $40K,<Rs33L,Low Income,2285,4944,78,63.38461538,High
48,46 - 55,M,$40K - $60K,Rs33L - Rs50L,Low Income,9617,4247,76,55.88157895,High
51,46 - 55,M,$80K - $120K,Rs66L - Rs1Cr,Mid Income,34516,3250,63,51.58730159,High
41,36 - 45,F,Less than $40K,<Rs33L,Low Income,2354,4048,61,66.36065574,High
41,36 - 45,F,Less than $40K,<Rs33L,Low Income,11533,4038,63,64.0952381,High
59,55+,M,$40K - $60K,Rs33L - Rs50L,Low Income,5042,2897,62,46.72580645,High
37,36 - 45,F,Less than $40K,<Rs33L,Low Income,2584,4045,78,51.85897436,High
50,46 - 55,F,Unknown,Unknown,Unknown,1438.3,1859,41,45.34146341,Medium
47,46 - 55,M,$40K - $60K,Rs33L - Rs50L,Low Income,3402,3188,65,49.04615385,High
55,46 - 55,F,$40K - $60K,Rs33L - Rs50L,Low Income,1809,2123,44,48.25,High
40,36 - 45,M,$60K - $80K,Rs50L - Rs66L,Mid Income,8624,2428,53,45.81132075,High
48,46 - 55,M,$80K - $120K,Rs66L - Rs1Cr,Mid Income,22917,2045,45,45.44444444,High
45,36 - 45,M,$80K - $120K,Rs66L - Rs1Cr,Mid Income,18410,3778,83,45.51807229,High
29,26 - 35,F,Unknown,Unknown,Unknown,34516,2336,49,47.67346939,High
44,36 - 45,M,$80K - $120K,Rs66L - Rs1Cr,Mid Income,34516,3275,67,48.88059701,High
41,36 - 45,M,$80K - $120K,Rs66L - Rs1Cr,Mid Income,10130,4002,66,60.63636364,High
53,46 - 55,F,Less than $40K,<Rs33L,Low Income,3099,1401,44,31.84090909,Medium
55,46 - 55,M,$120K +,Rs1Cr +,High Income,19849,3657,66,55.40909091,High
39,36 - 45,M,Less than $40K,<Rs33L,Low Income,2283,4571,72,63.48611111,High
39,36 - 45,M,$80K - $120K,Rs66L - Rs1Cr,Mid Income,6347,3927,82,47.8902439,High
41,36 - 45,F,Less than $40K,<Rs33L,Low Income,2758,3820,72,53.05555556,High
44,36 - 45,M,$80K - $120K,Rs66L - Rs1Cr,Mid Income,34516,1891,34,55.61764706,Medium
50,46 - 55,M,$40K - $60K,Rs33L - Rs50L,Low Income,3469,3680,80,46,High
45,36 - 45,F,Less than $40K,<Rs33L,Low Income,5155,2753,45,61.17777778,High
52,46 - 55,M,$120K +,Rs1Cr +,High Income,34516,2100,38,55.26315789,High
50,46 - 55,M,$60K - $80K,Rs50L - Rs66L,Mid Income,4092,2298,48,47.875,High
52,46 - 55,M,$80K - $120K,Rs66L - Rs1Cr,Mid Income,4675,3487,69,50.53623188,High
43,36 - 45,F,$40K - $60K,Rs33L - Rs50L,Low Income,2297,3161,65,48.63076923,High
38,36 - 45,F,Unknown,Unknown,Unknown,5260,2142,57,37.57894737,High
51,46 - 55,M,$80K - $120K,Rs66L - Rs1Cr,Mid Income,3458,3409,59,57.77966102,High
59,55+,M,$60K - $80K,Rs50L - Rs66L,Mid Income,3943,3527,59,59.77966102,High
52,46 - 55,F,$40K - $60K,Rs33L - Rs50L,Low Income,3028,4119,81,50.85185185,High
49,46 - 55,F,Unknown,Unknown,Unknown,1438.3,4869,73,66.69863014,High
47,46 - 55,F,Less than $40K,<Rs33L,Low Income,11884,4134,72,57.41666667,High
43,36 - 45,M,$120K +,Rs1Cr +,High Income,34516,4217,79,53.37974684,High
47,46 - 55,M,$80K - $120K,Rs66L - Rs1Cr,Mid Income,26058,3489,58,60.15517241,High
47,46 - 55,F,Less than $40K,<Rs33L,Low Income,2808,3562,74,48.13513514,High
42,36 - 45,F,Less than $40K,<Rs33L,Low Income,1874,3899,70,55.7,High
35,26 - 35,M,$80K - $120K,Rs66L - Rs1Cr,Mid Income,34516,2655,64,41.484375,High
61,55+,M,$60K - $80K,Rs50L - Rs66L,Mid Income,11236,4253,80,53.1625,High
42,36 - 45,M,$80K - $120K,Rs66L - Rs1Cr,Mid Income,6380,4119,66,62.40909091,High
52,46 - 55,M,$120K +,Rs1Cr +,High Income,34516,4313,82,52.59756098,High
35,26 - 35,F,Less than $40K,<Rs33L,Low Income,2664,3906,74,52.78378378,High
50,46 - 55,M,$80K - $120K,Rs66L - Rs1Cr,Mid Income,1645,3838,60,63.96666667,High
40,36 - 45,M,$60K - $80K,Rs50L - Rs66L,Mid Income,5797,2131,33,64.57575758,High
45,36 - 45,M,$60K - $80K,Rs50L - Rs66L,Mid Income,21721,3937,63,62.49206349,High
45,36 - 45,M,$60K - $80K,Rs50L - Rs66L,Mid Income,31756,4759,70,67.98571429,High
43,36 - 45,M,$80K - $120K,Rs66L - Rs1Cr,Mid Income,8333,3889,81,48.01234568,High
41,36 - 45,F,Less than $40K,<Rs33L,Low Income,2067,3033,41,73.97560976,High
38,36 - 45,F,Unknown,Unknown,Unknown,2214,2066,45,45.91111111,High
38,36 - 45,F,Less than $40K,<Rs33L,Low Income,3775,2031,36,56.41666667,High
41,36 - 45,M,$80K - $120K,Rs66L - Rs1Cr,Mid Income,4388,4406,74,59.54054054,High
64,55+,F,Unknown,Unknown,Unknown,4100,3593,51,70.45098039,High
46,46 - 55,F,Less than $40K,<Rs33L,Low Income,5157,4417,77,57.36363636,High
61,55+,M,$40K - $60K,Rs33L - Rs50L,Low Income,15939,3982,68,58.55882353,High
46,46 - 55,F,Unknown,Unknown,Unknown,9216,3630,78,46.53846154,High
32,26 - 35,F,Unknown,Unknown,Unknown,3413,4355,71,61.33802817,High
43,36 - 45,M,$80K - $120K,Rs66L - Rs1Cr,Mid Income,20348,1624,27,60.14814815,Medium
34,26 - 35,F,Less than $40K,<Rs33L,Low Income,5015,3161,77,41.05194805,High
54,46 - 55,F,Less than $40K,<Rs33L,Low Income,2440,3017,53,56.9245283,High
45,36 - 45,F,Less than $40K,<Rs33L,Low Income,4948,3711,64,57.984375,High
49,46 - 55,F,Less than $40K,<Rs33L,Low Income,2468,3371,62,54.37096774,High
42,36 - 45,M,$60K - $80K,Rs50L - Rs66L,Mid Income,11328,1829,42,43.54761905,Medium
49,46 - 55,F,Less than $40K,<Rs33L,Low Income,1438.3,3808,80,47.6,High
38,36 - 45,M,$60K - $80K,Rs50L - Rs66L,Mid Income,34516,3961,53,74.73584906,High
51,46 - 55,F,Less than $40K,<Rs33L,Low Income,3183,3988,81,49.2345679,High
38,36 - 45,M,$60K - $80K,Rs50L - Rs66L,Mid Income,1438.3,1651,42,39.30952381,Medium
47,46 - 55,M,$80K - $120K,Rs66L - Rs1Cr,Mid Income,12945,3369,59,57.10169492,High
51,46 - 55,M,$60K - $80K,Rs50L - Rs66L,Mid Income,2458,3377,54,62.53703704,High
40,36 - 45,M,$80K - $120K,Rs66L - Rs1Cr,Mid Income,34516,3644,67,54.3880597,High
44,36 - 45,M,$80K - $120K,Rs66L - Rs1Cr,Mid Income,2617,3104,70,44.34285714,High
40,36 - 45,M,$40K - $60K,Rs33L - Rs50L,Low Income,6500,4738,82,57.7804878,High
60,55+,M,$80K - $120K,Rs66L - Rs1Cr,Mid Income,24528,4070,67,60.74626866,High
49,46 - 55,M,$60K - $80K,Rs50L - Rs66L,Mid Income,15898,4184,54,77.48148148,High
54,46 - 55,F,Less than $40K,<Rs33L,Low Income,8516,2189,37,59.16216216,High
50,46 - 55,F,Less than $40K,<Rs33L,Low Income,10062,1964,44,44.63636364,Medium
51,46 - 55,M,$60K - $80K,Rs50L - Rs66L,Mid Income,9589,3971,66,60.16666667,High
44,36 - 45,F,Unknown,Unknown,Unknown,5826,3756,73,51.45205479,High
48,46 - 55,F,Less than $40K,<Rs33L,Low Income,3521,3291,65,50.63076923,High
53,46 - 55,M,$60K - $80K,Rs50L - Rs66L,Mid Income,8386,4101,67,61.20895522,High
42,36 - 45,F,Unknown,Unknown,Unknown,15449,4098,81,50.59259259,High
44,36 - 45,F,Less than $40K,<Rs33L,Low Income,7323,4666,87,53.63218391,High
45,36 - 45,F,Less than $40K,<Rs33L,Low Income,8924,1720,42,40.95238095,Medium
52,46 - 55,F,Less than $40K,<Rs33L,Low Income,1438.3,3464,70,49.48571429,High
48,46 - 55,F,$40K - $60K,Rs33L - Rs50L,Low Income,18965,3066,69,44.43478261,High
57,55+,M,$80K - $120K,Rs66L - Rs1Cr,Mid Income,7976,4082,74,55.16216216,High
47,46 - 55,F,Unknown,Unknown,Unknown,3054,3543,87,40.72413793,High
53,46 - 55,M,$120K +,Rs1Cr +,High Income,10620,3453,68,50.77941176,High
61,55+,M,$40K - $60K,Rs33L - Rs50L,Low Income,3984,1821,39,46.69230769,Medium
65,55+,M,$40K - $60K,Rs33L - Rs50L,Low Income,2507,3325,67,49.62686567,High
43,36 - 45,M,$40K - $60K,Rs33L - Rs50L,Low Income,7599,4401,71,61.98591549,High
40,36 - 45,M,$120K +,Rs1Cr +,High Income,31954,4371,82,53.30487805,High
40,36 - 45,M,$60K - $80K,Rs50L - Rs66L,Mid Income,19666,3391,54,62.7962963,High
39,36 - 45,M,$40K - $60K,Rs33L - Rs50L,Low Income,6628,4050,89,45.50561798,High
39,36 - 45,M,$60K - $80K,Rs50L - Rs66L,Mid Income,13049,3944,72,54.77777778,High
45,36 - 45,F,Less than $40K,<Rs33L,Low Income,3036,2609,42,62.11904762,High
48,46 - 55,M,$60K - $80K,Rs50L - Rs66L,Mid Income,16575,3982,77,51.71428571,High
38,36 - 45,M,$60K - $80K,Rs50L - Rs66L,Mid Income,23391,4106,85,48.30588235,High
51,46 - 55,M,$120K +,Rs1Cr +,High Income,23898,3781,66,57.28787879,High
47,46 - 55,F,Less than $40K,<Rs33L,Low Income,4944,3684,64,57.5625,High
48,46 - 55,F,Less than $40K,<Rs33L,Low Income,6921,4608,79,58.32911392,High
47,46 - 55,M,$80K - $120K,Rs66L - Rs1Cr,Mid Income,18026,2760,56,49.28571429,High
45,36 - 45,F,Less than $40K,<Rs33L,Low Income,5216,3434,49,70.08163265,High
65,55+,F,Less than $40K,<Rs33L,Low Income,7699,5103,62,82.30645161,High
49,46 - 55,M,Less than $40K,<Rs33L,Low Income,7232,4337,71,61.08450704,High
61,55+,F,Unknown,Unknown,Unknown,8476,3889,67,58.04477612,High
51,46 - 55,M,$120K +,Rs1Cr +,High Income,25837,3783,70,54.04285714,High
48,46 - 55,M,$80K - $120K,Rs66L - Rs1Cr,Mid Income,1536,3816,71,53.74647887,High
44,36 - 45,F,Less than $40K,<Rs33L,Low Income,4453,3239,66,49.07575758,High
45,36 - 45,M,$120K +,Rs1Cr +,High Income,34516,3491,64,54.546875,High
49,46 - 55,F,Less than $40K,<Rs33L,Low Income,4389,3598,75,47.97333333,High
38,36 - 45,F,Unknown,Unknown,Unknown,13429,3929,66,59.53030303,High
42,36 - 45,F,Less than $40K,<Rs33L,Low Income,1840,4518,72,62.75,High
44,36 - 45,M,$80K - $120K,Rs66L - Rs1Cr,Mid Income,17846,3626,77,47.09090909,High
46,46 - 55,F,Less than $40K,<Rs33L,Low Income,9013,3819,71,53.78873239,High
40,36 - 45,F,Unknown,Unknown,Unknown,18862,4449,86,51.73255814,High
50,46 - 55,F,Unknown,Unknown,Unknown,3230,4419,64,69.046875,High
46,46 - 55,M,Less than $40K,<Rs33L,Low Income,7958,4962,72,68.91666667,High
35,26 - 35,M,$40K - $60K,Rs33L - Rs50L,Low Income,5619,2808,72,39,High
49,46 - 55,M,$60K - $80K,Rs50L - Rs66L,Mid Income,4854,3651,70,52.15714286,High
62,55+,F,$40K - $60K,Rs33L - Rs50L,Low Income,3807,1739,36,48.30555556,Medium
45,36 - 45,F,$40K - $60K,Rs33L - Rs50L,Low Income,2529,3428,84,40.80952381,High
45,36 - 45,M,$60K - $80K,Rs50L - Rs66L,Mid Income,4097,2611,51,51.19607843,High
56,55+,M,Less than $40K,<Rs33L,Low Income,3057,4449,77,57.77922078,High
58,55+,F,Less than $40K,<Rs33L,Low Income,1957,4546,78,58.28205128,High
51,46 - 55,F,Less than $40K,<Rs33L,Low Income,2941,4099,66,62.10606061,High
38,36 - 45,M,$60K - $80K,Rs50L - Rs66L,Mid Income,11252,1766,31,56.96774194,Medium
39,36 - 45,M,$60K - $80K,Rs50L - Rs66L,Mid Income,24534,3505,60,58.41666667,High
43,36 - 45,M,$120K +,Rs1Cr +,High Income,33384,2066,46,44.91304348,High
44,36 - 45,F,Less than $40K,<Rs33L,Low Income,2232,3803,68,55.92647059,High
40,36 - 45,F,Less than $40K,<Rs33L,Low Income,7582,4926,85,57.95294118,High
49,46 - 55,M,$80K - $120K,Rs66L - Rs1Cr,Mid Income,13884,4650,70,66.42857143,High
64,55+,F,Less than $40K,<Rs33L,Low Income,6167,1648,43,38.3255814,Medium
49,46 - 55,F,Unknown,Unknown,Unknown,11545,3996,65,61.47692308,High
47,46 - 55,F,$40K - $60K,Rs33L - Rs50L,Low Income,2872,3635,62,58.62903226,High
44,36 - 45,F,Unknown,Unknown,Unknown,5666,1981,42,47.16666667,Medium
64,55+,M,Less than $40K,<Rs33L,Low Income,4417,4253,72,59.06944444,High
48,46 - 55,F,Less than $40K,<Rs33L,Low Income,2991,3734,64,58.34375,High
52,46 - 55,F,Less than $40K,<Rs33L,Low Income,13109,3563,73,48.80821918,High
57,55+,F,Less than $40K,<Rs33L,Low Income,5443,4416,64,69,High
65,55+,M,Less than $40K,<Rs33L,Low Income,2717,3150,59,53.38983051,High
52,46 - 55,M,$60K - $80K,Rs50L - Rs66L,Mid Income,2628,3608,68,53.05882353,High
42,36 - 45,M,$80K - $120K,Rs66L - Rs1Cr,Mid Income,16054,3449,75,45.98666667,High
37,36 - 45,M,$40K - $60K,Rs33L - Rs50L,Low Income,3216,4039,81,49.86419753,High
53,46 - 55,F,Less than $40K,<Rs33L,Low Income,1438.3,1739,44,39.52272727,Medium
46,46 - 55,F,Unknown,Unknown,Unknown,12295,4177,63,66.3015873,High
55,46 - 55,F,Unknown,Unknown,Unknown,5794,4201,73,57.54794521,High
51,46 - 55,F,Less than $40K,<Rs33L,Low Income,1858,3660,72,50.83333333,High
35,26 - 35,F,Less than $40K,<Rs33L,Low Income,2593,1974,33,59.81818182,Medium
41,36 - 45,M,$60K - $80K,Rs50L - Rs66L,Mid Income,12420,4422,70,63.17142857,High
41,36 - 45,M,$60K - $80K,Rs50L - Rs66L,Mid Income,2775,2478,52,47.65384615,High
43,36 - 45,F,Less than $40K,<Rs33L,Low Income,2886,2326,50,46.52,High
45,36 - 45,M,$40K - $60K,Rs33L - Rs50L,Low Income,7037,4099,71,57.73239437,High
44,36 - 45,F,Less than $40K,<Rs33L,Low Income,7065,3758,65,57.81538462,High
63,55+,F,Less than $40K,<Rs33L,Low Income,1896,2186,50,43.72,High
46,46 - 55,M,$60K - $80K,Rs50L - Rs66L,Mid Income,11634,4447,74,60.09459459,High
51,46 - 55,F,Less than $40K,<Rs33L,Low Income,15987,2021,46,43.93478261,High
44,36 - 45,F,Unknown,Unknown,Unknown,13735,1783,43,41.46511628,Medium
58,55+,M,$40K - $60K,Rs33L - Rs50L,Low Income,3880,3163,65,48.66153846,High
38,36 - 45,F,Less than $40K,<Rs33L,Low Income,6899,3848,71,54.1971831,High
50,46 - 55,M,$60K - $80K,Rs50L - Rs66L,Mid Income,6508,4254,77,55.24675325,High
46,46 - 55,F,Less than $40K,<Rs33L,Low Income,5090,3707,72,51.48611111,High
47,46 - 55,M,$120K +,Rs1Cr +,High Income,7015,1799,51,35.2745098,Medium
51,46 - 55,M,$120K +,Rs1Cr +,High Income,30560,3736,55,67.92727273,High
49,46 - 55,M,$80K - $120K,Rs66L - Rs1Cr,Mid Income,4384,1832,49,37.3877551,Medium
47,46 - 55,F,Less than $40K,<Rs33L,Low Income,2950,4742,79,60.02531646,High
49,46 - 55,M,$60K - $80K,Rs50L - Rs66L,Mid Income,1511,1329,35,37.97142857,Medium
49,46 - 55,F,Unknown,Unknown,Unknown,4946,2239,38,58.92105263,High
54,46 - 55,F,Less than $40K,<Rs33L,Low Income,7477,3618,76,47.60526316,High
57,55+,M,$60K - $80K,Rs50L - Rs66L,Mid Income,32182,1937,46,42.10869565,Medium
47,46 - 55,M,$60K - $80K,Rs50L - Rs66L,Mid Income,5715,3685,63,58.49206349,High
49,46 - 55,F,$40K - $60K,Rs33L - Rs50L,Low Income,9595,4050,72,56.25,High
37,36 - 45,M,$60K - $80K,Rs50L - Rs66L,Mid Income,21952,4087,70,58.38571429,High
45,36 - 45,F,Less than $40K,<Rs33L,Low Income,2606,2191,42,52.16666667,High
50,46 - 55,M,$80K - $120K,Rs66L - Rs1Cr,Mid Income,2826,4488,73,61.47945205,High
45,36 - 45,F,Less than $40K,<Rs33L,Low Income,1438.3,3749,77,48.68831169,High
42,36 - 45,F,$40K - $60K,Rs33L - Rs50L,Low Income,5667,2064,42,49.14285714,High
45,36 - 45,M,$80K - $120K,Rs66L - Rs1Cr,Mid Income,6366,3258,58,56.17241379,High
41,36 - 45,M,$60K - $80K,Rs50L - Rs66L,Mid Income,2122,4379,45,97.31111111,High
44,36 - 45,F,Less than $40K,<Rs33L,Low Income,1687,4247,87,48.81609195,High
41,36 - 45,M,$80K - $120K,Rs66L - Rs1Cr,Mid Income,14320,4077,77,52.94805195,High
53,46 - 55,F,Less than $40K,<Rs33L,Low Income,5972,3491,65,53.70769231,High
43,36 - 45,F,Less than $40K,<Rs33L,Low Income,8771,3779,72,52.48611111,High
64,55+,F,Less than $40K,<Rs33L,Low Income,7112,4951,73,67.82191781,High
46,46 - 55,M,$40K - $60K,Rs33L - Rs50L,Low Income,7333,3636,48,75.75,High
37,36 - 45,F,Less than $40K,<Rs33L,Low Income,2001,4590,66,69.54545455,High
46,46 - 55,F,Less than $40K,<Rs33L,Low Income,1438.3,4427,85,52.08235294,High
48,46 - 55,M,$80K - $120K,Rs66L - Rs1Cr,Mid Income,34516,4026,65,61.93846154,High
48,46 - 55,M,$40K - $60K,Rs33L - Rs50L,Low Income,4207,3850,75,51.33333333,High
38,36 - 45,F,Less than $40K,<Rs33L,Low Income,1555,4686,75,62.48,High
44,36 - 45,M,$120K +,Rs1Cr +,High Income,34516,4795,92,52.11956522,High
55,46 - 55,M,$80K - $120K,Rs66L - Rs1Cr,Mid Income,6846,1735,35,49.57142857,Medium
50,46 - 55,M,$40K - $60K,Rs33L - Rs50L,Low Income,2071,4092,74,55.2972973,High
43,36 - 45,M,$80K - $120K,Rs66L - Rs1Cr,Mid Income,11336,1809,39,46.38461538,Medium
55,46 - 55,M,$60K - $80K,Rs50L - Rs66L,Mid Income,15221,3848,68,56.58823529,High
47,46 - 55,M,$80K - $120K,Rs66L - Rs1Cr,Mid Income,21359,2064,63,32.76190476,High
42,36 - 45,M,$80K - $120K,Rs66L - Rs1Cr,Mid Income,19366,3627,66,54.95454545,High
41,36 - 45,M,$60K - $80K,Rs50L - Rs66L,Mid Income,2243,3216,77,41.76623377,High
56,55+,F,Less than $40K,<Rs33L,Low Income,2923,3861,68,56.77941176,High
50,46 - 55,F,$40K - $60K,Rs33L - Rs50L,Low Income,7853,1814,37,49.02702703,Medium
41,36 - 45,M,$40K - $60K,Rs33L - Rs50L,Low Income,16386,3293,66,49.89393939,High
48,46 - 55,F,Unknown,Unknown,Unknown,11164,4227,67,63.08955224,High
49,46 - 55,F,Less than $40K,<Rs33L,Low Income,2960,3941,64,61.578125,High
41,36 - 45,M,$120K +,Rs1Cr +,High Income,10816,3221,68,47.36764706,High
37,36 - 45,F,Less than $40K,<Rs33L,Low Income,2917,4524,67,67.52238806,High
44,36 - 45,F,Less than $40K,<Rs33L,Low Income,2568,3616,85,42.54117647,High
44,36 - 45,F,Less than $40K,<Rs33L,Low Income,4539,2960,67,44.17910448,High
48,46 - 55,M,$80K - $120K,Rs66L - Rs1Cr,Mid Income,4806,1771,35,50.6,Medium
65,55+,F,Unknown,Unknown,Unknown,2025,4056,71,57.12676056,High
54,46 - 55,M,$80K - $120K,Rs66L - Rs1Cr,Mid Income,6249,3988,68,58.64705882,High
48,46 - 55,F,Less than $40K,<Rs33L,Low Income,1686,3445,64,53.828125,High
41,36 - 45,M,$80K - $120K,Rs66L - Rs1Cr,Mid Income,10239,2149,40,53.725,High
43,36 - 45,F,Less than $40K,<Rs33L,Low Income,4284,3095,64,48.359375,High
46,46 - 55,F,Less than $40K,<Rs33L,Low Income,2601,4835,80,60.4375,High
47,46 - 55,F,Less than $40K,<Rs33L,Low Income,1738,2572,62,41.48387097,High
42,36 - 45,F,$40K - $60K,Rs33L - Rs50L,Low Income,4527,2441,37,65.97297297,High
42,36 - 45,M,$80K - $120K,Rs66L - Rs1Cr,Mid Income,34516,4613,73,63.19178082,High
47,46 - 55,M,Less than $40K,<Rs33L,Low Income,3532,3162,56,56.46428571,High
50,46 - 55,F,Unknown,Unknown,Unknown,4846,3724,61,61.04918033,High
43,36 - 45,F,Less than $40K,<Rs33L,Low Income,11392,3246,63,51.52380952,High
49,46 - 55,M,$60K - $80K,Rs50L - Rs66L,Mid Income,22036,2139,48,44.5625,High
43,36 - 45,F,Less than $40K,<Rs33L,Low Income,2772,4739,88,53.85227273,High
52,46 - 55,M,$80K - $120K,Rs66L - Rs1Cr,Mid Income,7474,5100,79,64.55696203,High
40,36 - 45,M,$80K - $120K,Rs66L - Rs1Cr,Mid Income,34516,3368,64,52.625,High
46,46 - 55,M,$60K - $80K,Rs50L - Rs66L,Mid Income,11117,3099,69,44.91304348,High
47,46 - 55,F,Unknown,Unknown,Unknown,10714,4328,71,60.95774648,High
60,55+,M,$40K - $60K,Rs33L - Rs50L,Low Income,5420,3477,60,57.95,High
38,36 - 45,F,Less than $40K,<Rs33L,Low Income,2652,3691,58,63.63793103,High
51,46 - 55,M,$40K - $60K,Rs33L - Rs50L,Low Income,6492,4828,78,61.8974359,High
62,55+,F,$40K - $60K,Rs33L - Rs50L,Low Income,11352,4021,56,71.80357143,High
52,46 - 55,F,Unknown,Unknown,Unknown,3167,4587,76,60.35526316,High
41,36 - 45,M,Less than $40K,<Rs33L,Low Income,7015,4410,70,63,High
48,46 - 55,M,$120K +,Rs1Cr +,High Income,34516,4959,74,67.01351351,High
43,36 - 45,M,$80K - $120K,Rs66L - Rs1Cr,Mid Income,3244,2313,39,59.30769231,High
51,46 - 55,F,Less than $40K,<Rs33L,Low Income,2431,3323,65,51.12307692,High
42,36 - 45,F,Less than $40K,<Rs33L,Low Income,3050,1973,50,39.46,Medium
54,46 - 55,F,Less than $40K,<Rs33L,Low Income,2191,4961,71,69.87323944,High
52,46 - 55,F,Less than $40K,<Rs33L,Low Income,5677,2730,58,47.06896552,High
48,46 - 55,F,Less than $40K,<Rs33L,Low Income,4176,4889,62,78.85483871,High
40,36 - 45,M,Less than $40K,<Rs33L,Low Income,2577,4134,62,66.67741935,High
65,55+,M,$40K - $60K,Rs33L - Rs50L,Low Income,3305,4218,72,58.58333333,High
47,46 - 55,M,$60K - $80K,Rs50L - Rs66L,Mid Income,9261,2468,44,56.09090909,High
64,55+,F,$40K - $60K,Rs33L - Rs50L,Low Income,1564,4018,69,58.23188406,High
50,46 - 55,F,$40K - $60K,Rs33L - Rs50L,Low Income,12740,3441,55,62.56363636,High
57,55+,F,Unknown,Unknown,Unknown,34516,3498,68,51.44117647,High
58,55+,M,$80K - $120K,Rs66L - Rs1Cr,Mid Income,3091,1844,49,37.63265306,Medium
39,36 - 45,F,$40K - $60K,Rs33L - Rs50L,Low Income,3812,4080,65,62.76923077,High
54,46 - 55,F,Unknown,Unknown,Unknown,3778,2367,45,52.6,High
58,55+,M,$120K +,Rs1Cr +,High Income,12698,4425,75,59,High
41,36 - 45,F,Unknown,Unknown,Unknown,26229,2077,46,45.15217391,High
51,46 - 55,F,$40K - $60K,Rs33L - Rs50L,Low Income,8346,4141,79,52.41772152,High
52,46 - 55,M,$80K - $120K,Rs66L - Rs1Cr,Mid Income,5395,4689,69,67.95652174,High
58,55+,M,$60K - $80K,Rs50L - Rs66L,Mid Income,1490,3790,85,44.58823529,High
42,36 - 45,M,$80K - $120K,Rs66L - Rs1Cr,Mid Income,18274,3886,81,47.97530864,High
62,55+,F,$40K - $60K,Rs33L - Rs50L,Low Income,4409,4160,61,68.19672131,High
45,36 - 45,M,$80K - $120K,Rs66L - Rs1Cr,Mid Income,7560,4296,68,63.17647059,High
53,46 - 55,M,$120K +,Rs1Cr +,High Income,20783,3819,76,50.25,High
53,46 - 55,F,$40K - $60K,Rs33L - Rs50L,Low Income,6188,1997,43,46.44186047,Medium
50,46 - 55,M,$120K +,Rs1Cr +,High Income,27876,4654,88,52.88636364,High
44,36 - 45,F,Less than $40K,<Rs33L,Low Income,1924,3521,58,60.70689655,High
40,36 - 45,M,$80K - $120K,Rs66L - Rs1Cr,Mid Income,29149,2106,56,37.60714286,High
55,46 - 55,F,Less than $40K,<Rs33L,Low Income,1438.3,1785,33,54.09090909,Medium
50,46 - 55,F,Less than $40K,<Rs33L,Low Income,3160,3740,68,55,High
38,36 - 45,F,$40K - $60K,Rs33L - Rs50L,Low Income,1438.3,3990,75,53.2,High
45,36 - 45,M,$60K - $80K,Rs50L - Rs66L,Mid Income,1438.3,4869,66,73.77272727,High
40,36 - 45,F,Less than $40K,<Rs33L,Low Income,1535,1921,41,46.85365854,Medium
55,46 - 55,F,$40K - $60K,Rs33L - Rs50L,Low Income,1438.3,4307,76,56.67105263,High
49,46 - 55,F,Less than $40K,<Rs33L,Low Income,2331,4061,66,61.53030303,High
43,36 - 45,F,$40K - $60K,Rs33L - Rs50L,Low Income,8156,3992,73,54.68493151,High
47,46 - 55,F,Less than $40K,<Rs33L,Low Income,8109,3609,77,46.87012987,High
43,36 - 45,F,Less than $40K,<Rs33L,Low Income,5853,3595,80,44.9375,High
48,46 - 55,F,Less than $40K,<Rs33L,Low Income,5997,1457,42,34.69047619,Medium
51,46 - 55,M,$60K - $80K,Rs50L - Rs66L,Mid Income,10824,3700,73,50.68493151,High
47,46 - 55,M,$60K - $80K,Rs50L - Rs66L,Mid Income,9300,3651,67,54.49253731,High
51,46 - 55,F,$40K - $60K,Rs33L - Rs50L,Low Income,5351,4596,78,58.92307692,High
49,46 - 55,F,Less than $40K,<Rs33L,Low Income,2097,4148,71,58.42253521,High
53,46 - 55,F,Less than $40K,<Rs33L,Low Income,2266,3634,66,55.06060606,High
55,46 - 55,M,$80K - $120K,Rs66L - Rs1Cr,Mid Income,13598,4047,76,53.25,High
46,46 - 55,F,$40K - $60K,Rs33L - Rs50L,Low Income,1803,1979,37,53.48648649,Medium
50,46 - 55,F,Less than $40K,<Rs33L,Low Income,6292,3687,74,49.82432432,High
65,55+,M,Unknown,Unknown,Unknown,23566,3129,79,39.60759494,High
51,46 - 55,F,Less than $40K,<Rs33L,Low Income,1765,3333,66,50.5,High
46,46 - 55,M,$80K - $120K,Rs66L - Rs1Cr,Mid Income,4964,3279,66,49.68181818,High
42,36 - 45,M,$60K - $80K,Rs50L - Rs66L,Mid Income,3741,4402,55,80.03636364,High
49,46 - 55,F,Unknown,Unknown,Unknown,31631,3418,58,58.93103448,High
40,36 - 45,M,$80K - $120K,Rs66L - Rs1Cr,Mid Income,5014,4391,66,66.53030303,High
45,36 - 45,F,Less than $40K,<Rs33L,Low Income,2484,3802,68,55.91176471,High
65,55+,M,Less than $40K,<Rs33L,Low Income,7636,3880,67,57.91044776,High
46,46 - 55,M,$80K - $120K,Rs66L - Rs1Cr,Mid Income,11096,3949,69,57.23188406,High
47,46 - 55,F,Unknown,Unknown,Unknown,25027,3357,62,54.14516129,High
44,36 - 45,M,$120K +,Rs1Cr +,High Income,27391,2862,56,51.10714286,High
58,55+,F,Unknown,Unknown,Unknown,3266,2151,46,46.76086957,High
50,46 - 55,M,$60K - $80K,Rs50L - Rs66L,Mid Income,7050,2176,39,55.79487179,High
54,46 - 55,F,Less than $40K,<Rs33L,Low Income,2704,4839,92,52.59782609,High
40,36 - 45,M,$80K - $120K,Rs66L - Rs1Cr,Mid Income,11721,4187,73,57.35616438,High
49,46 - 55,F,Less than $40K,<Rs33L,Low Income,2432,4340,76,57.10526316,High
39,36 - 45,F,$40K - $60K,Rs33L - Rs50L,Low Income,15142,2458,41,59.95121951,High
51,46 - 55,F,Less than $40K,<Rs33L,Low Income,1936,4072,72,56.55555556,High
64,55+,F,Less than $40K,<Rs33L,Low Income,1829,3950,65,60.76923077,High
43,36 - 45,F,Less than $40K,<Rs33L,Low Income,2786,3646,68,53.61764706,High
38,36 - 45,F,Unknown,Unknown,Unknown,19595,4079,65,62.75384615,High
44,36 - 45,M,$60K - $80K,Rs50L - Rs66L,Mid Income,3828,4558,90,50.64444444,High
46,46 - 55,M,$80K - $120K,Rs66L - Rs1Cr,Mid Income,4786,4347,69,63,High
44,36 - 45,M,$80K - $120K,Rs66L - Rs1Cr,Mid Income,22143,4263,62,68.75806452,High
44,36 - 45,M,$80K - $120K,Rs66L - Rs1Cr,Mid Income,7150,3636,69,52.69565217,High
63,55+,M,$60K - $80K,Rs50L - Rs66L,Mid Income,25502,4323,81,53.37037037,High
40,36 - 45,M,$60K - $80K,Rs50L - Rs66L,Mid Income,20178,1735,44,39.43181818,Medium
46,46 - 55,F,Less than $40K,<Rs33L,Low Income,5258,3972,73,54.4109589,High
47,46 - 55,F,Less than $40K,<Rs33L,Low Income,1561,1947,28,69.53571429,Medium
43,36 - 45,M,$60K - $80K,Rs50L - Rs66L,Mid Income,11550,3891,76,51.19736842,High
58,55+,M,$120K +,Rs1Cr +,High Income,28618,1712,41,41.75609756,Medium
47,46 - 55,M,$60K - $80K,Rs50L - Rs66L,Mid Income,6623,2293,47,48.78723404,High
49,46 - 55,M,$120K +,Rs1Cr +,High Income,8136,2179,40,54.475,High
42,36 - 45,M,$120K +,Rs1Cr +,High Income,19156,3547,61,58.14754098,High
55,46 - 55,F,Less than $40K,<Rs33L,Low Income,7982,4387,71,61.78873239,High
45,36 - 45,F,Unknown,Unknown,Unknown,3120,2468,43,57.39534884,High
60,55+,F,$40K - $60K,Rs33L - Rs50L,Low Income,4606,4181,63,66.36507937,High
48,46 - 55,F,Less than $40K,<Rs33L,Low Income,2005,4311,70,61.58571429,High
50,46 - 55,M,$40K - $60K,Rs33L - Rs50L,Low Income,9949,3776,83,45.4939759,High
41,36 - 45,F,Less than $40K,<Rs33L,Low Income,2892,2257,48,47.02083333,High
51,46 - 55,F,Less than $40K,<Rs33L,Low Income,7093,3877,75,51.69333333,High
47,46 - 55,M,$60K - $80K,Rs50L - Rs66L,Mid Income,1896,4028,76,53,High
47,46 - 55,M,$60K - $80K,Rs50L - Rs66L,Mid Income,3569,4612,75,61.49333333,High
41,36 - 45,F,$40K - $60K,Rs33L - Rs50L,Low Income,4663,3831,81,47.2962963,High
55,46 - 55,F,Unknown,Unknown,Unknown,2553,3853,69,55.84057971,High
38,36 - 45,M,$40K - $60K,Rs33L - Rs50L,Low Income,5362,3548,69,51.42028986,High
41,36 - 45,F,Less than $40K,<Rs33L,Low Income,2873,3943,80,49.2875,High
40,36 - 45,M,$80K - $120K,Rs66L - Rs1Cr,Mid Income,7840,4062,71,57.21126761,High
43,36 - 45,F,Less than $40K,<Rs33L,Low Income,2209,4419,68,64.98529412,High
36,36 - 45,F,Less than $40K,<Rs33L,Low Income,1971,4979,77,64.66233766,High
48,46 - 55,F,Less than $40K,<Rs33L,Low Income,1438.3,4100,84,48.80952381,High
41,36 - 45,F,$40K - $60K,Rs33L - Rs50L,Low Income,6230,3769,77,48.94805195,High
47,46 - 55,F,$40K - $60K,Rs33L - Rs50L,Low Income,2636,3858,70,55.11428571,High
44,36 - 45,M,$80K - $120K,Rs66L - Rs1Cr,Mid Income,22243,3200,91,35.16483516,High
50,46 - 55,F,Less than $40K,<Rs33L,Low Income,2855,3645,69,52.82608696,High
46,46 - 55,F,Less than $40K,<Rs33L,Low Income,7578,5328,78,68.30769231,High
47,46 - 55,F,Unknown,Unknown,Unknown,8440,4161,74,56.22972973,High
53,46 - 55,M,$80K - $120K,Rs66L - Rs1Cr,Mid Income,4186,4590,69,66.52173913,High
44,36 - 45,M,$80K - $120K,Rs66L - Rs1Cr,Mid Income,22074,4406,80,55.075,High
46,46 - 55,M,$80K - $120K,Rs66L - Rs1Cr,Mid Income,17667,1775,42,42.26190476,Medium
39,36 - 45,M,$120K +,Rs1Cr +,High Income,26548,3450,83,41.56626506,High
51,46 - 55,M,$60K - $80K,Rs50L - Rs66L,Mid Income,3532,4066,74,54.94594595,High
45,36 - 45,F,Unknown,Unknown,Unknown,8795,4552,81,56.19753086,High
49,46 - 55,F,Less than $40K,<Rs33L,Low Income,2162,3825,70,54.64285714,High
47,46 - 55,M,$120K +,Rs1Cr +,High Income,34516,1736,35,49.6,Medium
53,46 - 55,F,Unknown,Unknown,Unknown,34516,4390,77,57.01298701,High
44,36 - 45,M,$80K - $120K,Rs66L - Rs1Cr,Mid Income,34516,1853,36,51.47222222,Medium
41,36 - 45,M,$120K +,Rs1Cr +,High Income,3491,4855,79,61.4556962,High
52,46 - 55,F,Less than $40K,<Rs33L,Low Income,6060,3953,65,60.81538462,High
48,46 - 55,F,Unknown,Unknown,Unknown,7860,3512,76,46.21052632,High
48,46 - 55,M,$80K - $120K,Rs66L - Rs1Cr,Mid Income,25190,1533,41,37.3902439,Medium
50,46 - 55,M,$60K - $80K,Rs50L - Rs66L,Mid Income,13911,2204,60,36.73333333,High
51,46 - 55,M,$60K - $80K,Rs50L - Rs66L,Mid Income,2281,4241,76,55.80263158,High
43,36 - 45,M,$60K - $80K,Rs50L - Rs66L,Mid Income,5652,3710,70,53,High
44,36 - 45,F,Less than $40K,<Rs33L,Low Income,1606,2418,44,54.95454545,High
45,36 - 45,F,Unknown,Unknown,Unknown,2777,4442,64,69.40625,High
40,36 - 45,M,$60K - $80K,Rs50L - Rs66L,Mid Income,2223,3331,67,49.71641791,High
48,46 - 55,M,$40K - $60K,Rs33L - Rs50L,Low Income,2916,4020,84,47.85714286,High
45,36 - 45,M,$120K +,Rs1Cr +,High Income,16476,4717,71,66.43661972,High
44,36 - 45,F,Less than $40K,<Rs33L,Low Income,9598,2216,54,41.03703704,High
42,36 - 45,M,$60K - $80K,Rs50L - Rs66L,Mid Income,18570,4036,78,51.74358974,High
54,46 - 55,F,Less than $40K,<Rs33L,Low Income,13626,1711,30,57.03333333,Medium
29,26 - 35,F,Less than $40K,<Rs33L,Low Income,2298,4814,88,54.70454545,High
40,36 - 45,F,Unknown,Unknown,Unknown,9191,4275,83,51.5060241,High
58,55+,F,Less than $40K,<Rs33L,Low Income,1438.3,4196,71,59.09859155,High
50,46 - 55,F,Unknown,Unknown,Unknown,4181,3057,54,56.61111111,High
48,46 - 55,M,$40K - $60K,Rs33L - Rs50L,Low Income,2592,4177,85,49.14117647,High
51,46 - 55,F,Less than $40K,<Rs33L,Low Income,7540,4755,58,81.98275862,High
43,36 - 45,F,Less than $40K,<Rs33L,Low Income,1477,4802,82,58.56097561,High
58,55+,F,Less than $40K,<Rs33L,Low Income,2628,4335,76,57.03947368,High
46,46 - 55,M,$80K - $120K,Rs66L - Rs1Cr,Mid Income,8916,2773,62,44.72580645,High
52,46 - 55,F,Unknown,Unknown,Unknown,1481,4435,67,66.19402985,High
44,36 - 45,F,Less than $40K,<Rs33L,Low Income,1555,3811,65,58.63076923,High
45,36 - 45,M,Less than $40K,<Rs33L,Low Income,8580,1880,37,50.81081081,Medium
48,46 - 55,F,$40K - $60K,Rs33L - Rs50L,Low Income,21163,1732,35,49.48571429,Medium
39,36 - 45,F,Less than $40K,<Rs33L,Low Income,2936,4876,74,65.89189189,High
56,55+,F,Less than $40K,<Rs33L,Low Income,1438.3,3877,70,55.38571429,High
54,46 - 55,M,$60K - $80K,Rs50L - Rs66L,Mid Income,30540,1980,36,55,Medium
47,46 - 55,M,$60K - $80K,Rs50L - Rs66L,Mid Income,7357,3943,64,61.609375,High
44,36 - 45,F,Less than $40K,<Rs33L,Low Income,11879,3490,62,56.29032258,High
52,46 - 55,M,$80K - $120K,Rs66L - Rs1Cr,Mid Income,21877,3283,56,58.625,High
42,36 - 45,M,$60K - $80K,Rs50L - Rs66L,Mid Income,7255,3148,62,50.77419355,High
55,46 - 55,F,Less than $40K,<Rs33L,Low Income,6394,3470,69,50.28985507,High
49,46 - 55,M,$80K - $120K,Rs66L - Rs1Cr,Mid Income,34516,1789,48,37.27083333,Medium
38,36 - 45,M,$60K - $80K,Rs50L - Rs66L,Mid Income,5597,4599,89,51.6741573,High
42,36 - 45,M,$80K - $120K,Rs66L - Rs1Cr,Mid Income,32535,4374,79,55.36708861,High
38,36 - 45,F,Less than $40K,<Rs33L,Low Income,4391,1849,36,51.36111111,Medium
46,46 - 55,M,$40K - $60K,Rs33L - Rs50L,Low Income,8738,3121,60,52.01666667,High
42,36 - 45,F,Less than $40K,<Rs33L,Low Income,1592,4172,70,59.6,High
65,55+,M,Less than $40K,<Rs33L,Low Income,3675,3798,53,71.66037736,High
48,46 - 55,M,$120K +,Rs1Cr +,High Income,24593,2084,31,67.22580645,High
55,46 - 55,F,Unknown,Unknown,Unknown,7613,4268,69,61.85507246,High
45,36 - 45,M,$120K +,Rs1Cr +,High Income,26107,1697,47,36.10638298,Medium
53,46 - 55,F,Less than $40K,<Rs33L,Low Income,4287,1635,41,39.87804878,Medium
57,55+,M,$60K - $80K,Rs50L - Rs66L,Mid Income,9843,3677,66,55.71212121,High
50,46 - 55,M,$60K - $80K,Rs50L - Rs66L,Mid Income,10733,3910,66,59.24242424,High
41,36 - 45,M,$80K - $120K,Rs66L - Rs1Cr,Mid Income,3460,3642,69,52.7826087,High
46,46 - 55,F,Less than $40K,<Rs33L,Low Income,1996,3760,69,54.49275362,High
49,46 - 55,M,$60K - $80K,Rs50L - Rs66L,Mid Income,5536,3918,70,55.97142857,High
31,26 - 35,F,Unknown,Unknown,Unknown,1469,4331,89,48.66292135,High
54,46 - 55,M,$120K +,Rs1Cr +,High Income,5597,4844,58,83.51724138,High
51,46 - 55,F,Less than $40K,<Rs33L,Low Income,8960,1853,40,46.325,Medium
52,46 - 55,M,$60K - $80K,Rs50L - Rs66L,Mid Income,5693,4003,64,62.546875,High
43,36 - 45,M,Less than $40K,<Rs33L,Low Income,4098,3939,84,46.89285714,High
44,36 - 45,M,$80K - $120K,Rs66L - Rs1Cr,Mid Income,18358,3920,85,46.11764706,High
44,36 - 45,M,$40K - $60K,Rs33L - Rs50L,Low Income,2337,3945,65,60.69230769,High
51,46 - 55,M,$60K - $80K,Rs50L - Rs66L,Mid Income,8989,2031,53,38.32075472,High
51,46 - 55,F,Less than $40K,<Rs33L,Low Income,2124,3210,52,61.73076923,High
55,46 - 55,F,Less than $40K,<Rs33L,Low Income,3968,4641,65,71.4,High
42,36 - 45,M,$40K - $60K,Rs33L - Rs50L,Low Income,2793,3247,69,47.05797101,High
53,46 - 55,M,$60K - $80K,Rs50L - Rs66L,Mid Income,13513,3503,68,51.51470588,High
43,36 - 45,M,$80K - $120K,Rs66L - Rs1Cr,Mid Income,16351,3475,82,42.37804878,High
51,46 - 55,M,$60K - $80K,Rs50L - Rs66L,Mid Income,9619,3690,76,48.55263158,High
56,55+,M,$80K - $120K,Rs66L - Rs1Cr,Mid Income,19030,4137,72,57.45833333,High
44,36 - 45,F,Less than $40K,<Rs33L,Low Income,2107,4007,82,48.86585366,High
55,46 - 55,F,Less than $40K,<Rs33L,Low Income,2517,4528,75,60.37333333,High
41,36 - 45,F,$40K - $60K,Rs33L - Rs50L,Low Income,3179,4337,82,52.8902439,High
48,46 - 55,F,Less than $40K,<Rs33L,Low Income,3968,4128,72,57.33333333,High
45,36 - 45,M,$60K - $80K,Rs50L - Rs66L,Mid Income,5065,3555,75,47.4,High
65,55+,F,Less than $40K,<Rs33L,Low Income,10885,2291,39,58.74358974,High
46,46 - 55,M,$80K - $120K,Rs66L - Rs1Cr,Mid Income,1438.3,2299,40,57.475,High
52,46 - 55,M,$60K - $80K,Rs50L - Rs66L,Mid Income,10817,3889,60,64.81666667,High
65,55+,F,Unknown,Unknown,Unknown,13666,3998,70,57.11428571,High
49,46 - 55,M,$80K - $120K,Rs66L - Rs1Cr,Mid Income,2149,5228,93,56.21505376,High
50,46 - 55,F,$40K - $60K,Rs33L - Rs50L,Low Income,7191,1654,30,55.13333333,Medium
52,46 - 55,F,Less than $40K,<Rs33L,Low Income,2155,4295,77,55.77922078,High
42,36 - 45,F,Unknown,Unknown,Unknown,5395,3523,79,44.59493671,High
50,46 - 55,F,Less than $40K,<Rs33L,Low Income,3222,4613,72,64.06944444,High
27,26 - 35,F,Less than $40K,<Rs33L,Low Income,2042,5146,78,65.97435897,High
37,36 - 45,F,Less than $40K,<Rs33L,Low Income,1610,2729,45,60.64444444,High
42,36 - 45,F,Less than $40K,<Rs33L,Low Income,3809,2306,46,50.13043478,High
43,36 - 45,F,Less than $40K,<Rs33L,Low Income,5544,3829,55,69.61818182,High
37,36 - 45,F,Less than $40K,<Rs33L,Low Income,2388,4539,89,51,High
49,46 - 55,F,Less than $40K,<Rs33L,Low Income,2473,4597,80,57.4625,High
42,36 - 45,M,$40K - $60K,Rs33L - Rs50L,Low Income,13103,4323,72,60.04166667,High
48,46 - 55,F,$40K - $60K,Rs33L - Rs50L,Low Income,2465,4030,86,46.86046512,High
52,46 - 55,F,$40K - $60K,Rs33L - Rs50L,Low Income,6081,4451,70,63.58571429,High
45,36 - 45,M,$60K - $80K,Rs50L - Rs66L,Mid Income,21815,3904,72,54.22222222,High
49,46 - 55,M,$80K - $120K,Rs66L - Rs1Cr,Mid Income,34516,3924,65,60.36923077,High
38,36 - 45,M,$40K - $60K,Rs33L - Rs50L,Low Income,3458,2256,40,56.4,High
50,46 - 55,F,$40K - $60K,Rs33L - Rs50L,Low Income,8264,4240,73,58.08219178,High
65,55+,F,Less than $40K,<Rs33L,Low Income,1697,2799,49,57.12244898,High
50,46 - 55,M,$40K - $60K,Rs33L - Rs50L,Low Income,3069,2909,58,50.15517241,High
46,46 - 55,M,$80K - $120K,Rs66L - Rs1Cr,Mid Income,10309,1760,40,44,Medium
43,36 - 45,M,$60K - $80K,Rs50L - Rs66L,Mid Income,4983,1939,30,64.63333333,Medium
42,36 - 45,M,$120K +,Rs1Cr +,High Income,3103,4792,69,69.44927536,High
45,36 - 45,F,$40K - $60K,Rs33L - Rs50L,Low Income,1663,2978,61,48.81967213,High
55,46 - 55,F,Less than $40K,<Rs33L,Low Income,2695,4557,94,48.4787234,High
50,46 - 55,F,Unknown,Unknown,Unknown,18178,3445,76,45.32894737,High
50,46 - 55,M,$60K - $80K,Rs50L - Rs66L,Mid Income,14782,3206,54,59.37037037,High
54,46 - 55,F,$40K - $60K,Rs33L - Rs50L,Low Income,2488,4361,75,58.14666667,High
45,36 - 45,F,Unknown,Unknown,Unknown,1785,4964,82,60.53658537,High
45,36 - 45,F,$40K - $60K,Rs33L - Rs50L,Low Income,4701,4136,77,53.71428571,High
39,36 - 45,F,Less than $40K,<Rs33L,Low Income,1438.3,4089,73,56.01369863,High
45,36 - 45,F,Less than $40K,<Rs33L,Low Income,2826,2005,32,62.65625,High
52,46 - 55,F,$40K - $60K,Rs33L - Rs50L,Low Income,4597,4932,67,73.6119403,High
33,26 - 35,F,Less than $40K,<Rs33L,Low Income,2591,4730,82,57.68292683,High
40,36 - 45,M,$40K - $60K,Rs33L - Rs50L,Low Income,2494,3407,61,55.85245902,High
61,55+,M,$40K - $60K,Rs33L - Rs50L,Low Income,5039,3300,68,48.52941176,High
48,46 - 55,M,$40K - $60K,Rs33L - Rs50L,Low Income,7897,2270,46,49.34782609,High
50,46 - 55,M,$60K - $80K,Rs50L - Rs66L,Mid Income,4772,4054,72,56.30555556,High
35,26 - 35,F,Less than $40K,<Rs33L,Low Income,3436,5211,90,57.9,High
50,46 - 55,F,$40K - $60K,Rs33L - Rs50L,Low Income,12064,4100,67,61.19402985,High
53,46 - 55,M,$80K - $120K,Rs66L - Rs1Cr,Mid Income,9065,4030,73,55.20547945,High
49,46 - 55,M,$80K - $120K,Rs66L - Rs1Cr,Mid Income,34516,2512,45,55.82222222,High
45,36 - 45,M,$60K - $80K,Rs50L - Rs66L,Mid Income,10290,4326,81,53.40740741,High
52,46 - 55,F,Less than $40K,<Rs33L,Low Income,3433,4831,78,61.93589744,High
40,36 - 45,M,$120K +,Rs1Cr +,High Income,34516,2922,71,41.15492958,High
45,36 - 45,F,Less than $40K,<Rs33L,Low Income,3240,4200,67,62.68656716,High
50,46 - 55,F,Less than $40K,<Rs33L,Low Income,1438.3,4379,64,68.421875,High
51,46 - 55,F,Less than $40K,<Rs33L,Low Income,6462,4156,77,53.97402597,High
60,55+,F,Unknown,Unknown,Unknown,4408,4157,71,58.54929577,High
50,46 - 55,F,$40K - $60K,Rs33L - Rs50L,Low Income,1438.3,1863,42,44.35714286,Medium
46,46 - 55,F,Less than $40K,<Rs33L,Low Income,1438.3,1517,38,39.92105263,Medium
50,46 - 55,F,Unknown,Unknown,Unknown,1773,1764,30,58.8,Medium
52,46 - 55,M,$80K - $120K,Rs66L - Rs1Cr,Mid Income,4555,3646,66,55.24242424,High
54,46 - 55,M,$80K - $120K,Rs66L - Rs1Cr,Mid Income,30666,3709,66,56.1969697,High
53,46 - 55,M,$80K - $120K,Rs66L - Rs1Cr,Mid Income,1575,4241,77,55.07792208,High
53,46 - 55,M,$120K +,Rs1Cr +,High Income,1891,3822,69,55.39130435,High
40,36 - 45,M,$120K +,Rs1Cr +,High Income,16634,3455,72,47.98611111,High
50,46 - 55,F,Unknown,Unknown,Unknown,7985,3873,72,53.79166667,High
45,36 - 45,M,$120K +,Rs1Cr +,High Income,3304,3914,70,55.91428571,High
40,36 - 45,F,$40K - $60K,Rs33L - Rs50L,Low Income,6247,5158,68,75.85294118,High
36,36 - 45,M,$40K - $60K,Rs33L - Rs50L,Low Income,3645,4142,74,55.97297297,High
62,55+,M,Unknown,Unknown,Unknown,21329,4206,75,56.08,High
35,26 - 35,F,$40K - $60K,Rs33L - Rs50L,Low Income,7234,4272,83,51.46987952,High
47,46 - 55,F,Less than $40K,<Rs33L,Low Income,2262,4113,83,49.55421687,High
40,36 - 45,M,Less than $40K,<Rs33L,Low Income,1438.3,4655,82,56.76829268,High
45,36 - 45,F,Less than $40K,<Rs33L,Low Income,4187,4647,81,57.37037037,High
48,46 - 55,M,$80K - $120K,Rs66L - Rs1Cr,Mid Income,16362,2228,37,60.21621622,High
59,55+,M,$120K +,Rs1Cr +,High Income,34516,4333,70,61.9,High
44,36 - 45,M,$60K - $80K,Rs50L - Rs66L,Mid Income,2748,3383,67,50.49253731,High
38,36 - 45,M,$80K - $120K,Rs66L - Rs1Cr,Mid Income,5242,4306,77,55.92207792,High
43,36 - 45,M,$60K - $80K,Rs50L - Rs66L,Mid Income,21585,3789,70,54.12857143,High
31,26 - 35,F,Unknown,Unknown,Unknown,2488,4226,73,57.89041096,High
50,46 - 55,F,Less than $40K,<Rs33L,Low Income,9966,4401,60,73.35,High
45,36 - 45,F,Unknown,Unknown,Unknown,27804,2761,57,48.43859649,High
45,36 - 45,M,$60K - $80K,Rs50L - Rs66L,Mid Income,15626,3386,65,52.09230769,High
47,46 - 55,M,$80K - $120K,Rs66L - Rs1Cr,Mid Income,18800,1575,23,68.47826087,Medium
49,46 - 55,M,$80K - $120K,Rs66L - Rs1Cr,Mid Income,1963,4150,75,55.33333333,High
43,36 - 45,F,Less than $40K,<Rs33L,Low Income,4579,1915,44,43.52272727,Medium
43,36 - 45,M,$60K - $80K,Rs50L - Rs66L,Mid Income,25824,3101,73,42.47945205,High
48,46 - 55,M,$80K - $120K,Rs66L - Rs1Cr,Mid Income,3429,4422,64,69.09375,High
59,55+,M,$40K - $60K,Rs33L - Rs50L,Low Income,15809,3109,48,64.77083333,High
47,46 - 55,F,Less than $40K,<Rs33L,Low Income,2493,4274,68,62.85294118,High
48,46 - 55,M,$80K - $120K,Rs66L - Rs1Cr,Mid Income,6593,3520,69,51.01449275,High
53,46 - 55,F,$40K - $60K,Rs33L - Rs50L,Low Income,1625,2314,43,53.81395349,High
53,46 - 55,F,$40K - $60K,Rs33L - Rs50L,Low Income,2121,1464,32,45.75,Medium
40,36 - 45,F,Less than $40K,<Rs33L,Low Income,4757,4220,71,59.43661972,High
42,36 - 45,F,Less than $40K,<Rs33L,Low Income,8668,1402,38,36.89473684,Medium
50,46 - 55,M,$60K - $80K,Rs50L - Rs66L,Mid Income,21869,4233,71,59.61971831,High
45,36 - 45,F,Less than $40K,<Rs33L,Low Income,2480,4114,66,62.33333333,High
49,46 - 55,M,$60K - $80K,Rs50L - Rs66L,Mid Income,8190,3529,84,42.01190476,High
55,46 - 55,F,Less than $40K,<Rs33L,Low Income,1850,4134,78,53,High
46,46 - 55,F,Less than $40K,<Rs33L,Low Income,2483,4421,74,59.74324324,High
40,36 - 45,F,Less than $40K,<Rs33L,Low Income,2925,4455,77,57.85714286,High
49,46 - 55,F,Less than $40K,<Rs33L,Low Income,7066,1695,38,44.60526316,Medium
48,46 - 55,M,$40K - $60K,Rs33L - Rs50L,Low Income,2514,3942,65,60.64615385,High
50,46 - 55,M,$60K - $80K,Rs50L - Rs66L,Mid Income,3640,3756,70,53.65714286,High
50,46 - 55,F,$40K - $60K,Rs33L - Rs50L,Low Income,5527,2281,37,61.64864865,High
45,36 - 45,M,$80K - $120K,Rs66L - Rs1Cr,Mid Income,31625,4503,77,58.48051948,High
57,55+,M,$80K - $120K,Rs66L - Rs1Cr,Mid Income,32409,4218,66,63.90909091,High
44,36 - 45,M,$60K - $80K,Rs50L - Rs66L,Mid Income,9827,2840,63,45.07936508,High
50,46 - 55,F,Less than $40K,<Rs33L,Low Income,2623,5237,76,68.90789474,High
42,36 - 45,M,$40K - $60K,Rs33L - Rs50L,Low Income,2993,4106,81,50.69135802,High
37,36 - 45,M,$80K - $120K,Rs66L - Rs1Cr,Mid Income,12944,4389,84,52.25,High
54,46 - 55,M,$60K - $80K,Rs50L - Rs66L,Mid Income,6401,4465,63,70.87301587,High
43,36 - 45,M,$80K - $120K,Rs66L - Rs1Cr,Mid Income,5506,4024,62,64.90322581,High
52,46 - 55,M,$80K - $120K,Rs66L - Rs1Cr,Mid Income,34516,1737,38,45.71052632,Medium
46,46 - 55,M,$60K - $80K,Rs50L - Rs66L,Mid Income,17673,3160,59,53.55932203,High
43,36 - 45,F,$40K - $60K,Rs33L - Rs50L,Low Income,2656,4171,80,52.1375,High
46,46 - 55,M,Less than $40K,<Rs33L,Low Income,6118,4434,81,54.74074074,High
45,36 - 45,M,$40K - $60K,Rs33L - Rs50L,Low Income,17437,3381,51,66.29411765,High
50,46 - 55,F,Unknown,Unknown,Unknown,1461,2176,40,54.4,High
55,46 - 55,F,$40K - $60K,Rs33L - Rs50L,Low Income,1965,4671,69,67.69565217,High
51,46 - 55,M,$60K - $80K,Rs50L - Rs66L,Mid Income,30899,1481,20,74.05,Medium
48,46 - 55,M,$60K - $80K,Rs50L - Rs66L,Mid Income,8876,3779,78,48.44871795,High
44,36 - 45,M,$60K - $80K,Rs50L - Rs66L,Mid Income,2440,4382,88,49.79545455,High
50,46 - 55,F,Less than $40K,<Rs33L,Low Income,1652,4533,69,65.69565217,High
46,46 - 55,M,$80K - $120K,Rs66L - Rs1Cr,Mid Income,15535,3718,66,56.33333333,High
52,46 - 55,M,$120K +,Rs1Cr +,High Income,13354,1097,28,39.17857143,Low
49,46 - 55,M,$120K +,Rs1Cr +,High Income,26723,2138,43,49.72093023,High
55,46 - 55,F,Less than $40K,<Rs33L,Low Income,3949,3495,64,54.609375,High
49,46 - 55,M,$60K - $80K,Rs50L - Rs66L,Mid Income,5937,4228,70,60.4,High
40,36 - 45,M,Unknown,Unknown,Unknown,18806,3142,62,50.67741935,High
45,36 - 45,F,Unknown,Unknown,Unknown,3512,1801,48,37.52083333,Medium
44,36 - 45,F,Less than $40K,<Rs33L,Low Income,1975,2959,63,46.96825397,High
41,36 - 45,F,Less than $40K,<Rs33L,Low Income,2888,4713,77,61.20779221,High
47,46 - 55,F,Less than $40K,<Rs33L,Low Income,2263,2385,33,72.27272727,High
38,36 - 45,M,$80K - $120K,Rs66L - Rs1Cr,Mid Income,26792,3587,66,54.34848485,High
52,46 - 55,M,$60K - $80K,Rs50L - Rs66L,Mid Income,9375,2108,51,41.33333333,High
48,46 - 55,F,Less than $40K,<Rs33L,Low Income,2806,1757,35,50.2,Medium
41,36 - 45,F,Less than $40K,<Rs33L,Low Income,1478,2180,46,47.39130435,High
53,46 - 55,M,$60K - $80K,Rs50L - Rs66L,Mid Income,6836,4421,74,59.74324324,High
47,46 - 55,M,$80K - $120K,Rs66L - Rs1Cr,Mid Income,8757,2108,47,44.85106383,High
40,36 - 45,M,$60K - $80K,Rs50L - Rs66L,Mid Income,10529,4583,87,52.67816092,High
61,55+,M,$40K - $60K,Rs33L - Rs50L,Low Income,2122,5224,85,61.45882353,High
45,36 - 45,F,Unknown,Unknown,Unknown,2883,4053,85,47.68235294,High
56,55+,F,$40K - $60K,Rs33L - Rs50L,Low Income,2339,1542,45,34.26666667,Medium
57,55+,F,Less than $40K,<Rs33L,Low Income,5225,4239,69,61.43478261,High
48,46 - 55,M,$40K - $60K,Rs33L - Rs50L,Low Income,2582,2144,42,51.04761905,High
60,55+,M,$80K - $120K,Rs66L - Rs1Cr,Mid Income,11524,3598,72,49.97222222,High
49,46 - 55,F,Unknown,Unknown,Unknown,13039,4010,69,58.11594203,High
50,46 - 55,F,Unknown,Unknown,Unknown,2509,2281,41,55.63414634,High
65,55+,M,$40K - $60K,Rs33L - Rs50L,Low Income,1456,3953,69,57.28985507,High
57,55+,M,$120K +,Rs1Cr +,High Income,5612,4734,83,57.03614458,High
51,46 - 55,F,Less than $40K,<Rs33L,Low Income,3025,4626,78,59.30769231,High
40,36 - 45,F,Less than $40K,<Rs33L,Low Income,4205,4256,69,61.68115942,High
55,46 - 55,M,$120K +,Rs1Cr +,High Income,3515,4313,72,59.90277778,High
52,46 - 55,M,$120K +,Rs1Cr +,High Income,26174,4551,65,70.01538462,High
44,36 - 45,F,Less than $40K,<Rs33L,Low Income,1602,5428,85,63.85882353,High
49,46 - 55,F,Unknown,Unknown,Unknown,29939,4305,63,68.33333333,High
49,46 - 55,F,Less than $40K,<Rs33L,Low Income,2115,4450,68,65.44117647,High
42,36 - 45,M,$60K - $80K,Rs50L - Rs66L,Mid Income,5298,2431,37,65.7027027,High
56,55+,F,Less than $40K,<Rs33L,Low Income,2433,4269,88,48.51136364,High
60,55+,F,Less than $40K,<Rs33L,Low Income,1443,4673,59,79.20338983,High
50,46 - 55,M,$120K +,Rs1Cr +,High Income,9758,4134,60,68.9,High
42,36 - 45,M,$80K - $120K,Rs66L - Rs1Cr,Mid Income,4562,3740,55,68,High
65,55+,F,Unknown,Unknown,Unknown,1438.3,4022,61,65.93442623,High
41,36 - 45,F,Unknown,Unknown,Unknown,4210,4342,72,60.30555556,High
57,55+,F,Less than $40K,<Rs33L,Low Income,1438.3,2113,38,55.60526316,High
48,46 - 55,M,$120K +,Rs1Cr +,High Income,24931,5031,79,63.6835443,High
47,46 - 55,M,$80K - $120K,Rs66L - Rs1Cr,Mid Income,8854,4768,81,58.86419753,High
62,55+,F,Less than $40K,<Rs33L,Low Income,2230,4027,75,53.69333333,High
46,46 - 55,M,$80K - $120K,Rs66L - Rs1Cr,Mid Income,28327,3475,52,66.82692308,High
56,55+,F,Unknown,Unknown,Unknown,2500,3673,72,51.01388889,High
41,36 - 45,M,$60K - $80K,Rs50L - Rs66L,Mid Income,9246,4611,91,50.67032967,High
43,36 - 45,F,$40K - $60K,Rs33L - Rs50L,Low Income,11155,3504,60,58.4,High
43,36 - 45,M,$120K +,Rs1Cr +,High Income,11926,3778,84,44.97619048,High
54,46 - 55,M,$40K - $60K,Rs33L - Rs50L,Low Income,5501,2050,51,40.19607843,High
45,36 - 45,F,Less than $40K,<Rs33L,Low Income,2110,4812,77,62.49350649,High
49,46 - 55,M,$60K - $80K,Rs50L - Rs66L,Mid Income,12994,3734,74,50.45945946,High
52,46 - 55,F,Unknown,Unknown,Unknown,29551,3226,63,51.20634921,High
46,46 - 55,M,$80K - $120K,Rs66L - Rs1Cr,Mid Income,5054,2027,39,51.97435897,High
45,36 - 45,F,Less than $40K,<Rs33L,Low Income,3136,4674,67,69.76119403,High
43,36 - 45,F,Unknown,Unknown,Unknown,6109,4430,69,64.20289855,High
49,46 - 55,M,$80K - $120K,Rs66L - Rs1Cr,Mid Income,3989,5189,82,63.2804878,High
33,26 - 35,F,Less than $40K,<Rs33L,Low Income,3315,4006,65,61.63076923,High
52,46 - 55,M,$80K - $120K,Rs66L - Rs1Cr,Mid Income,34516,2275,46,49.45652174,High
40,36 - 45,F,Less than $40K,<Rs33L,Low Income,1794,4455,63,70.71428571,High
51,46 - 55,M,$60K - $80K,Rs50L - Rs66L,Mid Income,5993,3464,64,54.125,High
44,36 - 45,F,Less than $40K,<Rs33L,Low Income,8320,4128,82,50.34146341,High
62,55+,F,Less than $40K,<Rs33L,Low Income,1930,1971,45,43.8,Medium
45,36 - 45,F,Less than $40K,<Rs33L,Low Income,2329,4286,86,49.8372093,High
55,46 - 55,F,Less than $40K,<Rs33L,Low Income,1438.3,4436,73,60.76712329,High
55,46 - 55,M,$40K - $60K,Rs33L - Rs50L,Low Income,18128,2503,49,51.08163265,High
48,46 - 55,M,$120K +,Rs1Cr +,High Income,10642,4183,74,56.52702703,High
38,36 - 45,F,Less than $40K,<Rs33L,Low Income,2230,3766,63,59.77777778,High
52,46 - 55,F,Less than $40K,<Rs33L,Low Income,6946,4058,88,46.11363636,High
50,46 - 55,F,Unknown,Unknown,Unknown,9716,5007,91,55.02197802,High
58,55+,F,Unknown,Unknown,Unknown,4377,3900,62,62.90322581,High
42,36 - 45,F,$40K - $60K,Rs33L - Rs50L,Low Income,2516,2257,51,44.25490196,High
52,46 - 55,M,$120K +,Rs1Cr +,High Income,34516,4037,87,46.40229885,High
55,46 - 55,F,Less than $40K,<Rs33L,Low Income,1844,4564,82,55.65853659,High
48,46 - 55,M,$60K - $80K,Rs50L - Rs66L,Mid Income,13233,4288,47,91.23404255,High
41,36 - 45,M,$80K - $120K,Rs66L - Rs1Cr,Mid Income,34516,2589,57,45.42105263,High
48,46 - 55,F,$40K - $60K,Rs33L - Rs50L,Low Income,1593,4004,76,52.68421053,High
50,46 - 55,F,Less than $40K,<Rs33L,Low Income,8589,3553,63,56.3968254,High
53,46 - 55,F,$40K - $60K,Rs33L - Rs50L,Low Income,1714,2279,46,49.54347826,High
46,46 - 55,M,$120K +,Rs1Cr +,High Income,1438.3,3631,67,54.19402985,High
50,46 - 55,F,Less than $40K,<Rs33L,Low Income,2433,4668,69,67.65217391,High
47,46 - 55,M,$80K - $120K,Rs66L - Rs1Cr,Mid Income,21148,3370,69,48.84057971,High
65,55+,F,Less than $40K,<Rs33L,Low Income,7487,4070,63,64.6031746,High
47,46 - 55,F,Less than $40K,<Rs33L,Low Income,5798,1860,43,43.25581395,Medium
52,46 - 55,M,$80K - $120K,Rs66L - Rs1Cr,Mid Income,34516,4223,81,52.13580247,High
52,46 - 55,F,Unknown,Unknown,Unknown,7608,4921,81,60.75308642,High
44,36 - 45,F,Less than $40K,<Rs33L,Low Income,2184,1973,42,46.97619048,Medium
35,26 - 35,F,Less than $40K,<Rs33L,Low Income,2189,4530,72,62.91666667,High
50,46 - 55,M,$80K - $120K,Rs66L - Rs1Cr,Mid Income,3495,2131,41,51.97560976,High
52,46 - 55,F,$40K - $60K,Rs33L - Rs50L,Low Income,8018,2409,38,63.39473684,High
41,36 - 45,M,$80K - $120K,Rs66L - Rs1Cr,Mid Income,20543,1874,42,44.61904762,Medium
62,55+,F,Unknown,Unknown,Unknown,18819,4273,87,49.11494253,High
49,46 - 55,M,$60K - $80K,Rs50L - Rs66L,Mid Income,17811,3748,79,47.44303797,High
43,36 - 45,M,$80K - $120K,Rs66L - Rs1Cr,Mid Income,14418,3880,68,57.05882353,High
44,36 - 45,M,$80K - $120K,Rs66L - Rs1Cr,Mid Income,3936,5001,66,75.77272727,High
43,36 - 45,F,Unknown,Unknown,Unknown,5738,4375,73,59.93150685,High
54,46 - 55,M,$120K +,Rs1Cr +,High Income,34516,3918,67,58.47761194,High
55,46 - 55,F,Less than $40K,<Rs33L,Low Income,1513,4042,72,56.13888889,High
49,46 - 55,M,$60K - $80K,Rs50L - Rs66L,Mid Income,18075,1477,30,49.23333333,Medium
45,36 - 45,F,Unknown,Unknown,Unknown,5989,4246,78,54.43589744,High
56,55+,F,Less than $40K,<Rs33L,Low Income,2490,2998,60,49.96666667,High
49,46 - 55,F,Less than $40K,<Rs33L,Low Income,2659,4546,81,56.12345679,High
53,46 - 55,M,$120K +,Rs1Cr +,High Income,34516,1461,43,33.97674419,Medium
49,46 - 55,M,$80K - $120K,Rs66L - Rs1Cr,Mid Income,13490,4205,75,56.06666667,High
46,46 - 55,M,$40K - $60K,Rs33L - Rs50L,Low Income,1664,4804,66,72.78787879,High
49,46 - 55,M,$120K +,Rs1Cr +,High Income,7753,3367,65,51.8,High
36,36 - 45,F,Less than $40K,<Rs33L,Low Income,2909,5154,80,64.425,High
57,55+,M,$80K - $120K,Rs66L - Rs1Cr,Mid Income,34516,4745,69,68.76811594,High
52,46 - 55,F,$40K - $60K,Rs33L - Rs50L,Low Income,3476,3496,58,60.27586207,High
52,46 - 55,M,$80K - $120K,Rs66L - Rs1Cr,Mid Income,16026,4418,59,74.88135593,High
45,36 - 45,M,Less than $40K,<Rs33L,Low Income,2705,4501,67,67.17910448,High
54,46 - 55,M,$120K +,Rs1Cr +,High Income,2884,4887,90,54.3,High
49,46 - 55,M,$80K - $120K,Rs66L - Rs1Cr,Mid Income,24299,5320,62,85.80645161,High
43,36 - 45,M,$60K - $80K,Rs50L - Rs66L,Mid Income,20755,4615,79,58.41772152,High
50,46 - 55,M,$60K - $80K,Rs50L - Rs66L,Mid Income,21096,1882,39,48.25641026,Medium
46,46 - 55,M,$120K +,Rs1Cr +,High Income,6457,4487,73,61.46575342,High
45,36 - 45,F,Less than $40K,<Rs33L,Low Income,1603,4041,66,61.22727273,High
43,36 - 45,F,Unknown,Unknown,Unknown,9051,4169,72,57.90277778,High
50,46 - 55,F,Unknown,Unknown,Unknown,10057,2383,42,56.73809524,High
33,26 - 35,M,$60K - $80K,Rs50L - Rs66L,Mid Income,2043,5212,79,65.97468354,High
65,55+,F,Less than $40K,<Rs33L,Low Income,2802,3887,61,63.72131148,High
56,55+,F,Less than $40K,<Rs33L,Low Income,1960,3870,67,57.76119403,High
40,36 - 45,F,Less than $40K,<Rs33L,Low Income,2348,1901,27,70.40740741,Medium
40,36 - 45,M,$60K - $80K,Rs50L - Rs66L,Mid Income,2978,3879,95,40.83157895,High
49,46 - 55,F,Less than $40K,<Rs33L,Low Income,2017,3875,75,51.66666667,High
29,26 - 35,F,Unknown,Unknown,Unknown,13613,4253,84,50.63095238,High
45,36 - 45,F,Less than $40K,<Rs33L,Low Income,5553,3744,52,72,High
51,46 - 55,M,$80K - $120K,Rs66L - Rs1Cr,Mid Income,6346,3837,85,45.14117647,High
45,36 - 45,M,$120K +,Rs1Cr +,High Income,34516,3342,63,53.04761905,High
40,36 - 45,F,Less than $40K,<Rs33L,Low Income,1438.3,3561,72,49.45833333,High
37,36 - 45,M,$40K - $60K,Rs33L - Rs50L,Low Income,15133,4392,68,64.58823529,High
42,36 - 45,M,$40K - $60K,Rs33L - Rs50L,Low Income,2502,3763,75,50.17333333,High
45,36 - 45,F,Less than $40K,<Rs33L,Low Income,2589,4133,68,60.77941176,High
47,46 - 55,F,Less than $40K,<Rs33L,Low Income,2049,3514,79,44.48101266,High
47,46 - 55,M,$40K - $60K,Rs33L - Rs50L,Low Income,3560,4060,79,51.39240506,High
49,46 - 55,F,Less than $40K,<Rs33L,Low Income,1438.3,4553,78,58.37179487,High
43,36 - 45,M,$120K +,Rs1Cr +,High Income,25937,3785,68,55.66176471,High
43,36 - 45,M,$60K - $80K,Rs50L - Rs66L,Mid Income,2387,3909,67,58.34328358,High
48,46 - 55,M,Less than $40K,<Rs33L,Low Income,2912,4518,90,50.2,High
53,46 - 55,M,$60K - $80K,Rs50L - Rs66L,Mid Income,7062,3432,68,50.47058824,High
56,55+,M,$80K - $120K,Rs66L - Rs1Cr,Mid Income,12186,4785,66,72.5,High
64,55+,M,Less than $40K,<Rs33L,Low Income,3570,3289,47,69.9787234,High
38,36 - 45,F,Unknown,Unknown,Unknown,3072,4245,82,51.76829268,High
51,46 - 55,F,Unknown,Unknown,Unknown,31501,3893,81,48.0617284,High
42,36 - 45,F,Less than $40K,<Rs33L,Low Income,5928,3536,69,51.24637681,High
44,36 - 45,F,Unknown,Unknown,Unknown,8482,4076,81,50.32098765,High
50,46 - 55,M,$120K +,Rs1Cr +,High Income,23911,4770,89,53.59550562,High
62,55+,M,$80K - $120K,Rs66L - Rs1Cr,Mid Income,1438.3,3628,74,49.02702703,High
49,46 - 55,F,Less than $40K,<Rs33L,Low Income,3261,4739,89,53.24719101,High
41,36 - 45,M,$60K - $80K,Rs50L - Rs66L,Mid Income,2317,3057,71,43.05633803,High
43,36 - 45,M,$120K +,Rs1Cr +,High Income,33913,4160,76,54.73684211,High
43,36 - 45,M,$80K - $120K,Rs66L - Rs1Cr,Mid Income,34516,2427,51,47.58823529,High
45,36 - 45,F,Unknown,Unknown,Unknown,1637,4120,78,52.82051282,High
48,46 - 55,M,$60K - $80K,Rs50L - Rs66L,Mid Income,5448,3912,72,54.33333333,High
64,55+,F,$40K - $60K,Rs33L - Rs50L,Low Income,5152,4074,72,56.58333333,High
46,46 - 55,F,Unknown,Unknown,Unknown,15195,2631,41,64.17073171,High
53,46 - 55,F,Less than $40K,<Rs33L,Low Income,2799,3971,76,52.25,High
38,36 - 45,F,Less than $40K,<Rs33L,Low Income,1438.3,2139,47,45.5106383,High
51,46 - 55,M,$80K - $120K,Rs66L - Rs1Cr,Mid Income,1817,3400,67,50.74626866,High
47,46 - 55,F,Unknown,Unknown,Unknown,3443,2505,45,55.66666667,High
51,46 - 55,F,Less than $40K,<Rs33L,Low Income,4281,1723,44,39.15909091,Medium
56,55+,F,Less than $40K,<Rs33L,Low Income,2029,4170,73,57.12328767,High
33,26 - 35,F,Unknown,Unknown,Unknown,1438.3,4208,67,62.80597015,High
52,46 - 55,M,$80K - $120K,Rs66L - Rs1Cr,Mid Income,28186,2853,64,44.578125,High
46,46 - 55,F,Unknown,Unknown,Unknown,34516,3722,72,51.69444444,High
46,46 - 55,F,Unknown,Unknown,Unknown,3818,4272,71,60.16901408,High
40,36 - 45,F,$40K - $60K,Rs33L - Rs50L,Low Income,11494,3353,86,38.98837209,High
49,46 - 55,M,$80K - $120K,Rs66L - Rs1Cr,Mid Income,28142,3676,47,78.21276596,High
40,36 - 45,F,Less than $40K,<Rs33L,Low Income,2316,3471,63,55.0952381,High
43,36 - 45,M,$40K - $60K,Rs33L - Rs50L,Low Income,10533,3651,69,52.91304348,High
48,46 - 55,M,$80K - $120K,Rs66L - Rs1Cr,Mid Income,14322,3993,75,53.24,High
50,46 - 55,M,$120K +,Rs1Cr +,High Income,34516,3806,76,50.07894737,High
48,46 - 55,M,$80K - $120K,Rs66L - Rs1Cr,Mid Income,6798,4327,79,54.7721519,High
46,46 - 55,F,Unknown,Unknown,Unknown,1438.3,4111,62,66.30645161,High
46,46 - 55,M,$60K - $80K,Rs50L - Rs66L,Mid Income,2445,2216,39,56.82051282,High
51,46 - 55,F,$40K - $60K,Rs33L - Rs50L,Low Income,2585,3480,64,54.375,High
52,46 - 55,F,Unknown,Unknown,Unknown,1438.3,4102,78,52.58974359,High
46,46 - 55,F,Less than $40K,<Rs33L,Low Income,1781,4775,83,57.53012048,High
42,36 - 45,M,$40K - $60K,Rs33L - Rs50L,Low Income,1606,2628,41,64.09756098,High
42,36 - 45,F,Less than $40K,<Rs33L,Low Income,2205,4921,90,54.67777778,High
49,46 - 55,F,Unknown,Unknown,Unknown,2270,4110,75,54.8,High
44,36 - 45,F,Less than $40K,<Rs33L,Low Income,2568,4254,85,50.04705882,High
55,46 - 55,F,Less than $40K,<Rs33L,Low Income,3292,2222,54,41.14814815,High
54,46 - 55,F,Less than $40K,<Rs33L,Low Income,10797,1739,38,45.76315789,Medium
46,46 - 55,M,$60K - $80K,Rs50L - Rs66L,Mid Income,30501,2525,45,56.11111111,High
45,36 - 45,F,Less than $40K,<Rs33L,Low Income,5371,3282,66,49.72727273,High
37,36 - 45,M,$80K - $120K,Rs66L - Rs1Cr,Mid Income,13441,4207,80,52.5875,High
52,46 - 55,M,$60K - $80K,Rs50L - Rs66L,Mid Income,9137,4626,77,60.07792208,High
45,36 - 45,F,Less than $40K,<Rs33L,Low Income,5848,2000,32,62.5,High
47,46 - 55,M,$120K +,Rs1Cr +,High Income,10614,4601,77,59.75324675,High
42,36 - 45,F,Unknown,Unknown,Unknown,4035,4589,89,51.56179775,High
59,55+,F,$40K - $60K,Rs33L - Rs50L,Low Income,4205,2023,38,53.23684211,High
46,46 - 55,F,Less than $40K,<Rs33L,Low Income,2586,3944,78,50.56410256,High
41,36 - 45,F,Less than $40K,<Rs33L,Low Income,7234,4466,92,48.54347826,High
57,55+,M,$120K +,Rs1Cr +,High Income,34516,4303,77,55.88311688,High
35,26 - 35,M,$80K - $120K,Rs66L - Rs1Cr,Mid Income,21114,3534,56,63.10714286,High
53,46 - 55,M,$40K - $60K,Rs33L - Rs50L,Low Income,2522,4697,73,64.34246575,High
37,36 - 45,M,$80K - $120K,Rs66L - Rs1Cr,Mid Income,11309,4809,71,67.73239437,High
43,36 - 45,M,$120K +,Rs1Cr +,High Income,13883,1871,32,58.46875,Medium
43,36 - 45,M,$60K - $80K,Rs50L - Rs66L,Mid Income,13448,5067,62,81.72580645,High
55,46 - 55,M,$60K - $80K,Rs50L - Rs66L,Mid Income,25991,2996,62,48.32258065,High
52,46 - 55,F,Less than $40K,<Rs33L,Low Income,2537,4964,84,59.0952381,High
46,46 - 55,M,$40K - $60K,Rs33L - Rs50L,Low Income,1438.3,3895,67,58.13432836,High
40,36 - 45,F,Unknown,Unknown,Unknown,13019,1484,33,44.96969697,Medium
53,46 - 55,F,$40K - $60K,Rs33L - Rs50L,Low Income,3339,2432,48,50.66666667,High
49,46 - 55,M,$80K - $120K,Rs66L - Rs1Cr,Mid Income,28390,4631,76,60.93421053,High
44,36 - 45,M,$80K - $120K,Rs66L - Rs1Cr,Mid Income,23665,4190,87,48.16091954,High
46,46 - 55,M,$40K - $60K,Rs33L - Rs50L,Low Income,1438.3,4374,71,61.6056338,High
43,36 - 45,F,Less than $40K,<Rs33L,Low Income,2459,4343,83,52.3253012,High
28,26 - 35,F,Less than $40K,<Rs33L,Low Income,1624,1897,35,54.2,Medium
49,46 - 55,F,$40K - $60K,Rs33L - Rs50L,Low Income,8900,4710,70,67.28571429,High
48,46 - 55,F,Unknown,Unknown,Unknown,5239,4241,61,69.52459016,High
42,36 - 45,F,Less than $40K,<Rs33L,Low Income,9351,5099,60,84.98333333,High
43,36 - 45,F,Less than $40K,<Rs33L,Low Income,2655,4025,62,64.91935484,High
51,46 - 55,M,$120K +,Rs1Cr +,High Income,3173,4030,73,55.20547945,High
48,46 - 55,M,$60K - $80K,Rs50L - Rs66L,Mid Income,6243,3502,57,61.43859649,High
37,36 - 45,F,Unknown,Unknown,Unknown,6730,4814,89,54.08988764,High
40,36 - 45,F,Less than $40K,<Rs33L,Low Income,2490,3339,71,47.02816901,High
51,46 - 55,F,Less than $40K,<Rs33L,Low Income,1746,1907,47,40.57446809,Medium
44,36 - 45,M,$60K - $80K,Rs50L - Rs66L,Mid Income,4141,3512,65,54.03076923,High
58,55+,F,Less than $40K,<Rs33L,Low Income,11684,4900,61,80.32786885,High
47,46 - 55,F,Less than $40K,<Rs33L,Low Income,2363,3887,71,54.74647887,High
48,46 - 55,M,$80K - $120K,Rs66L - Rs1Cr,Mid Income,34516,1626,28,58.07142857,Medium
46,46 - 55,M,$60K - $80K,Rs50L - Rs66L,Mid Income,28829,4540,78,58.20512821,High
33,26 - 35,F,$40K - $60K,Rs33L - Rs50L,Low Income,1438.3,4415,77,57.33766234,High
47,46 - 55,F,Less than $40K,<Rs33L,Low Income,2730,3841,69,55.66666667,High
55,46 - 55,F,Less than $40K,<Rs33L,Low Income,1994,4455,82,54.32926829,High
48,46 - 55,M,$80K - $120K,Rs66L - Rs1Cr,Mid Income,9727,3543,62,57.14516129,High
41,36 - 45,M,$60K - $80K,Rs50L - Rs66L,Mid Income,33771,3819,75,50.92,High
39,36 - 45,M,$60K - $80K,Rs50L - Rs66L,Mid Income,10452,3592,79,45.46835443,High
45,36 - 45,F,Less than $40K,<Rs33L,Low Income,2858,2611,43,60.72093023,High
46,46 - 55,M,$40K - $60K,Rs33L - Rs50L,Low Income,4707,3188,71,44.90140845,High
49,46 - 55,F,Less than $40K,<Rs33L,Low Income,3537,4726,78,60.58974359,High
46,46 - 55,M,$80K - $120K,Rs66L - Rs1Cr,Mid Income,8258,1447,23,62.91304348,Medium
46,46 - 55,F,Less than $40K,<Rs33L,Low Income,3072,3992,57,70.03508772,High
48,46 - 55,M,Less than $40K,<Rs33L,Low Income,8892,4900,89,55.05617978,High
52,46 - 55,M,$120K +,Rs1Cr +,High Income,3841,2680,51,52.54901961,High
37,36 - 45,F,$40K - $60K,Rs33L - Rs50L,Low Income,1920,4715,81,58.20987654,High
42,36 - 45,M,Less than $40K,<Rs33L,Low Income,7802,4212,75,56.16,High
48,46 - 55,F,Less than $40K,<Rs33L,Low Income,1705,4862,41,118.5853659,High
52,46 - 55,F,$40K - $60K,Rs33L - Rs50L,Low Income,1822,2538,39,65.07692308,High
45,36 - 45,F,Unknown,Unknown,Unknown,9294,4431,82,54.03658537,High
40,36 - 45,M,$120K +,Rs1Cr +,High Income,12248,4806,91,52.81318681,High
39,36 - 45,F,$40K - $60K,Rs33L - Rs50L,Low Income,10264,4003,74,54.09459459,High
42,36 - 45,M,$40K - $60K,Rs33L - Rs50L,Low Income,15069,3464,67,51.70149254,High
41,36 - 45,F,$40K - $60K,Rs33L - Rs50L,Low Income,4650,2014,54,37.2962963,High
53,46 - 55,F,Less than $40K,<Rs33L,Low Income,3685,4012,59,68,High
49,46 - 55,F,$40K - $60K,Rs33L - Rs50L,Low Income,7231,3912,67,58.3880597,High
44,36 - 45,M,$60K - $80K,Rs50L - Rs66L,Mid Income,10007,4309,77,55.96103896,High
52,46 - 55,M,$60K - $80K,Rs50L - Rs66L,Mid Income,2641,4279,67,63.86567164,High
29,26 - 35,F,Less than $40K,<Rs33L,Low Income,3095,4642,92,50.45652174,High
48,46 - 55,F,Less than $40K,<Rs33L,Low Income,3607,2013,35,57.51428571,High
36,36 - 45,F,Unknown,Unknown,Unknown,1954,3896,67,58.14925373,High
45,36 - 45,M,$60K - $80K,Rs50L - Rs66L,Mid Income,21317,3814,67,56.92537313,High
41,36 - 45,M,$80K - $120K,Rs66L - Rs1Cr,Mid Income,19402,1937,51,37.98039216,Medium
45,36 - 45,M,$80K - $120K,Rs66L - Rs1Cr,Mid Income,8063,4275,77,55.51948052,High
40,36 - 45,F,$40K - $60K,Rs33L - Rs50L,Low Income,3097,4624,86,53.76744186,High
48,46 - 55,F,Less than $40K,<Rs33L,Low Income,1438.3,2054,46,44.65217391,High
43,36 - 45,F,Less than $40K,<Rs33L,Low Income,3161,4307,66,65.25757576,High
38,36 - 45,F,$40K - $60K,Rs33L - Rs50L,Low Income,2435,1460,32,45.625,Medium
59,55+,F,Less than $40K,<Rs33L,Low Income,1845,4319,76,56.82894737,High
49,46 - 55,F,Less than $40K,<Rs33L,Low Income,1603,2644,43,61.48837209,High
39,36 - 45,F,Less than $40K,<Rs33L,Low Income,4710,4719,91,51.85714286,High
50,46 - 55,F,Unknown,Unknown,Unknown,2751,2108,40,52.7,High
38,36 - 45,F,Less than $40K,<Rs33L,Low Income,1438.3,4815,81,59.44444444,High
52,46 - 55,M,$60K - $80K,Rs50L - Rs66L,Mid Income,24287,5495,69,79.63768116,High
42,36 - 45,F,Less than $40K,<Rs33L,Low Income,1694,3857,70,55.1,High
50,46 - 55,F,Less than $40K,<Rs33L,Low Income,1457,1441,39,36.94871795,Medium
33,26 - 35,M,Unknown,Unknown,Unknown,25045,3444,52,66.23076923,High
52,46 - 55,F,$40K - $60K,Rs33L - Rs50L,Low Income,10859,3987,64,62.296875,High
45,36 - 45,M,$40K - $60K,Rs33L - Rs50L,Low Income,16928,3355,66,50.83333333,High
37,36 - 45,M,$40K - $60K,Rs33L - Rs50L,Low Income,4297,4310,76,56.71052632,High
42,36 - 45,M,$60K - $80K,Rs50L - Rs66L,Mid Income,8302,3221,66,48.8030303,High
43,36 - 45,F,Less than $40K,<Rs33L,Low Income,2734,4457,86,51.8255814,High
40,36 - 45,M,$80K - $120K,Rs66L - Rs1Cr,Mid Income,27374,4231,60,70.51666667,High
43,36 - 45,F,Unknown,Unknown,Unknown,2960,3921,63,62.23809524,High
54,46 - 55,M,$60K - $80K,Rs50L - Rs66L,Mid Income,9110,2999,75,39.98666667,High
42,36 - 45,F,Less than $40K,<Rs33L,Low Income,1539,4793,71,67.50704225,High
39,36 - 45,F,$40K - $60K,Rs33L - Rs50L,Low Income,1947,4496,71,63.32394366,High
45,36 - 45,F,$40K - $60K,Rs33L - Rs50L,Low Income,2667,4883,85,57.44705882,High
54,46 - 55,F,Less than $40K,<Rs33L,Low Income,3062,4037,71,56.85915493,High
47,46 - 55,F,$40K - $60K,Rs33L - Rs50L,Low Income,3114,4342,62,70.03225806,High
54,46 - 55,M,$60K - $80K,Rs50L - Rs66L,Mid Income,14948,3094,56,55.25,High
49,46 - 55,F,Less than $40K,<Rs33L,Low Income,1749,2510,38,66.05263158,High
44,36 - 45,M,$40K - $60K,Rs33L - Rs50L,Low Income,2534,3965,57,69.56140351,High
46,46 - 55,F,Less than $40K,<Rs33L,Low Income,2503,4647,65,71.49230769,High
38,36 - 45,F,Less than $40K,<Rs33L,Low Income,1854,5245,89,58.93258427,High
43,36 - 45,F,Less than $40K,<Rs33L,Low Income,4092,5001,88,56.82954545,High
62,55+,M,$60K - $80K,Rs50L - Rs66L,Mid Income,13284,4942,76,65.02631579,High
59,55+,F,Less than $40K,<Rs33L,Low Income,4830,3365,63,53.41269841,High
45,36 - 45,F,Less than $40K,<Rs33L,Low Income,5911,1656,31,53.41935484,Medium
53,46 - 55,F,Unknown,Unknown,Unknown,11012,3793,86,44.10465116,High
43,36 - 45,M,$60K - $80K,Rs50L - Rs66L,Mid Income,19188,4366,69,63.27536232,High
44,36 - 45,F,Unknown,Unknown,Unknown,18056,4473,72,62.125,High
50,46 - 55,F,Less than $40K,<Rs33L,Low Income,1438.3,4457,69,64.5942029,High
31,26 - 35,F,Less than $40K,<Rs33L,Low Income,3201,5155,77,66.94805195,High
50,46 - 55,F,$40K - $60K,Rs33L - Rs50L,Low Income,1479,5116,75,68.21333333,High
38,36 - 45,F,Less than $40K,<Rs33L,Low Income,3144,4717,75,62.89333333,High
58,55+,M,$80K - $120K,Rs66L - Rs1Cr,Mid Income,1854,3292,73,45.09589041,High
49,46 - 55,M,$60K - $80K,Rs50L - Rs66L,Mid Income,1960,2253,39,57.76923077,High
37,36 - 45,M,$80K - $120K,Rs66L - Rs1Cr,Mid Income,9782,3672,75,48.96,High
47,46 - 55,F,Less than $40K,<Rs33L,Low Income,3144,3774,80,47.175,High
47,46 - 55,M,$40K - $60K,Rs33L - Rs50L,Low Income,4738,1900,36,52.77777778,Medium
46,46 - 55,F,Unknown,Unknown,Unknown,34516,1987,46,43.19565217,Medium
35,26 - 35,F,Less than $40K,<Rs33L,Low Income,1438.3,4432,92,48.17391304,High
43,36 - 45,M,$120K +,Rs1Cr +,High Income,34516,1370,38,36.05263158,Medium
32,26 - 35,F,Less than $40K,<Rs33L,Low Income,2156,4106,66,62.21212121,High
63,55+,F,Less than $40K,<Rs33L,Low Income,1938,3974,56,70.96428571,High
61,55+,F,Less than $40K,<Rs33L,Low Income,1438.3,3560,67,53.13432836,High
54,46 - 55,F,Unknown,Unknown,Unknown,3781,2310,43,53.72093023,High
48,46 - 55,M,$60K - $80K,Rs50L - Rs66L,Mid Income,34516,4539,75,60.52,High
49,46 - 55,M,$120K +,Rs1Cr +,High Income,1438.3,4109,72,57.06944444,High
49,46 - 55,M,$80K - $120K,Rs66L - Rs1Cr,Mid Income,3261,3081,50,61.62,High
35,26 - 35,F,Less than $40K,<Rs33L,Low Income,2211,4359,79,55.17721519,High
39,36 - 45,F,Unknown,Unknown,Unknown,1493,4131,80,51.6375,High
48,46 - 55,F,Unknown,Unknown,Unknown,20631,4827,77,62.68831169,High
53,46 - 55,F,Less than $40K,<Rs33L,Low Income,2255,4270,76,56.18421053,High
51,46 - 55,M,$80K - $120K,Rs66L - Rs1Cr,Mid Income,1507,4126,90,45.84444444,High
65,55+,F,Less than $40K,<Rs33L,Low Income,11097,4836,83,58.26506024,High
49,46 - 55,F,Unknown,Unknown,Unknown,8162,4334,80,54.175,High
44,36 - 45,M,$60K - $80K,Rs50L - Rs66L,Mid Income,18721,4537,81,56.01234568,High
62,55+,F,Less than $40K,<Rs33L,Low Income,5210,2162,36,60.05555556,High
43,36 - 45,F,Less than $40K,<Rs33L,Low Income,1736,3462,67,51.67164179,High
51,46 - 55,M,$80K - $120K,Rs66L - Rs1Cr,Mid Income,1864,3833,73,52.50684932,High
43,36 - 45,F,Less than $40K,<Rs33L,Low Income,6611,4037,74,54.55405405,High
34,26 - 35,F,Unknown,Unknown,Unknown,7942,4068,66,61.63636364,High
49,46 - 55,M,$80K - $120K,Rs66L - Rs1Cr,Mid Income,13382,1828,45,40.62222222,Medium
63,55+,M,Unknown,Unknown,Unknown,18550,2616,42,62.28571429,High
39,36 - 45,F,Less than $40K,<Rs33L,Low Income,2650,4512,80,56.4,High
37,36 - 45,M,$40K - $60K,Rs33L - Rs50L,Low Income,1696,2095,43,48.72093023,High
40,36 - 45,F,Less than $40K,<Rs33L,Low Income,2628,4316,72,59.94444444,High
46,46 - 55,F,$40K - $60K,Rs33L - Rs50L,Low Income,1457,3967,69,57.49275362,High
46,46 - 55,M,$80K - $120K,Rs66L - Rs1Cr,Mid Income,34516,4300,94,45.74468085,High
40,36 - 45,F,Unknown,Unknown,Unknown,3056,4734,73,64.84931507,High
52,46 - 55,M,$80K - $120K,Rs66L - Rs1Cr,Mid Income,2650,4218,64,65.90625,High
58,55+,F,Less than $40K,<Rs33L,Low Income,3331,5379,92,58.4673913,High
49,46 - 55,F,Less than $40K,<Rs33L,Low Income,3343,4507,63,71.53968254,High
51,46 - 55,M,$60K - $80K,Rs50L - Rs66L,Mid Income,4123,2447,40,61.175,High
55,46 - 55,F,Less than $40K,<Rs33L,Low Income,2677,4757,81,58.72839506,High
57,55+,F,Less than $40K,<Rs33L,Low Income,3023,2477,42,58.97619048,High
56,55+,F,Less than $40K,<Rs33L,Low Income,2238,4108,72,57.05555556,High
59,55+,F,Unknown,Unknown,Unknown,3875,2312,49,47.18367347,High
42,36 - 45,M,$60K - $80K,Rs50L - Rs66L,Mid Income,20803,4012,60,66.86666667,High
48,46 - 55,M,$40K - $60K,Rs33L - Rs50L,Low Income,2760,1759,34,51.73529412,Medium
45,36 - 45,M,$80K - $120K,Rs66L - Rs1Cr,Mid Income,9086,3906,81,48.22222222,High
47,46 - 55,M,$60K - $80K,Rs50L - Rs66L,Mid Income,21142,4360,66,66.06060606,High
62,55+,M,Less than $40K,<Rs33L,Low Income,3653,4423,67,66.01492537,High
44,36 - 45,F,Less than $40K,<Rs33L,Low Income,1713,3999,66,60.59090909,High
55,46 - 55,M,$80K - $120K,Rs66L - Rs1Cr,Mid Income,34516,5220,74,70.54054054,High
43,36 - 45,M,$80K - $120K,Rs66L - Rs1Cr,Mid Income,6548,4354,79,55.11392405,High
35,26 - 35,F,$40K - $60K,Rs33L - Rs50L,Low Income,1953,4598,71,64.76056338,High
49,46 - 55,M,$40K - $60K,Rs33L - Rs50L,Low Income,3051,4887,69,70.82608696,High
44,36 - 45,M,$80K - $120K,Rs66L - Rs1Cr,Mid Income,25256,2048,40,51.2,High
48,46 - 55,F,Unknown,Unknown,Unknown,1630,1884,43,43.81395349,Medium
42,36 - 45,M,$120K +,Rs1Cr +,High Income,34516,3574,75,47.65333333,High
43,36 - 45,M,$40K - $60K,Rs33L - Rs50L,Low Income,10800,3966,77,51.50649351,High
39,36 - 45,F,Less than $40K,<Rs33L,Low Income,1876,2579,47,54.87234043,High
42,36 - 45,M,$60K - $80K,Rs50L - Rs66L,Mid Income,4963,2335,40,58.375,High
44,36 - 45,M,$60K - $80K,Rs50L - Rs66L,Mid Income,16739,4014,69,58.17391304,High
56,55+,F,Less than $40K,<Rs33L,Low Income,2463,4118,70,58.82857143,High
46,46 - 55,M,$80K - $120K,Rs66L - Rs1Cr,Mid Income,34516,4699,73,64.36986301,High
50,46 - 55,M,$60K - $80K,Rs50L - Rs66L,Mid Income,4743,3739,55,67.98181818,High
43,36 - 45,M,$60K - $80K,Rs50L - Rs66L,Mid Income,9382,3412,71,48.05633803,High
45,36 - 45,F,Less than $40K,<Rs33L,Low Income,2059,4110,71,57.88732394,High
58,55+,M,$60K - $80K,Rs50L - Rs66L,Mid Income,20410,3525,78,45.19230769,High
39,36 - 45,F,Less than $40K,<Rs33L,Low Income,6798,3961,69,57.4057971,High
44,36 - 45,F,Less than $40K,<Rs33L,Low Income,6472,3592,66,54.42424242,High
45,36 - 45,M,Less than $40K,<Rs33L,Low Income,2766,4480,70,64,High
55,46 - 55,F,Less than $40K,<Rs33L,Low Income,1438.3,4271,79,54.06329114,High
49,46 - 55,F,Less than $40K,<Rs33L,Low Income,3283,4498,64,70.28125,High
46,46 - 55,F,Less than $40K,<Rs33L,Low Income,2470,4519,78,57.93589744,High
43,36 - 45,M,$120K +,Rs1Cr +,High Income,20695,3924,82,47.85365854,High
42,36 - 45,F,Less than $40K,<Rs33L,Low Income,4228,4389,79,55.55696203,High
45,36 - 45,M,$80K - $120K,Rs66L - Rs1Cr,Mid Income,31743,4293,73,58.80821918,High
48,46 - 55,F,Less than $40K,<Rs33L,Low Income,3212,4284,69,62.08695652,High
47,46 - 55,F,Unknown,Unknown,Unknown,5884,4477,82,54.59756098,High
44,36 - 45,F,Less than $40K,<Rs33L,Low Income,1724,4768,80,59.6,High
59,55+,F,Less than $40K,<Rs33L,Low Income,2468,2017,37,54.51351351,High
49,46 - 55,F,Less than $40K,<Rs33L,Low Income,1438.3,1849,43,43,Medium
47,46 - 55,F,Less than $40K,<Rs33L,Low Income,3111,4570,68,67.20588235,High
58,55+,F,Less than $40K,<Rs33L,Low Income,2799,4214,83,50.77108434,High
48,46 - 55,F,Less than $40K,<Rs33L,Low Income,1912,4786,81,59.08641975,High
46,46 - 55,M,$80K - $120K,Rs66L - Rs1Cr,Mid Income,18927,3101,54,57.42592593,High
51,46 - 55,F,Less than $40K,<Rs33L,Low Income,2016,2473,44,56.20454545,High
51,46 - 55,M,$80K - $120K,Rs66L - Rs1Cr,Mid Income,4830,4850,80,60.625,High
56,55+,M,$80K - $120K,Rs66L - Rs1Cr,Mid Income,1438.3,2123,37,57.37837838,High
50,46 - 55,F,Less than $40K,<Rs33L,Low Income,1986,4442,64,69.40625,High
47,46 - 55,M,$80K - $120K,Rs66L - Rs1Cr,Mid Income,2877,4006,68,58.91176471,High
53,46 - 55,F,Less than $40K,<Rs33L,Low Income,2312,5085,78,65.19230769,High
46,46 - 55,F,$40K - $60K,Rs33L - Rs50L,Low Income,2644,3601,66,54.56060606,High
39,36 - 45,F,Less than $40K,<Rs33L,Low Income,2062,3785,63,60.07936508,High
50,46 - 55,F,Less than $40K,<Rs33L,Low Income,3510,3808,81,47.01234568,High
55,46 - 55,M,$80K - $120K,Rs66L - Rs1Cr,Mid Income,15026,3281,63,52.07936508,High
50,46 - 55,M,$80K - $120K,Rs66L - Rs1Cr,Mid Income,27186,1704,34,50.11764706,Medium
45,36 - 45,M,$60K - $80K,Rs50L - Rs66L,Mid Income,2174,4596,71,64.73239437,High
42,36 - 45,M,$80K - $120K,Rs66L - Rs1Cr,Mid Income,29535,3934,74,53.16216216,High
50,46 - 55,F,Less than $40K,<Rs33L,Low Income,2974,4297,88,48.82954545,High
50,46 - 55,F,Less than $40K,<Rs33L,Low Income,1438.3,2329,43,54.1627907,High
51,46 - 55,F,Less than $40K,<Rs33L,Low Income,8148,4124,87,47.40229885,High
48,46 - 55,F,Less than $40K,<Rs33L,Low Income,2646,4727,83,56.95180723,High
37,36 - 45,F,Unknown,Unknown,Unknown,2054,2567,43,59.69767442,High
43,36 - 45,M,$120K +,Rs1Cr +,High Income,34516,1868,40,46.7,Medium
37,36 - 45,F,Less than $40K,<Rs33L,Low Income,1879,5202,88,59.11363636,High
45,36 - 45,M,$80K - $120K,Rs66L - Rs1Cr,Mid Income,15913,4472,86,52,High
44,36 - 45,F,Less than $40K,<Rs33L,Low Income,8685,2473,56,44.16071429,High
60,55+,F,$40K - $60K,Rs33L - Rs50L,Low Income,2676,3863,69,55.98550725,High
58,55+,F,Less than $40K,<Rs33L,Low Income,1438.3,4722,89,53.05617978,High
42,36 - 45,M,$40K - $60K,Rs33L - Rs50L,Low Income,1711,4496,77,58.38961039,High
61,55+,M,$40K - $60K,Rs33L - Rs50L,Low Income,2572,4313,84,51.3452381,High
56,55+,M,$60K - $80K,Rs50L - Rs66L,Mid Income,4535,2342,40,58.55,High
44,36 - 45,M,$60K - $80K,Rs50L - Rs66L,Mid Income,5950,4682,89,52.60674157,High
39,36 - 45,M,$40K - $60K,Rs33L - Rs50L,Low Income,2088,2866,59,48.57627119,High
43,36 - 45,F,Less than $40K,<Rs33L,Low Income,10466,4116,64,64.3125,High
39,36 - 45,M,$60K - $80K,Rs50L - Rs66L,Mid Income,4761,2045,53,38.58490566,High
50,46 - 55,F,Less than $40K,<Rs33L,Low Income,1488,4451,65,68.47692308,High
44,36 - 45,M,$60K - $80K,Rs50L - Rs66L,Mid Income,19114,4413,69,63.95652174,High
30,26 - 35,F,Unknown,Unknown,Unknown,7536,4189,86,48.70930233,High
47,46 - 55,F,Unknown,Unknown,Unknown,2441,4439,74,59.98648649,High
47,46 - 55,M,$80K - $120K,Rs66L - Rs1Cr,Mid Income,13189,3821,83,46.03614458,High
49,46 - 55,F,Less than $40K,<Rs33L,Low Income,1914,2687,41,65.53658537,High
42,36 - 45,F,$40K - $60K,Rs33L - Rs50L,Low Income,2468,4483,77,58.22077922,High
57,55+,F,Less than $40K,<Rs33L,Low Income,2564,2673,43,62.1627907,High
43,36 - 45,F,Less than $40K,<Rs33L,Low Income,1679,2492,43,57.95348837,High
44,36 - 45,F,$40K - $60K,Rs33L - Rs50L,Low Income,3410,5102,63,80.98412698,High
45,36 - 45,F,Less than $40K,<Rs33L,Low Income,2728,4554,75,60.72,High
51,46 - 55,M,$60K - $80K,Rs50L - Rs66L,Mid Income,7119,4969,84,59.1547619,High
57,55+,F,Less than $40K,<Rs33L,Low Income,3532,4297,64,67.140625,High
60,55+,F,Unknown,Unknown,Unknown,7459,4328,68,63.64705882,High
64,55+,F,Less than $40K,<Rs33L,Low Income,2294,3951,79,50.01265823,High
37,36 - 45,M,$80K - $120K,Rs66L - Rs1Cr,Mid Income,1663,3950,82,48.17073171,High
49,46 - 55,F,$40K - $60K,Rs33L - Rs50L,Low Income,5129,3192,61,52.32786885,High
53,46 - 55,F,Less than $40K,<Rs33L,Low Income,1722,2141,35,61.17142857,High
46,46 - 55,F,Unknown,Unknown,Unknown,2586,4481,77,58.19480519,High
50,46 - 55,F,Less than $40K,<Rs33L,Low Income,8708,3927,60,65.45,High
56,55+,F,Less than $40K,<Rs33L,Low Income,8869,3270,63,51.9047619,High
45,36 - 45,F,Less than $40K,<Rs33L,Low Income,2641,4224,77,54.85714286,High
43,36 - 45,M,$80K - $120K,Rs66L - Rs1Cr,Mid Income,34516,4192,73,57.42465753,High
52,46 - 55,M,$80K - $120K,Rs66L - Rs1Cr,Mid Income,34516,4254,73,58.2739726,High
47,46 - 55,F,Less than $40K,<Rs33L,Low Income,1965,4579,87,52.63218391,High
50,46 - 55,F,Less than $40K,<Rs33L,Low Income,1513,4759,98,48.56122449,High
42,36 - 45,M,$40K - $60K,Rs33L - Rs50L,Low Income,10543,1841,39,47.20512821,Medium
49,46 - 55,M,$80K - $120K,Rs66L - Rs1Cr,Mid Income,17764,2750,57,48.24561404,High
50,46 - 55,F,$40K - $60K,Rs33L - Rs50L,Low Income,1438.3,4512,77,58.5974026,High
49,46 - 55,F,$40K - $60K,Rs33L - Rs50L,Low Income,6371,3592,79,45.46835443,High
43,36 - 45,M,$80K - $120K,Rs66L - Rs1Cr,Mid Income,19188,4282,52,82.34615385,High
60,55+,M,Less than $40K,<Rs33L,Low Income,3076,4522,75,60.29333333,High
49,46 - 55,M,$40K - $60K,Rs33L - Rs50L,Low Income,2822,4344,68,63.88235294,High
42,36 - 45,F,$40K - $60K,Rs33L - Rs50L,Low Income,4139,2232,41,54.43902439,High
42,36 - 45,M,$80K - $120K,Rs66L - Rs1Cr,Mid Income,34516,3910,68,57.5,High
43,36 - 45,M,$120K +,Rs1Cr +,High Income,4121,3462,49,70.65306122,High
42,36 - 45,F,Less than $40K,<Rs33L,Low Income,10074,3338,65,51.35384615,High
43,36 - 45,M,$60K - $80K,Rs50L - Rs66L,Mid Income,2621,4852,85,57.08235294,High
47,46 - 55,M,$60K - $80K,Rs50L - Rs66L,Mid Income,3394,3115,69,45.14492754,High
56,55+,M,$80K - $120K,Rs66L - Rs1Cr,Mid Income,17628,3991,76,52.51315789,High
56,55+,M,$80K - $120K,Rs66L - Rs1Cr,Mid Income,4480,3331,74,45.01351351,High
43,36 - 45,F,Less than $40K,<Rs33L,Low Income,3370,4084,70,58.34285714,High
38,36 - 45,M,$60K - $80K,Rs50L - Rs66L,Mid Income,12871,2413,53,45.52830189,High
47,46 - 55,F,Unknown,Unknown,Unknown,3112,4613,86,53.63953488,High
57,55+,F,Less than $40K,<Rs33L,Low Income,1551,2379,46,51.7173913,High
44,36 - 45,M,$60K - $80K,Rs50L - Rs66L,Mid Income,1682,3309,67,49.3880597,High
42,36 - 45,F,Less than $40K,<Rs33L,Low Income,2758,4119,73,56.42465753,High
49,46 - 55,F,Less than $40K,<Rs33L,Low Income,1909,4697,83,56.59036145,High
48,46 - 55,M,$80K - $120K,Rs66L - Rs1Cr,Mid Income,11332,4674,72,64.91666667,High
44,36 - 45,M,$120K +,Rs1Cr +,High Income,7567,4076,60,67.93333333,High
42,36 - 45,M,$60K - $80K,Rs50L - Rs66L,Mid Income,6743,1934,30,64.46666667,Medium
48,46 - 55,M,$80K - $120K,Rs66L - Rs1Cr,Mid Income,32838,2538,42,60.42857143,High
42,36 - 45,F,Less than $40K,<Rs33L,Low Income,1438.3,1693,37,45.75675676,Medium
43,36 - 45,M,$80K - $120K,Rs66L - Rs1Cr,Mid Income,2510,3623,63,57.50793651,High
50,46 - 55,F,Less than $40K,<Rs33L,Low Income,3199,4483,87,51.52873563,High
35,26 - 35,F,Less than $40K,<Rs33L,Low Income,1918,4237,76,55.75,High
47,46 - 55,M,$60K - $80K,Rs50L - Rs66L,Mid Income,18660,1682,43,39.11627907,Medium
41,36 - 45,M,$80K - $120K,Rs66L - Rs1Cr,Mid Income,7591,2302,42,54.80952381,High
43,36 - 45,M,$120K +,Rs1Cr +,High Income,14315,3694,67,55.13432836,High
64,55+,F,Unknown,Unknown,Unknown,18038,4168,64,65.125,High
42,36 - 45,F,Less than $40K,<Rs33L,Low Income,1853,4544,72,63.11111111,High
49,46 - 55,M,$40K - $60K,Rs33L - Rs50L,Low Income,4951,4192,62,67.61290323,High
46,46 - 55,M,$120K +,Rs1Cr +,High Income,34516,4492,71,63.26760563,High
51,46 - 55,F,Less than $40K,<Rs33L,Low Income,1757,2377,47,50.57446809,High
47,46 - 55,M,$60K - $80K,Rs50L - Rs66L,Mid Income,24033,3578,75,47.70666667,High
38,36 - 45,F,$40K - $60K,Rs33L - Rs50L,Low Income,3276,4345,68,63.89705882,High
52,46 - 55,M,$120K +,Rs1Cr +,High Income,3614,4561,82,55.62195122,High
47,46 - 55,M,$60K - $80K,Rs50L - Rs66L,Mid Income,1943,3392,70,48.45714286,High
40,36 - 45,F,$40K - $60K,Rs33L - Rs50L,Low Income,3795,1633,32,51.03125,Medium
43,36 - 45,F,Less than $40K,<Rs33L,Low Income,4075,3956,71,55.71830986,High
48,46 - 55,F,Less than $40K,<Rs33L,Low Income,3001,2403,42,57.21428571,High
47,46 - 55,M,Less than $40K,<Rs33L,Low Income,5726,2311,58,39.84482759,High
54,46 - 55,F,Less than $40K,<Rs33L,Low Income,2077,4292,66,65.03030303,High
41,36 - 45,F,Less than $40K,<Rs33L,Low Income,2157,4250,85,50,High
40,36 - 45,F,$40K - $60K,Rs33L - Rs50L,Low Income,2037,4574,84,54.45238095,High
33,26 - 35,M,$120K +,Rs1Cr +,High Income,14914,4478,87,51.47126437,High
47,46 - 55,F,Less than $40K,<Rs33L,Low Income,1580,4384,70,62.62857143,High
46,46 - 55,M,$60K - $80K,Rs50L - Rs66L,Mid Income,15483,4678,80,58.475,High
44,36 - 45,F,Less than $40K,<Rs33L,Low Income,1916,2888,39,74.05128205,High
51,46 - 55,M,$80K - $120K,Rs66L - Rs1Cr,Mid Income,3610,2216,34,65.17647059,High
48,46 - 55,F,Less than $40K,<Rs33L,Low Income,1667,4385,80,54.8125,High
51,46 - 55,F,Less than $40K,<Rs33L,Low Income,1438.3,4242,70,60.6,High
48,46 - 55,F,Less than $40K,<Rs33L,Low Income,1942,2522,42,60.04761905,High
48,46 - 55,F,Unknown,Unknown,Unknown,2231,3946,48,82.20833333,High
50,46 - 55,F,Unknown,Unknown,Unknown,6465,4490,68,66.02941176,High
35,26 - 35,M,$40K - $60K,Rs33L - Rs50L,Low Income,8599,3015,64,47.109375,High
35,26 - 35,F,Less than $40K,<Rs33L,Low Income,1438.3,3427,64,53.546875,High
51,46 - 55,F,Less than $40K,<Rs33L,Low Income,4402,3325,76,43.75,High
50,46 - 55,M,$60K - $80K,Rs50L - Rs66L,Mid Income,5444,4509,80,56.3625,High
50,46 - 55,F,Less than $40K,<Rs33L,Low Income,1438.3,4697,82,57.2804878,High
54,46 - 55,F,Less than $40K,<Rs33L,Low Income,1438.3,1632,36,45.33333333,Medium
45,36 - 45,F,Less than $40K,<Rs33L,Low Income,2679,4756,73,65.15068493,High
31,26 - 35,F,Less than $40K,<Rs33L,Low Income,2766,3959,71,55.76056338,High
42,36 - 45,M,$60K - $80K,Rs50L - Rs66L,Mid Income,25293,4059,80,50.7375,High
45,36 - 45,F,Unknown,Unknown,Unknown,2707,4077,70,58.24285714,High
45,36 - 45,F,Less than $40K,<Rs33L,Low Income,1748,2335,41,56.95121951,High
45,36 - 45,F,$40K - $60K,Rs33L - Rs50L,Low Income,4034,3718,72,51.63888889,High
53,46 - 55,M,$120K +,Rs1Cr +,High Income,26129,4919,75,65.58666667,High
51,46 - 55,M,$80K - $120K,Rs66L - Rs1Cr,Mid Income,14902,2038,39,52.25641026,High
38,36 - 45,F,$40K - $60K,Rs33L - Rs50L,Low Income,12228,3831,68,56.33823529,High
55,46 - 55,F,Less than $40K,<Rs33L,Low Income,1724,4434,67,66.17910448,High
47,46 - 55,F,Less than $40K,<Rs33L,Low Income,1438.3,2476,32,77.375,High
38,36 - 45,M,$80K - $120K,Rs66L - Rs1Cr,Mid Income,16665,4657,78,59.70512821,High
52,46 - 55,M,$120K +,Rs1Cr +,High Income,20974,1246,27,46.14814815,Medium
43,36 - 45,F,Less than $40K,<Rs33L,Low Income,3139,4648,80,58.1,High
54,46 - 55,M,$120K +,Rs1Cr +,High Income,19865,4350,83,52.40963855,High
42,36 - 45,F,Less than $40K,<Rs33L,Low Income,2069,5668,82,69.12195122,High
35,26 - 35,F,Less than $40K,<Rs33L,Low Income,2231,2576,42,61.33333333,High
62,55+,F,Unknown,Unknown,Unknown,33371,3638,67,54.29850746,High
48,46 - 55,F,Less than $40K,<Rs33L,Low Income,2544,3593,64,56.140625,High
41,36 - 45,M,$120K +,Rs1Cr +,High Income,34516,4004,86,46.55813953,High
49,46 - 55,F,$40K - $60K,Rs33L - Rs50L,Low Income,5370,4504,81,55.60493827,High
54,46 - 55,M,$80K - $120K,Rs66L - Rs1Cr,Mid Income,22437,3283,50,65.66,High
53,46 - 55,F,Less than $40K,<Rs33L,Low Income,3573,2562,36,71.16666667,High
51,46 - 55,M,$60K - $80K,Rs50L - Rs66L,Mid Income,1959,3737,71,52.63380282,High
59,55+,F,Less than $40K,<Rs33L,Low Income,1661,4338,77,56.33766234,High
39,36 - 45,F,Unknown,Unknown,Unknown,5363,4121,78,52.83333333,High
65,55+,F,$40K - $60K,Rs33L - Rs50L,Low Income,3009,4070,71,57.32394366,High
47,46 - 55,M,$40K - $60K,Rs33L - Rs50L,Low Income,18535,3780,70,54,High
42,36 - 45,M,Less than $40K,<Rs33L,Low Income,2171,4992,77,64.83116883,High
45,36 - 45,M,$80K - $120K,Rs66L - Rs1Cr,Mid Income,34516,2234,49,45.59183673,High
57,55+,F,Less than $40K,<Rs33L,Low Income,2376,3795,71,53.45070423,High
51,46 - 55,F,Less than $40K,<Rs33L,Low Income,2882,4446,68,65.38235294,High
50,46 - 55,F,Less than $40K,<Rs33L,Low Income,3277,3965,59,67.20338983,High
47,46 - 55,M,$80K - $120K,Rs66L - Rs1Cr,Mid Income,2514,3696,71,52.05633803,High
57,55+,F,$40K - $60K,Rs33L - Rs50L,Low Income,3301,3939,69,57.08695652,High
48,46 - 55,M,$60K - $80K,Rs50L - Rs66L,Mid Income,12391,4376,86,50.88372093,High
47,46 - 55,F,Less than $40K,<Rs33L,Low Income,2168,3828,86,44.51162791,High
42,36 - 45,F,Unknown,Unknown,Unknown,7762,5153,77,66.92207792,High
45,36 - 45,F,Unknown,Unknown,Unknown,12587,3914,83,47.15662651,High
52,46 - 55,M,$60K - $80K,Rs50L - Rs66L,Mid Income,14785,4354,70,62.2,High
37,36 - 45,M,$60K - $80K,Rs50L - Rs66L,Mid Income,3433,4444,87,51.08045977,High
60,55+,F,$40K - $60K,Rs33L - Rs50L,Low Income,2425,1522,36,42.27777778,Medium
63,55+,M,$60K - $80K,Rs50L - Rs66L,Mid Income,11619,2395,49,48.87755102,High
62,55+,F,Less than $40K,<Rs33L,Low Income,3989,4274,68,62.85294118,High
47,46 - 55,F,Less than $40K,<Rs33L,Low Income,2173,2738,45,60.84444444,High
50,46 - 55,F,Less than $40K,<Rs33L,Low Income,2393,4755,82,57.98780488,High
39,36 - 45,F,Less than $40K,<Rs33L,Low Income,1677,2437,41,59.43902439,High
40,36 - 45,F,Less than $40K,<Rs33L,Low Income,2035,4107,82,50.08536585,High
39,36 - 45,M,$120K +,Rs1Cr +,High Income,8842,4493,79,56.87341772,High
42,36 - 45,F,Less than $40K,<Rs33L,Low Income,2483,3478,64,54.34375,High
65,55+,M,$40K - $60K,Rs33L - Rs50L,Low Income,13921,4351,75,58.01333333,High
32,26 - 35,F,Less than $40K,<Rs33L,Low Income,2761,2753,43,64.02325581,High
47,46 - 55,F,$40K - $60K,Rs33L - Rs50L,Low Income,2623,4388,83,52.86746988,High
49,46 - 55,F,Less than $40K,<Rs33L,Low Income,3232,3915,74,52.90540541,High
48,46 - 55,M,$60K - $80K,Rs50L - Rs66L,Mid Income,19075,2013,32,62.90625,High
45,36 - 45,M,$80K - $120K,Rs66L - Rs1Cr,Mid Income,31978,2333,51,45.74509804,High
62,55+,M,$120K +,Rs1Cr +,High Income,34516,3820,76,50.26315789,High
45,36 - 45,F,Less than $40K,<Rs33L,Low Income,6225,4129,71,58.15492958,High
49,46 - 55,F,Unknown,Unknown,Unknown,2672,2576,39,66.05128205,High
41,36 - 45,F,$40K - $60K,Rs33L - Rs50L,Low Income,10360,2414,28,86.21428571,High
50,46 - 55,M,$120K +,Rs1Cr +,High Income,10747,4538,63,72.03174603,High
46,46 - 55,M,$60K - $80K,Rs50L - Rs66L,Mid Income,3135,4116,68,60.52941176,High
42,36 - 45,F,Less than $40K,<Rs33L,Low Income,1438.3,4754,79,60.17721519,High
41,36 - 45,F,Less than $40K,<Rs33L,Low Income,3189,4813,86,55.96511628,High
65,55+,M,Less than $40K,<Rs33L,Low Income,8963,4511,76,59.35526316,High
55,46 - 55,M,$60K - $80K,Rs50L - Rs66L,Mid Income,1723,2574,43,59.86046512,High
36,36 - 45,F,Unknown,Unknown,Unknown,2161,4389,77,57,High
46,46 - 55,F,Less than $40K,<Rs33L,Low Income,3901,4313,72,59.90277778,High
58,55+,F,Less than $40K,<Rs33L,Low Income,1438.3,4223,60,70.38333333,High
42,36 - 45,F,Less than $40K,<Rs33L,Low Income,3131,3108,62,50.12903226,High
38,36 - 45,F,$40K - $60K,Rs33L - Rs50L,Low Income,2331,4417,69,64.01449275,High
29,26 - 35,F,Less than $40K,<Rs33L,Low Income,1895,4333,72,60.18055556,High
46,46 - 55,F,Unknown,Unknown,Unknown,26496,3691,75,49.21333333,High
55,46 - 55,F,Less than $40K,<Rs33L,Low Income,1583,2541,36,70.58333333,High
57,55+,F,Less than $40K,<Rs33L,Low Income,1438.3,3887,79,49.20253165,High
45,36 - 45,F,Less than $40K,<Rs33L,Low Income,2072,4210,64,65.78125,High
47,46 - 55,F,Less than $40K,<Rs33L,Low Income,2707,4646,73,63.64383562,High
43,36 - 45,F,Less than $40K,<Rs33L,Low Income,13608,3118,76,41.02631579,High
52,46 - 55,F,Unknown,Unknown,Unknown,10273,3778,70,53.97142857,High
64,55+,F,Less than $40K,<Rs33L,Low Income,2609,4546,59,77.05084746,High
52,46 - 55,F,Less than $40K,<Rs33L,Low Income,8431,2008,37,54.27027027,High
61,55+,M,$60K - $80K,Rs50L - Rs66L,Mid Income,5852,3689,55,67.07272727,High
40,36 - 45,F,Less than $40K,<Rs33L,Low Income,3140,5109,78,65.5,High
50,46 - 55,M,$40K - $60K,Rs33L - Rs50L,Low Income,12914,2082,54,38.55555556,High
45,36 - 45,F,Less than $40K,<Rs33L,Low Income,8694,1753,49,35.7755102,Medium
36,36 - 45,F,Less than $40K,<Rs33L,Low Income,1735,2467,35,70.48571429,High
51,46 - 55,F,Unknown,Unknown,Unknown,2286,4321,89,48.5505618,High
43,36 - 45,F,Less than $40K,<Rs33L,Low Income,3589,4262,70,60.88571429,High
51,46 - 55,F,Less than $40K,<Rs33L,Low Income,2673,4119,75,54.92,High
47,46 - 55,M,$80K - $120K,Rs66L - Rs1Cr,Mid Income,9437,4715,78,60.44871795,High
39,36 - 45,F,$40K - $60K,Rs33L - Rs50L,Low Income,2751,4386,67,65.46268657,High
40,36 - 45,M,$40K - $60K,Rs33L - Rs50L,Low Income,11557,4064,75,54.18666667,High
38,36 - 45,F,Unknown,Unknown,Unknown,14831,4467,73,61.19178082,High
51,46 - 55,F,$40K - $60K,Rs33L - Rs50L,Low Income,1495,2220,50,44.4,High
44,36 - 45,M,$60K - $80K,Rs50L - Rs66L,Mid Income,2791,4617,70,65.95714286,High
38,36 - 45,M,$120K +,Rs1Cr +,High Income,9703,4190,81,51.72839506,High
47,46 - 55,M,$120K +,Rs1Cr +,High Income,3889,4423,63,70.20634921,High
32,26 - 35,F,Unknown,Unknown,Unknown,14140,5036,76,66.26315789,High
53,46 - 55,M,$80K - $120K,Rs66L - Rs1Cr,Mid Income,9106,3863,74,52.2027027,High
40,36 - 45,F,Less than $40K,<Rs33L,Low Income,2694,2684,38,70.63157895,High
45,36 - 45,M,$60K - $80K,Rs50L - Rs66L,Mid Income,19629,4073,79,51.55696203,High
41,36 - 45,M,$40K - $60K,Rs33L - Rs50L,Low Income,6507,4544,89,51.05617978,High
53,46 - 55,F,Unknown,Unknown,Unknown,10195,2489,54,46.09259259,High
44,36 - 45,F,Less than $40K,<Rs33L,Low Income,2096,3692,68,54.29411765,High
39,36 - 45,F,$40K - $60K,Rs33L - Rs50L,Low Income,11314,3761,70,53.72857143,High
50,46 - 55,F,Less than $40K,<Rs33L,Low Income,1837,4752,88,54,High
39,36 - 45,M,$60K - $80K,Rs50L - Rs66L,Mid Income,7821,2010,43,46.74418605,High
44,36 - 45,F,Less than $40K,<Rs33L,Low Income,1984,2506,46,54.47826087,High
56,55+,F,Less than $40K,<Rs33L,Low Income,2535,4497,68,66.13235294,High
63,55+,M,$40K - $60K,Rs33L - Rs50L,Low Income,1970,4533,65,69.73846154,High
50,46 - 55,M,$120K +,Rs1Cr +,High Income,34516,3647,65,56.10769231,High
40,36 - 45,F,Less than $40K,<Rs33L,Low Income,2694,3366,56,60.10714286,High
48,46 - 55,M,$60K - $80K,Rs50L - Rs66L,Mid Income,4476,3350,67,50,High
53,46 - 55,F,$40K - $60K,Rs33L - Rs50L,Low Income,1699,2520,49,51.42857143,High
44,36 - 45,F,Less than $40K,<Rs33L,Low Income,1953,4590,91,50.43956044,High
56,55+,F,Unknown,Unknown,Unknown,5264,4943,70,70.61428571,High
40,36 - 45,F,Unknown,Unknown,Unknown,3698,2051,31,66.16129032,High
41,36 - 45,M,$120K +,Rs1Cr +,High Income,34516,3127,51,61.31372549,High
40,36 - 45,F,Less than $40K,<Rs33L,Low Income,2712,5207,79,65.91139241,High
45,36 - 45,F,Less than $40K,<Rs33L,Low Income,5486,2965,70,42.35714286,High
40,36 - 45,F,Less than $40K,<Rs33L,Low Income,2107,4858,73,66.54794521,High
52,46 - 55,M,$120K +,Rs1Cr +,High Income,18096,3880,68,57.05882353,High
59,55+,F,Unknown,Unknown,Unknown,2721,2594,48,54.04166667,High
49,46 - 55,F,Less than $40K,<Rs33L,Low Income,2976,3837,57,67.31578947,High
47,46 - 55,M,$80K - $120K,Rs66L - Rs1Cr,Mid Income,16741,3608,56,64.42857143,High
42,36 - 45,F,Less than $40K,<Rs33L,Low Income,3714,4715,85,55.47058824,High
41,36 - 45,F,Less than $40K,<Rs33L,Low Income,6936,2874,44,65.31818182,High
43,36 - 45,M,$120K +,Rs1Cr +,High Income,11099,3980,77,51.68831169,High
40,36 - 45,F,Less than $40K,<Rs33L,Low Income,15987,4542,70,64.88571429,High
45,36 - 45,F,Less than $40K,<Rs33L,Low Income,4406,3964,76,52.15789474,High
43,36 - 45,M,$120K +,Rs1Cr +,High Income,34516,4486,71,63.18309859,High
48,46 - 55,F,Unknown,Unknown,Unknown,5104,3943,78,50.55128205,High
46,46 - 55,F,$40K - $60K,Rs33L - Rs50L,Low Income,7195,2751,47,58.53191489,High
41,36 - 45,F,Less than $40K,<Rs33L,Low Income,1956,4924,70,70.34285714,High
38,36 - 45,F,Less than $40K,<Rs33L,Low Income,3317,3772,74,50.97297297,High
45,36 - 45,F,$40K - $60K,Rs33L - Rs50L,Low Income,2759,2061,47,43.85106383,High
44,36 - 45,F,Unknown,Unknown,Unknown,6038,4375,81,54.01234568,High
35,26 - 35,F,Less than $40K,<Rs33L,Low Income,2942,4548,71,64.05633803,High
49,46 - 55,F,Less than $40K,<Rs33L,Low Income,5095,3808,89,42.78651685,High
47,46 - 55,F,Less than $40K,<Rs33L,Low Income,1438.3,3778,69,54.75362319,High
48,46 - 55,M,$80K - $120K,Rs66L - Rs1Cr,Mid Income,10111,4791,68,70.45588235,High
50,46 - 55,F,Less than $40K,<Rs33L,Low Income,3201,1880,42,44.76190476,Medium
44,36 - 45,M,$60K - $80K,Rs50L - Rs66L,Mid Income,2761,3706,65,57.01538462,High
37,36 - 45,M,$40K - $60K,Rs33L - Rs50L,Low Income,5987,4011,72,55.70833333,High
47,46 - 55,F,Unknown,Unknown,Unknown,5630,4904,81,60.54320988,High
35,26 - 35,F,Unknown,Unknown,Unknown,6622,3668,60,61.13333333,High
51,46 - 55,M,$120K +,Rs1Cr +,High Income,18733,5080,85,59.76470588,High
36,36 - 45,F,$40K - $60K,Rs33L - Rs50L,Low Income,2265,4009,73,54.91780822,High
33,26 - 35,F,$40K - $60K,Rs33L - Rs50L,Low Income,2907,4390,76,57.76315789,High
32,26 - 35,F,Unknown,Unknown,Unknown,8791,2579,51,50.56862745,High
59,55+,F,Less than $40K,<Rs33L,Low Income,2302,2256,40,56.4,High
51,46 - 55,F,$40K - $60K,Rs33L - Rs50L,Low Income,5489,4010,75,53.46666667,High
50,46 - 55,F,Less than $40K,<Rs33L,Low Income,2055,5025,70,71.78571429,High
39,36 - 45,F,$40K - $60K,Rs33L - Rs50L,Low Income,2147,4631,76,60.93421053,High
49,46 - 55,F,Less than $40K,<Rs33L,Low Income,1757,4750,72,65.97222222,High
43,36 - 45,M,$80K - $120K,Rs66L - Rs1Cr,Mid Income,2900,2180,31,70.32258065,High
41,36 - 45,F,Less than $40K,<Rs33L,Low Income,2670,3895,59,66.01694915,High
51,46 - 55,M,$80K - $120K,Rs66L - Rs1Cr,Mid Income,21382,3060,66,46.36363636,High
54,46 - 55,F,$40K - $60K,Rs33L - Rs50L,Low Income,2254,4913,84,58.48809524,High
40,36 - 45,F,Unknown,Unknown,Unknown,4433,3847,76,50.61842105,High
55,46 - 55,F,Less than $40K,<Rs33L,Low Income,1438.3,4078,77,52.96103896,High
49,46 - 55,F,Less than $40K,<Rs33L,Low Income,2520,2061,36,57.25,High
41,36 - 45,F,$40K - $60K,Rs33L - Rs50L,Low Income,5655,2189,51,42.92156863,High
48,46 - 55,M,$60K - $80K,Rs50L - Rs66L,Mid Income,1438.3,4509,74,60.93243243,High
44,36 - 45,F,Less than $40K,<Rs33L,Low Income,2786,4532,82,55.26829268,High
51,46 - 55,F,Less than $40K,<Rs33L,Low Income,3961,4066,63,64.53968254,High
43,36 - 45,M,$60K - $80K,Rs50L - Rs66L,Mid Income,2476,4025,65,61.92307692,High
52,46 - 55,M,$80K - $120K,Rs66L - Rs1Cr,Mid Income,11606,2623,39,67.25641026,High
45,36 - 45,F,Unknown,Unknown,Unknown,8459,4677,87,53.75862069,High
48,46 - 55,F,Unknown,Unknown,Unknown,9554,4049,71,57.02816901,High
50,46 - 55,M,$60K - $80K,Rs50L - Rs66L,Mid Income,4388,3836,81,47.35802469,High
43,36 - 45,M,$60K - $80K,Rs50L - Rs66L,Mid Income,19826,3561,73,48.78082192,High
34,26 - 35,F,$40K - $60K,Rs33L - Rs50L,Low Income,2173,4392,83,52.91566265,High
48,46 - 55,F,$40K - $60K,Rs33L - Rs50L,Low Income,2545,4660,68,68.52941176,High
49,46 - 55,F,Less than $40K,<Rs33L,Low Income,1757,2557,45,56.82222222,High
54,46 - 55,M,$80K - $120K,Rs66L - Rs1Cr,Mid Income,3164,4410,86,51.27906977,High
44,36 - 45,F,Less than $40K,<Rs33L,Low Income,6022,3745,74,50.60810811,High
46,46 - 55,F,Less than $40K,<Rs33L,Low Income,1804,2077,44,47.20454545,High
53,46 - 55,M,$120K +,Rs1Cr +,High Income,22664,4586,89,51.52808989,High
39,36 - 45,M,$60K - $80K,Rs50L - Rs66L,Mid Income,2527,4598,85,54.09411765,High
49,46 - 55,F,Less than $40K,<Rs33L,Low Income,3547,2715,45,60.33333333,High
52,46 - 55,F,Less than $40K,<Rs33L,Low Income,1438.3,4219,83,50.8313253,High
51,46 - 55,F,Unknown,Unknown,Unknown,6182,3801,61,62.31147541,High
40,36 - 45,M,$80K - $120K,Rs66L - Rs1Cr,Mid Income,29715,2128,39,54.56410256,High
49,46 - 55,F,Less than $40K,<Rs33L,Low Income,2154,3664,63,58.15873016,High
46,46 - 55,M,$60K - $80K,Rs50L - Rs66L,Mid Income,2179,4025,69,58.33333333,High
59,55+,M,$60K - $80K,Rs50L - Rs66L,Mid Income,4906,4833,80,60.4125,High
38,36 - 45,F,$40K - $60K,Rs33L - Rs50L,Low Income,2346,4116,79,52.10126582,High
45,36 - 45,F,Less than $40K,<Rs33L,Low Income,4753,3895,71,54.85915493,High
44,36 - 45,F,Less than $40K,<Rs33L,Low Income,1880,2469,34,72.61764706,High
64,55+,M,Less than $40K,<Rs33L,Low Income,12155,4618,60,76.96666667,High
49,46 - 55,F,$40K - $60K,Rs33L - Rs50L,Low Income,2721,4622,88,52.52272727,High
51,46 - 55,F,Less than $40K,<Rs33L,Low Income,6160,3986,80,49.825,High
41,36 - 45,F,Less than $40K,<Rs33L,Low Income,2069,4962,70,70.88571429,High
41,36 - 45,M,$80K - $120K,Rs66L - Rs1Cr,Mid Income,28422,4841,80,60.5125,High
39,36 - 45,M,$80K - $120K,Rs66L - Rs1Cr,Mid Income,1438.3,4282,69,62.05797101,High
41,36 - 45,M,Less than $40K,<Rs33L,Low Income,1438.3,4416,68,64.94117647,High
65,55+,M,Unknown,Unknown,Unknown,1671,2701,51,52.96078431,High
44,36 - 45,F,Less than $40K,<Rs33L,Low Income,1491,1970,46,42.82608696,Medium
43,36 - 45,M,$80K - $120K,Rs66L - Rs1Cr,Mid Income,11422,2439,45,54.2,High
54,46 - 55,F,Less than $40K,<Rs33L,Low Income,5139,1653,44,37.56818182,Medium
61,55+,M,$60K - $80K,Rs50L - Rs66L,Mid Income,4783,2870,50,57.4,High
47,46 - 55,M,$60K - $80K,Rs50L - Rs66L,Mid Income,2589,4259,83,51.31325301,High
38,36 - 45,M,$80K - $120K,Rs66L - Rs1Cr,Mid Income,8138,4839,61,79.32786885,High
51,46 - 55,F,Unknown,Unknown,Unknown,4502,4469,87,51.36781609,High
44,36 - 45,M,$60K - $80K,Rs50L - Rs66L,Mid Income,33521,4115,66,62.34848485,High
48,46 - 55,F,Less than $40K,<Rs33L,Low Income,4361,4518,84,53.78571429,High
53,46 - 55,M,$60K - $80K,Rs50L - Rs66L,Mid Income,7026,3935,66,59.62121212,High
50,46 - 55,M,$80K - $120K,Rs66L - Rs1Cr,Mid Income,16388,4477,83,53.93975904,High
30,26 - 35,F,Less than $40K,<Rs33L,Low Income,2905,2487,39,63.76923077,High
41,36 - 45,M,$80K - $120K,Rs66L - Rs1Cr,Mid Income,2404,4489,75,59.85333333,High
55,46 - 55,F,Less than $40K,<Rs33L,Low Income,1477,2419,49,49.36734694,High
43,36 - 45,F,Less than $40K,<Rs33L,Low Income,3556,2639,53,49.79245283,High
48,46 - 55,M,$60K - $80K,Rs50L - Rs66L,Mid Income,5649,4683,72,65.04166667,High
41,36 - 45,F,$40K - $60K,Rs33L - Rs50L,Low Income,14345,4045,72,56.18055556,High
47,46 - 55,F,Less than $40K,<Rs33L,Low Income,6524,4267,66,64.65151515,High
55,46 - 55,F,Less than $40K,<Rs33L,Low Income,2281,3968,66,60.12121212,High
47,46 - 55,F,Less than $40K,<Rs33L,Low Income,2633,3407,66,51.62121212,High
51,46 - 55,M,$80K - $120K,Rs66L - Rs1Cr,Mid Income,7693,4573,93,49.17204301,High
44,36 - 45,F,Unknown,Unknown,Unknown,10262,3553,65,54.66153846,High
49,46 - 55,F,Unknown,Unknown,Unknown,11320,2845,57,49.9122807,High
53,46 - 55,F,Less than $40K,<Rs33L,Low Income,2482,4295,72,59.65277778,High
47,46 - 55,F,Less than $40K,<Rs33L,Low Income,3035,3847,63,61.06349206,High
51,46 - 55,M,$120K +,Rs1Cr +,High Income,26308,3278,53,61.8490566,High
53,46 - 55,F,Less than $40K,<Rs33L,Low Income,6721,3718,51,72.90196078,High
49,46 - 55,M,$60K - $80K,Rs50L - Rs66L,Mid Income,6205,3906,64,61.03125,High
35,26 - 35,F,Less than $40K,<Rs33L,Low Income,2624,4487,61,73.55737705,High
40,36 - 45,F,Less than $40K,<Rs33L,Low Income,1479,1811,44,41.15909091,Medium
44,36 - 45,M,$60K - $80K,Rs50L - Rs66L,Mid Income,4489,3773,64,58.953125,High
53,46 - 55,F,Unknown,Unknown,Unknown,5842,1828,44,41.54545455,Medium
42,36 - 45,F,Less than $40K,<Rs33L,Low Income,8777,4141,83,49.89156627,High
51,46 - 55,F,Less than $40K,<Rs33L,Low Income,3250,4752,84,56.57142857,High
46,46 - 55,M,$60K - $80K,Rs50L - Rs66L,Mid Income,15060,1611,42,38.35714286,Medium
40,36 - 45,M,$80K - $120K,Rs66L - Rs1Cr,Mid Income,2126,2992,72,41.55555556,High
47,46 - 55,M,$40K - $60K,Rs33L - Rs50L,Low Income,4907,5088,71,71.66197183,High
51,46 - 55,F,Unknown,Unknown,Unknown,3553,4923,89,55.31460674,High
41,36 - 45,F,Unknown,Unknown,Unknown,2515,4370,68,64.26470588,High
41,36 - 45,M,$80K - $120K,Rs66L - Rs1Cr,Mid Income,4428,2331,36,64.75,High
43,36 - 45,M,$40K - $60K,Rs33L - Rs50L,Low Income,1616,4961,78,63.6025641,High
64,55+,F,Less than $40K,<Rs33L,Low Income,6723,3838,67,57.28358209,High
42,36 - 45,F,Less than $40K,<Rs33L,Low Income,2756,4656,62,75.09677419,High
50,46 - 55,F,Less than $40K,<Rs33L,Low Income,2897,2214,46,48.13043478,High
52,46 - 55,F,Less than $40K,<Rs33L,Low Income,5456,3470,65,53.38461538,High
46,46 - 55,F,$40K - $60K,Rs33L - Rs50L,Low Income,3569,4186,72,58.13888889,High
39,36 - 45,M,$80K - $120K,Rs66L - Rs1Cr,Mid Income,34198,4270,59,72.37288136,High
44,36 - 45,M,$80K - $120K,Rs66L - Rs1Cr,Mid Income,34516,4485,85,52.76470588,High
57,55+,F,$40K - $60K,Rs33L - Rs50L,Low Income,2817,4535,82,55.30487805,High
53,46 - 55,F,Less than $40K,<Rs33L,Low Income,2126,4340,70,62,High
43,36 - 45,F,Less than $40K,<Rs33L,Low Income,2573,4094,77,53.16883117,High
45,36 - 45,F,$40K - $60K,Rs33L - Rs50L,Low Income,2016,3243,63,51.47619048,High
48,46 - 55,F,Less than $40K,<Rs33L,Low Income,4006,5006,89,56.24719101,High
41,36 - 45,F,Unknown,Unknown,Unknown,5869,4191,65,64.47692308,High
47,46 - 55,M,$80K - $120K,Rs66L - Rs1Cr,Mid Income,4586,2529,43,58.81395349,High
50,46 - 55,F,Less than $40K,<Rs33L,Low Income,1438.3,4617,67,68.91044776,High
46,46 - 55,M,$60K - $80K,Rs50L - Rs66L,Mid Income,1790,3539,57,62.0877193,High
51,46 - 55,F,Unknown,Unknown,Unknown,5862,4305,51,84.41176471,High
43,36 - 45,M,$60K - $80K,Rs50L - Rs66L,Mid Income,7411,4278,80,53.475,High
47,46 - 55,F,Less than $40K,<Rs33L,Low Income,5667,2176,38,57.26315789,High
47,46 - 55,M,$60K - $80K,Rs50L - Rs66L,Mid Income,15594,4745,75,63.26666667,High
47,46 - 55,F,Unknown,Unknown,Unknown,11410,2736,38,72,High
47,46 - 55,M,$60K - $80K,Rs50L - Rs66L,Mid Income,1584,2628,41,64.09756098,High
44,36 - 45,M,$80K - $120K,Rs66L - Rs1Cr,Mid Income,13298,3476,66,52.66666667,High
51,46 - 55,F,Less than $40K,<Rs33L,Low Income,2114,2872,45,63.82222222,High
44,36 - 45,M,$60K - $80K,Rs50L - Rs66L,Mid Income,2540,1531,31,49.38709677,Medium
41,36 - 45,F,Less than $40K,<Rs33L,Low Income,1762,4986,80,62.325,High
47,46 - 55,F,Less than $40K,<Rs33L,Low Income,2245,3344,54,61.92592593,High
47,46 - 55,M,$40K - $60K,Rs33L - Rs50L,Low Income,8168,3554,82,43.34146341,High
41,36 - 45,M,$60K - $80K,Rs50L - Rs66L,Mid Income,2238,2063,42,49.11904762,High
54,46 - 55,F,Less than $40K,<Rs33L,Low Income,3881,2463,38,64.81578947,High
44,36 - 45,M,$80K - $120K,Rs66L - Rs1Cr,Mid Income,20485,3024,51,59.29411765,High
44,36 - 45,F,Unknown,Unknown,Unknown,9856,5408,83,65.15662651,High
44,36 - 45,M,Less than $40K,<Rs33L,Low Income,2111,4830,82,58.90243902,High
43,36 - 45,F,Less than $40K,<Rs33L,Low Income,2905,4444,84,52.9047619,High
49,46 - 55,M,$60K - $80K,Rs50L - Rs66L,Mid Income,32244,3501,65,53.86153846,High
47,46 - 55,F,$40K - $60K,Rs33L - Rs50L,Low Income,5624,3843,66,58.22727273,High
44,36 - 45,F,Less than $40K,<Rs33L,Low Income,1656,4258,77,55.2987013,High
42,36 - 45,M,$40K - $60K,Rs33L - Rs50L,Low Income,3032,2273,44,51.65909091,High
42,36 - 45,M,$60K - $80K,Rs50L - Rs66L,Mid Income,15699,1793,40,44.825,Medium
40,36 - 45,F,$40K - $60K,Rs33L - Rs50L,Low Income,6608,4033,58,69.53448276,High
47,46 - 55,F,Less than $40K,<Rs33L,Low Income,5062,4535,68,66.69117647,High
44,36 - 45,M,$40K - $60K,Rs33L - Rs50L,Low Income,1547,4348,63,69.01587302,High
60,55+,F,Less than $40K,<Rs33L,Low Income,11060,4545,83,54.75903614,High
41,36 - 45,F,$40K - $60K,Rs33L - Rs50L,Low Income,1438.3,4300,67,64.17910448,High
46,46 - 55,F,Less than $40K,<Rs33L,Low Income,3670,4811,68,70.75,High
42,36 - 45,F,Less than $40K,<Rs33L,Low Income,1538,5228,61,85.70491803,High
54,46 - 55,F,$40K - $60K,Rs33L - Rs50L,Low Income,1438.3,4385,91,48.18681319,High
45,36 - 45,F,Less than $40K,<Rs33L,Low Income,2330,2107,40,52.675,High
49,46 - 55,M,$60K - $80K,Rs50L - Rs66L,Mid Income,3170,4097,72,56.90277778,High
42,36 - 45,F,Less than $40K,<Rs33L,Low Income,2120,4741,86,55.12790698,High
53,46 - 55,M,$80K - $120K,Rs66L - Rs1Cr,Mid Income,20231,5002,78,64.12820513,High
48,46 - 55,F,Unknown,Unknown,Unknown,1438.3,2306,46,50.13043478,High
45,36 - 45,F,Less than $40K,<Rs33L,Low Income,5583,3317,71,46.71830986,High
41,36 - 45,F,Less than $40K,<Rs33L,Low Income,7764,3955,72,54.93055556,High
51,46 - 55,M,$80K - $120K,Rs66L - Rs1Cr,Mid Income,25670,2709,51,53.11764706,High
45,36 - 45,M,$60K - $80K,Rs50L - Rs66L,Mid Income,3841,2832,48,59,High
52,46 - 55,F,Less than $40K,<Rs33L,Low Income,2001,4238,63,67.26984127,High
44,36 - 45,F,Less than $40K,<Rs33L,Low Income,8512,4056,81,50.07407407,High
47,46 - 55,F,$40K - $60K,Rs33L - Rs50L,Low Income,5869,4166,85,49.01176471,High
44,36 - 45,F,Unknown,Unknown,Unknown,5791,4556,67,68,High
50,46 - 55,M,$120K +,Rs1Cr +,High Income,34516,2118,41,51.65853659,High
49,46 - 55,M,$80K - $120K,Rs66L - Rs1Cr,Mid Income,2191,3967,76,52.19736842,High
37,36 - 45,M,$60K - $80K,Rs50L - Rs66L,Mid Income,2865,3462,61,56.75409836,High
43,36 - 45,M,$120K +,Rs1Cr +,High Income,6467,4098,61,67.18032787,High
37,36 - 45,F,Less than $40K,<Rs33L,Low Income,1468,2050,32,64.0625,High
58,55+,F,$40K - $60K,Rs33L - Rs50L,Low Income,5386,4846,84,57.69047619,High
46,46 - 55,F,Less than $40K,<Rs33L,Low Income,1438.3,5098,66,77.24242424,High
59,55+,F,Unknown,Unknown,Unknown,5402,4770,83,57.46987952,High
49,46 - 55,F,Unknown,Unknown,Unknown,3855,1724,34,50.70588235,Medium
42,36 - 45,F,Less than $40K,<Rs33L,Low Income,2983,2509,46,54.54347826,High
54,46 - 55,F,Less than $40K,<Rs33L,Low Income,1438.3,4880,77,63.37662338,High
31,26 - 35,F,Less than $40K,<Rs33L,Low Income,4871,2773,34,81.55882353,High
40,36 - 45,F,Less than $40K,<Rs33L,Low Income,2636,4584,70,65.48571429,High
32,26 - 35,F,$40K - $60K,Rs33L - Rs50L,Low Income,1553,4549,68,66.89705882,High
45,36 - 45,F,$40K - $60K,Rs33L - Rs50L,Low Income,3304,1731,32,54.09375,Medium
49,46 - 55,M,$120K +,Rs1Cr +,High Income,34516,2376,55,43.2,High
53,46 - 55,F,Less than $40K,<Rs33L,Low Income,3378,4464,83,53.78313253,High
34,26 - 35,F,$40K - $60K,Rs33L - Rs50L,Low Income,2313,4317,68,63.48529412,High
49,46 - 55,F,Less than $40K,<Rs33L,Low Income,2434,4628,73,63.39726027,High
60,55+,F,$40K - $60K,Rs33L - Rs50L,Low Income,1438.3,4148,84,49.38095238,High
40,36 - 45,M,$80K - $120K,Rs66L - Rs1Cr,Mid Income,14544,4064,92,44.17391304,High
59,55+,M,$60K - $80K,Rs50L - Rs66L,Mid Income,24621,2864,51,56.15686275,High
44,36 - 45,F,Less than $40K,<Rs33L,Low Income,2337,4048,83,48.77108434,High
49,46 - 55,F,$40K - $60K,Rs33L - Rs50L,Low Income,2720,3806,61,62.39344262,High
44,36 - 45,M,$80K - $120K,Rs66L - Rs1Cr,Mid Income,1965,3968,57,69.61403509,High
47,46 - 55,M,$60K - $80K,Rs50L - Rs66L,Mid Income,33122,3145,63,49.92063492,High
52,46 - 55,F,Less than $40K,<Rs33L,Low Income,1438.3,4673,69,67.72463768,High
47,46 - 55,F,Less than $40K,<Rs33L,Low Income,2709,4915,92,53.42391304,High
57,55+,F,Unknown,Unknown,Unknown,2404,2511,51,49.23529412,High
41,36 - 45,M,$60K - $80K,Rs50L - Rs66L,Mid Income,4499,4906,75,65.41333333,High
33,26 - 35,F,Unknown,Unknown,Unknown,4734,2275,55,41.36363636,High
55,46 - 55,M,$120K +,Rs1Cr +,High Income,4697,1867,34,54.91176471,Medium
50,46 - 55,M,$120K +,Rs1Cr +,High Income,34516,3931,77,51.05194805,High
47,46 - 55,M,$60K - $80K,Rs50L - Rs66L,Mid Income,2572,5038,86,58.58139535,High
56,55+,M,$60K - $80K,Rs50L - Rs66L,Mid Income,3110,3395,75,45.26666667,High
41,36 - 45,M,$60K - $80K,Rs50L - Rs66L,Mid Income,1734,4741,84,56.44047619,High
46,46 - 55,F,Unknown,Unknown,Unknown,3562,4198,77,54.51948052,High
43,36 - 45,F,Less than $40K,<Rs33L,Low Income,1536,1973,36,54.80555556,Medium
39,36 - 45,M,$60K - $80K,Rs50L - Rs66L,Mid Income,19198,4423,90,49.14444444,High
42,36 - 45,F,Unknown,Unknown,Unknown,4540,4804,66,72.78787879,High
45,36 - 45,F,Less than $40K,<Rs33L,Low Income,1438.3,3889,60,64.81666667,High
54,46 - 55,F,Less than $40K,<Rs33L,Low Income,1990,5216,87,59.95402299,High
59,55+,M,$120K +,Rs1Cr +,High Income,3422,3337,65,51.33846154,High
45,36 - 45,F,Less than $40K,<Rs33L,Low Income,2192,4905,89,55.11235955,High
43,36 - 45,F,Less than $40K,<Rs33L,Low Income,5152,3919,57,68.75438596,High
41,36 - 45,M,Less than $40K,<Rs33L,Low Income,2515,4388,67,65.49253731,High
49,46 - 55,F,Less than $40K,<Rs33L,Low Income,2094,2690,46,58.47826087,High
48,46 - 55,F,$40K - $60K,Rs33L - Rs50L,Low Income,1906,4634,54,85.81481481,High
42,36 - 45,M,$60K - $80K,Rs50L - Rs66L,Mid Income,5096,2574,43,59.86046512,High
39,36 - 45,M,$40K - $60K,Rs33L - Rs50L,Low Income,2222,4792,62,77.29032258,High
42,36 - 45,F,$40K - $60K,Rs33L - Rs50L,Low Income,3015,4277,80,53.4625,High
48,46 - 55,M,$40K - $60K,Rs33L - Rs50L,Low Income,3786,3403,70,48.61428571,High
39,36 - 45,M,$40K - $60K,Rs33L - Rs50L,Low Income,12078,2384,52,45.84615385,High
48,46 - 55,F,Unknown,Unknown,Unknown,6448,4990,85,58.70588235,High
47,46 - 55,F,Less than $40K,<Rs33L,Low Income,5398,1887,36,52.41666667,Medium
59,55+,F,Less than $40K,<Rs33L,Low Income,1438.3,2146,44,48.77272727,High
33,26 - 35,F,$40K - $60K,Rs33L - Rs50L,Low Income,1438.3,2527,49,51.57142857,High
48,46 - 55,F,Less than $40K,<Rs33L,Low Income,2620,4867,67,72.64179104,High
49,46 - 55,M,$60K - $80K,Rs50L - Rs66L,Mid Income,13435,3575,56,63.83928571,High
43,36 - 45,F,Less than $40K,<Rs33L,Low Income,3186,4197,84,49.96428571,High
42,36 - 45,F,$40K - $60K,Rs33L - Rs50L,Low Income,1950,3873,76,50.96052632,High
63,55+,M,Less than $40K,<Rs33L,Low Income,7098,3465,59,58.72881356,High
42,36 - 45,F,Less than $40K,<Rs33L,Low Income,2250,4908,71,69.12676056,High
45,36 - 45,M,$120K +,Rs1Cr +,High Income,34516,4067,75,54.22666667,High
58,55+,F,Less than $40K,<Rs33L,Low Income,2495,4399,70,62.84285714,High
39,36 - 45,F,Less than $40K,<Rs33L,Low Income,3086,4684,81,57.82716049,High
53,46 - 55,F,Less than $40K,<Rs33L,Low Income,1520,4256,73,58.30136986,High
38,36 - 45,M,$120K +,Rs1Cr +,High Income,4043,2600,47,55.31914894,High
65,55+,M,Less than $40K,<Rs33L,Low Income,4599,4208,69,60.98550725,High
38,36 - 45,F,Less than $40K,<Rs33L,Low Income,1438.3,2264,39,58.05128205,High
55,46 - 55,F,Unknown,Unknown,Unknown,7869,4314,83,51.97590361,High
60,55+,F,$40K - $60K,Rs33L - Rs50L,Low Income,5362,4205,83,50.6626506,High
60,55+,M,$40K - $60K,Rs33L - Rs50L,Low Income,16541,4352,82,53.07317073,High
45,36 - 45,F,Less than $40K,<Rs33L,Low Income,7486,4604,70,65.77142857,High
42,36 - 45,F,Less than $40K,<Rs33L,Low Income,1438.3,4653,78,59.65384615,High
51,46 - 55,F,Unknown,Unknown,Unknown,8365,4778,88,54.29545455,High
56,55+,F,Less than $40K,<Rs33L,Low Income,2846,2122,44,48.22727273,High
49,46 - 55,F,Less than $40K,<Rs33L,Low Income,7789,3412,70,48.74285714,High
44,36 - 45,F,Less than $40K,<Rs33L,Low Income,1438.3,2527,45,56.15555556,High
48,46 - 55,F,Unknown,Unknown,Unknown,2220,2456,45,54.57777778,High
48,46 - 55,M,$120K +,Rs1Cr +,High Income,6626,2838,49,57.91836735,High
46,46 - 55,F,Unknown,Unknown,Unknown,5547,4585,79,58.03797468,High
37,36 - 45,F,Less than $40K,<Rs33L,Low Income,1734,4727,67,70.55223881,High
41,36 - 45,F,Less than $40K,<Rs33L,Low Income,2934,4253,66,64.43939394,High
44,36 - 45,M,$120K +,Rs1Cr +,High Income,14527,3965,58,68.36206897,High
48,46 - 55,F,Less than $40K,<Rs33L,Low Income,2646,4246,80,53.075,High
47,46 - 55,M,$80K - $120K,Rs66L - Rs1Cr,Mid Income,8185,4527,83,54.54216867,High
46,46 - 55,M,$40K - $60K,Rs33L - Rs50L,Low Income,6340,3536,61,57.96721311,High
62,55+,M,$80K - $120K,Rs66L - Rs1Cr,Mid Income,5711,4320,72,60,High
46,46 - 55,F,Less than $40K,<Rs33L,Low Income,2258,4275,76,56.25,High
43,36 - 45,F,Less than $40K,<Rs33L,Low Income,2086,2537,48,52.85416667,High
44,36 - 45,F,$40K - $60K,Rs33L - Rs50L,Low Income,3256,5079,81,62.7037037,High
50,46 - 55,M,$60K - $80K,Rs50L - Rs66L,Mid Income,14854,3659,68,53.80882353,High
49,46 - 55,M,$120K +,Rs1Cr +,High Income,7184,3244,58,55.93103448,High
48,46 - 55,M,$40K - $60K,Rs33L - Rs50L,Low Income,6541,3902,63,61.93650794,High
62,55+,M,$40K - $60K,Rs33L - Rs50L,Low Income,9065,4693,83,56.54216867,High
54,46 - 55,M,$40K - $60K,Rs33L - Rs50L,Low Income,3682,1642,35,46.91428571,Medium
56,55+,F,Less than $40K,<Rs33L,Low Income,1438.3,2229,40,55.725,High
46,46 - 55,F,Unknown,Unknown,Unknown,2286,2798,40,69.95,High
57,55+,M,$80K - $120K,Rs66L - Rs1Cr,Mid Income,12663,3297,54,61.05555556,High
48,46 - 55,F,Less than $40K,<Rs33L,Low Income,1438.3,4777,69,69.23188406,High
39,36 - 45,F,Less than $40K,<Rs33L,Low Income,1438.3,5205,78,66.73076923,High
45,36 - 45,F,Unknown,Unknown,Unknown,5056,4428,78,56.76923077,High
53,46 - 55,F,Less than $40K,<Rs33L,Low Income,1438.3,2014,53,38,High
26,26 - 35,M,$120K +,Rs1Cr +,High Income,30928,3863,72,53.65277778,High
40,36 - 45,M,$80K - $120K,Rs66L - Rs1Cr,Mid Income,1804,5308,78,68.05128205,High
43,36 - 45,M,$80K - $120K,Rs66L - Rs1Cr,Mid Income,1669,3591,59,60.86440678,High
33,26 - 35,F,Unknown,Unknown,Unknown,9725,4062,65,62.49230769,High
45,36 - 45,M,$60K - $80K,Rs50L - Rs66L,Mid Income,21696,3354,76,44.13157895,High
49,46 - 55,F,Less than $40K,<Rs33L,Low Income,2992,4339,84,51.6547619,High
38,36 - 45,F,Less than $40K,<Rs33L,Low Income,1934,4019,78,51.52564103,High
43,36 - 45,M,$120K +,Rs1Cr +,High Income,34516,3789,57,66.47368421,High
42,36 - 45,F,Less than $40K,<Rs33L,Low Income,1734,4092,76,53.84210526,High
42,36 - 45,F,Less than $40K,<Rs33L,Low Income,1438.3,3910,75,52.13333333,High
39,36 - 45,F,Less than $40K,<Rs33L,Low Income,1438.3,1674,42,39.85714286,Medium
48,46 - 55,M,$40K - $60K,Rs33L - Rs50L,Low Income,9673,3541,87,40.70114943,High
56,55+,F,$40K - $60K,Rs33L - Rs50L,Low Income,3609,4318,81,53.30864198,High
39,36 - 45,F,Less than $40K,<Rs33L,Low Income,1438.3,2567,48,53.47916667,High
39,36 - 45,M,$40K - $60K,Rs33L - Rs50L,Low Income,6423,4295,70,61.35714286,High
48,46 - 55,F,$40K - $60K,Rs33L - Rs50L,Low Income,14899,1519,26,58.42307692,Medium
52,46 - 55,F,$40K - $60K,Rs33L - Rs50L,Low Income,3224,3707,74,50.09459459,High
44,36 - 45,F,Less than $40K,<Rs33L,Low Income,4135,3334,56,59.53571429,High
44,36 - 45,M,$60K - $80K,Rs50L - Rs66L,Mid Income,4969,3878,82,47.29268293,High
41,36 - 45,F,$40K - $60K,Rs33L - Rs50L,Low Income,8376,4015,77,52.14285714,High
44,36 - 45,M,$80K - $120K,Rs66L - Rs1Cr,Mid Income,3454,4026,67,60.08955224,High
42,36 - 45,M,$80K - $120K,Rs66L - Rs1Cr,Mid Income,25944,4442,76,58.44736842,High
49,46 - 55,M,$60K - $80K,Rs50L - Rs66L,Mid Income,1438.3,3016,80,37.7,High
38,36 - 45,F,Less than $40K,<Rs33L,Low Income,1556,2283,46,49.63043478,High
57,55+,M,$60K - $80K,Rs50L - Rs66L,Mid Income,8701,1999,41,48.75609756,Medium
33,26 - 35,M,$40K - $60K,Rs33L - Rs50L,Low Income,5600,2296,46,49.91304348,High
45,36 - 45,F,Less than $40K,<Rs33L,Low Income,2900,4467,79,56.5443038,High
61,55+,F,$40K - $60K,Rs33L - Rs50L,Low Income,4906,3999,71,56.32394366,High
41,36 - 45,F,Less than $40K,<Rs33L,Low Income,2687,4096,76,53.89473684,High
40,36 - 45,F,$40K - $60K,Rs33L - Rs50L,Low Income,4464,3870,73,53.01369863,High
51,46 - 55,F,$40K - $60K,Rs33L - Rs50L,Low Income,1438.3,4124,59,69.89830508,High
34,26 - 35,F,Less than $40K,<Rs33L,Low Income,2221,4758,64,74.34375,High
42,36 - 45,M,$60K - $80K,Rs50L - Rs66L,Mid Income,2966,4416,83,53.20481928,High
38,36 - 45,F,$40K - $60K,Rs33L - Rs50L,Low Income,1593,4136,67,61.73134328,High
41,36 - 45,F,Less than $40K,<Rs33L,Low Income,2450,3778,64,59.03125,High
53,46 - 55,F,Less than $40K,<Rs33L,Low Income,1529,4220,83,50.84337349,High
45,36 - 45,F,$40K - $60K,Rs33L - Rs50L,Low Income,6274,4726,82,57.63414634,High
43,36 - 45,F,Less than $40K,<Rs33L,Low Income,1438.3,3932,62,63.41935484,High
41,36 - 45,F,Less than $40K,<Rs33L,Low Income,2134,4224,75,56.32,High
50,46 - 55,M,$80K - $120K,Rs66L - Rs1Cr,Mid Income,17158,4153,91,45.63736264,High
51,46 - 55,F,$40K - $60K,Rs33L - Rs50L,Low Income,3359,4572,81,56.44444444,High
47,46 - 55,M,$80K - $120K,Rs66L - Rs1Cr,Mid Income,11997,4125,80,51.5625,High
41,36 - 45,F,Less than $40K,<Rs33L,Low Income,3302,3899,65,59.98461538,High
55,46 - 55,F,$40K - $60K,Rs33L - Rs50L,Low Income,2687,2370,34,69.70588235,High
53,46 - 55,F,Less than $40K,<Rs33L,Low Income,1438.3,4075,71,57.3943662,High
46,46 - 55,F,Less than $40K,<Rs33L,Low Income,1801,2252,42,53.61904762,High
53,46 - 55,M,$60K - $80K,Rs50L - Rs66L,Mid Income,4573,2720,46,59.13043478,High
48,46 - 55,F,Less than $40K,<Rs33L,Low Income,2860,1544,45,34.31111111,Medium
46,46 - 55,F,$40K - $60K,Rs33L - Rs50L,Low Income,13387,3706,81,45.75308642,High
46,46 - 55,F,Less than $40K,<Rs33L,Low Income,2283,3687,68,54.22058824,High
47,46 - 55,F,Less than $40K,<Rs33L,Low Income,2033,2572,43,59.81395349,High
49,46 - 55,F,$40K - $60K,Rs33L - Rs50L,Low Income,2506,4747,91,52.16483516,High
47,46 - 55,F,Less than $40K,<Rs33L,Low Income,1438.3,4220,87,48.50574713,High
42,36 - 45,M,$80K - $120K,Rs66L - Rs1Cr,Mid Income,2447,4544,80,56.8,High
54,46 - 55,F,Less than $40K,<Rs33L,Low Income,1438.3,4217,72,58.56944444,High
41,36 - 45,M,$80K - $120K,Rs66L - Rs1Cr,Mid Income,10873,5089,82,62.06097561,High
39,36 - 45,F,$40K - $60K,Rs33L - Rs50L,Low Income,7596,2164,45,48.08888889,High
54,46 - 55,F,Less than $40K,<Rs33L,Low Income,2921,2612,33,79.15151515,High
42,36 - 45,F,$40K - $60K,Rs33L - Rs50L,Low Income,10136,4429,78,56.78205128,High
52,46 - 55,F,Less than $40K,<Rs33L,Low Income,2187,4222,61,69.21311475,High
60,55+,F,Less than $40K,<Rs33L,Low Income,3302,4613,85,54.27058824,High
40,36 - 45,M,$80K - $120K,Rs66L - Rs1Cr,Mid Income,30997,3821,81,47.17283951,High
48,46 - 55,F,Less than $40K,<Rs33L,Low Income,2578,4077,78,52.26923077,High
51,46 - 55,F,Less than $40K,<Rs33L,Low Income,1438.3,2585,45,57.44444444,High
48,46 - 55,M,$80K - $120K,Rs66L - Rs1Cr,Mid Income,3034,4172,66,63.21212121,High
46,46 - 55,F,Less than $40K,<Rs33L,Low Income,1438.3,4692,91,51.56043956,High
50,46 - 55,F,Unknown,Unknown,Unknown,2611,4232,80,52.9,High
54,46 - 55,F,$40K - $60K,Rs33L - Rs50L,Low Income,2222,3960,79,50.12658228,High
37,36 - 45,F,Less than $40K,<Rs33L,Low Income,3328,2196,47,46.72340426,High
43,36 - 45,F,Less than $40K,<Rs33L,Low Income,2440,1533,42,36.5,Medium
54,46 - 55,F,Unknown,Unknown,Unknown,9723,4043,76,53.19736842,High
60,55+,F,Less than $40K,<Rs33L,Low Income,2346,4592,90,51.02222222,High
51,46 - 55,M,$60K - $80K,Rs50L - Rs66L,Mid Income,26142,3969,78,50.88461538,High
39,36 - 45,F,Unknown,Unknown,Unknown,12405,3151,39,80.79487179,High
47,46 - 55,M,$80K - $120K,Rs66L - Rs1Cr,Mid Income,17655,3692,79,46.73417722,High
51,46 - 55,F,Less than $40K,<Rs33L,Low Income,4941,3822,50,76.44,High
30,26 - 35,F,Less than $40K,<Rs33L,Low Income,1644,2533,44,57.56818182,High
34,26 - 35,F,Unknown,Unknown,Unknown,3095,3901,77,50.66233766,High
60,55+,F,Less than $40K,<Rs33L,Low Income,3828,4470,58,77.06896552,High
49,46 - 55,F,Less than $40K,<Rs33L,Low Income,2182,5377,86,62.52325581,High
51,46 - 55,M,$60K - $80K,Rs50L - Rs66L,Mid Income,13906,3856,68,56.70588235,High
50,46 - 55,M,$80K - $120K,Rs66L - Rs1Cr,Mid Income,10588,4623,84,55.03571429,High
32,26 - 35,F,Less than $40K,<Rs33L,Low Income,2973,3769,78,48.32051282,High
50,46 - 55,F,Unknown,Unknown,Unknown,4045,2438,41,59.46341463,High
40,36 - 45,M,$80K - $120K,Rs66L - Rs1Cr,Mid Income,2165,3672,64,57.375,High
34,26 - 35,F,Less than $40K,<Rs33L,Low Income,5845,2308,35,65.94285714,High
50,46 - 55,M,$120K +,Rs1Cr +,High Income,15341,2916,65,44.86153846,High
45,36 - 45,M,$60K - $80K,Rs50L - Rs66L,Mid Income,3035,4275,67,63.80597015,High
45,36 - 45,F,Unknown,Unknown,Unknown,1986,4303,59,72.93220339,High
45,36 - 45,F,Less than $40K,<Rs33L,Low Income,4602,3520,66,53.33333333,High
43,36 - 45,F,Less than $40K,<Rs33L,Low Income,2689,1941,53,36.62264151,Medium
65,55+,M,$40K - $60K,Rs33L - Rs50L,Low Income,9383,5783,73,79.21917808,High
47,46 - 55,F,Less than $40K,<Rs33L,Low Income,1438.3,4422,59,74.94915254,High
42,36 - 45,F,Less than $40K,<Rs33L,Low Income,1443,2092,38,55.05263158,High
51,46 - 55,F,Less than $40K,<Rs33L,Low Income,2847,3672,59,62.23728814,High
44,36 - 45,M,$80K - $120K,Rs66L - Rs1Cr,Mid Income,15638,4396,83,52.96385542,High
43,36 - 45,M,$120K +,Rs1Cr +,High Income,10700,4054,68,59.61764706,High
44,36 - 45,F,Less than $40K,<Rs33L,Low Income,1438.3,1944,36,54,Medium
50,46 - 55,F,$40K - $60K,Rs33L - Rs50L,Low Income,1694,2349,42,55.92857143,High
53,46 - 55,F,Unknown,Unknown,Unknown,7939,2269,42,54.02380952,High
42,36 - 45,F,Less than $40K,<Rs33L,Low Income,2555,4193,79,53.07594937,High
55,46 - 55,F,Less than $40K,<Rs33L,Low Income,2850,4320,85,50.82352941,High
59,55+,M,$60K - $80K,Rs50L - Rs66L,Mid Income,8973,4699,72,65.26388889,High
58,55+,F,$40K - $60K,Rs33L - Rs50L,Low Income,6960,3112,79,39.39240506,High
60,55+,F,Less than $40K,<Rs33L,Low Income,4167,5039,85,59.28235294,High
49,46 - 55,F,Unknown,Unknown,Unknown,5099,3819,82,46.57317073,High
42,36 - 45,F,Unknown,Unknown,Unknown,2782,4669,93,50.20430108,High
44,36 - 45,F,Less than $40K,<Rs33L,Low Income,1480,5245,80,65.5625,High
56,55+,M,$80K - $120K,Rs66L - Rs1Cr,Mid Income,5070,3651,76,48.03947368,High
52,46 - 55,M,$80K - $120K,Rs66L - Rs1Cr,Mid Income,2757,3992,76,52.52631579,High
54,46 - 55,M,$80K - $120K,Rs66L - Rs1Cr,Mid Income,5774,4444,70,63.48571429,High
55,46 - 55,M,$60K - $80K,Rs50L - Rs66L,Mid Income,6054,3998,80,49.975,High
57,55+,M,$60K - $80K,Rs50L - Rs66L,Mid Income,19090,4712,88,53.54545455,High
43,36 - 45,F,Less than $40K,<Rs33L,Low Income,2069,4117,70,58.81428571,High
47,46 - 55,F,Less than $40K,<Rs33L,Low Income,2447,4784,75,63.78666667,High
56,55+,F,Less than $40K,<Rs33L,Low Income,3022,4390,82,53.53658537,High
44,36 - 45,F,Less than $40K,<Rs33L,Low Income,4473,4047,56,72.26785714,High
54,46 - 55,F,Less than $40K,<Rs33L,Low Income,5267,4196,81,51.80246914,High
37,36 - 45,M,$80K - $120K,Rs66L - Rs1Cr,Mid Income,7199,4552,100,45.52,High
49,46 - 55,F,Less than $40K,<Rs33L,Low Income,1438.3,4497,79,56.92405063,High
51,46 - 55,F,Less than $40K,<Rs33L,Low Income,3245,1977,29,68.17241379,Medium
47,46 - 55,F,$40K - $60K,Rs33L - Rs50L,Low Income,3888,4377,88,49.73863636,High
45,36 - 45,F,Unknown,Unknown,Unknown,14728,4660,85,54.82352941,High
38,36 - 45,F,$40K - $60K,Rs33L - Rs50L,Low Income,1438.3,1986,52,38.19230769,Medium
48,46 - 55,M,$40K - $60K,Rs33L - Rs50L,Low Income,11272,1455,34,42.79411765,Medium
49,46 - 55,F,Less than $40K,<Rs33L,Low Income,2705,4265,87,49.02298851,High
41,36 - 45,M,$80K - $120K,Rs66L - Rs1Cr,Mid Income,12270,4578,67,68.32835821,High
54,46 - 55,F,Less than $40K,<Rs33L,Low Income,3006,5177,66,78.43939394,High
39,36 - 45,M,$80K - $120K,Rs66L - Rs1Cr,Mid Income,7901,3667,66,55.56060606,High
38,36 - 45,M,$80K - $120K,Rs66L - Rs1Cr,Mid Income,5983,4141,65,63.70769231,High
64,55+,M,$40K - $60K,Rs33L - Rs50L,Low Income,7362,4065,65,62.53846154,High
55,46 - 55,M,$80K - $120K,Rs66L - Rs1Cr,Mid Income,3046,3153,57,55.31578947,High
50,46 - 55,M,$120K +,Rs1Cr +,High Income,34516,4054,75,54.05333333,High
55,46 - 55,F,Unknown,Unknown,Unknown,12972,2238,36,62.16666667,High
44,36 - 45,F,Unknown,Unknown,Unknown,17785,3890,72,54.02777778,High
55,46 - 55,M,$120K +,Rs1Cr +,High Income,3029,2394,50,47.88,High
58,55+,M,Unknown,Unknown,Unknown,9097,4174,85,49.10588235,High
51,46 - 55,F,Less than $40K,<Rs33L,Low Income,1438.3,4488,84,53.42857143,High
58,55+,M,$80K - $120K,Rs66L - Rs1Cr,Mid Income,2375,4769,80,59.6125,High
47,46 - 55,F,Less than $40K,<Rs33L,Low Income,8109,1835,43,42.6744186,Medium
53,46 - 55,F,$40K - $60K,Rs33L - Rs50L,Low Income,2618,4198,68,61.73529412,High
42,36 - 45,F,Unknown,Unknown,Unknown,3549,3921,63,62.23809524,High
45,36 - 45,M,Less than $40K,<Rs33L,Low Income,2718,3542,59,60.03389831,High
60,55+,F,Less than $40K,<Rs33L,Low Income,2230,4929,61,80.80327869,High
42,36 - 45,F,Less than $40K,<Rs33L,Low Income,3802,2165,36,60.13888889,High
55,46 - 55,F,Less than $40K,<Rs33L,Low Income,2736,4078,85,47.97647059,High
51,46 - 55,F,Less than $40K,<Rs33L,Low Income,2258,4368,75,58.24,High
51,46 - 55,F,Less than $40K,<Rs33L,Low Income,1438.3,2492,35,71.2,High
65,55+,M,Less than $40K,<Rs33L,Low Income,2954,1909,28,68.17857143,Medium
50,46 - 55,M,$80K - $120K,Rs66L - Rs1Cr,Mid Income,11882,3291,62,53.08064516,High
49,46 - 55,F,Less than $40K,<Rs33L,Low Income,1438.3,4205,88,47.78409091,High
38,36 - 45,F,Less than $40K,<Rs33L,Low Income,1438.3,4093,73,56.06849315,High
54,46 - 55,F,Less than $40K,<Rs33L,Low Income,2778,4515,74,61.01351351,High
54,46 - 55,F,Less than $40K,<Rs33L,Low Income,2474,4884,80,61.05,High
54,46 - 55,F,$40K - $60K,Rs33L - Rs50L,Low Income,5632,3557,64,55.578125,High
49,46 - 55,F,Unknown,Unknown,Unknown,11025,1902,28,67.92857143,Medium
43,36 - 45,F,Less than $40K,<Rs33L,Low Income,2642,4780,88,54.31818182,High
43,36 - 45,M,$80K - $120K,Rs66L - Rs1Cr,Mid Income,30357,4435,68,65.22058824,High
57,55+,F,Less than $40K,<Rs33L,Low Income,2201,4256,70,60.8,High
46,46 - 55,F,Less than $40K,<Rs33L,Low Income,2002,2423,39,62.12820513,High
43,36 - 45,F,Unknown,Unknown,Unknown,8777,4551,83,54.8313253,High
53,46 - 55,F,Less than $40K,<Rs33L,Low Income,2575,2423,43,56.34883721,High
43,36 - 45,F,$40K - $60K,Rs33L - Rs50L,Low Income,5182,5235,92,56.90217391,High
49,46 - 55,M,$60K - $80K,Rs50L - Rs66L,Mid Income,3783,4383,82,53.45121951,High
51,46 - 55,M,$120K +,Rs1Cr +,High Income,34516,3847,74,51.98648649,High
46,46 - 55,F,Less than $40K,<Rs33L,Low Income,1515,3894,60,64.9,High
56,55+,F,Less than $40K,<Rs33L,Low Income,2865,3441,66,52.13636364,High
46,46 - 55,F,$40K - $60K,Rs33L - Rs50L,Low Income,2711,4795,65,73.76923077,High
54,46 - 55,F,Less than $40K,<Rs33L,Low Income,2341,3406,57,59.75438596,High
51,46 - 55,M,$80K - $120K,Rs66L - Rs1Cr,Mid Income,13287,3851,75,51.34666667,High
33,26 - 35,F,Less than $40K,<Rs33L,Low Income,1438.3,4530,72,62.91666667,High
41,36 - 45,M,$40K - $60K,Rs33L - Rs50L,Low Income,1639,2242,44,50.95454545,High
55,46 - 55,M,$60K - $80K,Rs50L - Rs66L,Mid Income,5668,3382,56,60.39285714,High
55,46 - 55,M,$120K +,Rs1Cr +,High Income,24542,984,24,41,Low
41,36 - 45,F,Less than $40K,<Rs33L,Low Income,1959,4275,61,70.08196721,High
50,46 - 55,F,Less than $40K,<Rs33L,Low Income,1838,2461,47,52.36170213,High
36,36 - 45,F,Less than $40K,<Rs33L,Low Income,3111,2367,41,57.73170732,High
39,36 - 45,F,Less than $40K,<Rs33L,Low Income,3927,4230,93,45.48387097,High
38,36 - 45,F,Less than $40K,<Rs33L,Low Income,4345,4770,62,76.93548387,High
46,46 - 55,F,Less than $40K,<Rs33L,Low Income,3003,4378,96,45.60416667,High
40,36 - 45,F,Less than $40K,<Rs33L,Low Income,1438.3,2294,40,57.35,High
58,55+,M,$60K - $80K,Rs50L - Rs66L,Mid Income,2541,4552,82,55.51219512,High
43,36 - 45,F,Less than $40K,<Rs33L,Low Income,2422,2437,44,55.38636364,High
56,55+,F,Less than $40K,<Rs33L,Low Income,1440,2141,40,53.525,High
58,55+,M,$80K - $120K,Rs66L - Rs1Cr,Mid Income,26108,3677,70,52.52857143,High
29,26 - 35,F,Less than $40K,<Rs33L,Low Income,2516,2321,36,64.47222222,High
48,46 - 55,F,$40K - $60K,Rs33L - Rs50L,Low Income,3646,1969,38,51.81578947,Medium
61,55+,F,$40K - $60K,Rs33L - Rs50L,Low Income,2214,4478,77,58.15584416,High
51,46 - 55,M,$80K - $120K,Rs66L - Rs1Cr,Mid Income,11862,4101,88,46.60227273,High
44,36 - 45,F,Unknown,Unknown,Unknown,8729,5347,96,55.69791667,High
35,26 - 35,F,Unknown,Unknown,Unknown,2423,4651,69,67.4057971,High
48,46 - 55,F,Less than $40K,<Rs33L,Low Income,4073,2059,43,47.88372093,High
26,26 - 35,M,Less than $40K,<Rs33L,Low Income,9916,3477,65,53.49230769,High
39,36 - 45,F,Less than $40K,<Rs33L,Low Income,1438.3,4222,65,64.95384615,High
38,36 - 45,M,$80K - $120K,Rs66L - Rs1Cr,Mid Income,6452,4835,84,57.55952381,High
51,46 - 55,F,Less than $40K,<Rs33L,Low Income,1952,2452,44,55.72727273,High
37,36 - 45,F,Less than $40K,<Rs33L,Low Income,1438.3,4803,64,75.046875,High
53,46 - 55,F,Unknown,Unknown,Unknown,4500,4579,78,58.70512821,High
53,46 - 55,F,Less than $40K,<Rs33L,Low Income,2252,4201,68,61.77941176,High
39,36 - 45,F,Less than $40K,<Rs33L,Low Income,2370,4000,79,50.63291139,High
56,55+,F,$40K - $60K,Rs33L - Rs50L,Low Income,2610,4127,69,59.8115942,High
52,46 - 55,F,Less than $40K,<Rs33L,Low Income,2294,3904,76,51.36842105,High
51,46 - 55,F,Unknown,Unknown,Unknown,5062,4243,102,41.59803922,High
43,36 - 45,F,Less than $40K,<Rs33L,Low Income,2415,3970,68,58.38235294,High
51,46 - 55,F,Less than $40K,<Rs33L,Low Income,2918,3818,61,62.59016393,High
53,46 - 55,F,Less than $40K,<Rs33L,Low Income,2708,4812,83,57.97590361,High
54,46 - 55,F,Less than $40K,<Rs33L,Low Income,3666,4735,84,56.36904762,High
36,36 - 45,F,$40K - $60K,Rs33L - Rs50L,Low Income,1438.3,4591,74,62.04054054,High
53,46 - 55,F,Less than $40K,<Rs33L,Low Income,1438.3,1587,42,37.78571429,Medium
39,36 - 45,F,Unknown,Unknown,Unknown,2809,2466,40,61.65,High
46,46 - 55,M,$80K - $120K,Rs66L - Rs1Cr,Mid Income,26303,3586,67,53.52238806,High
56,55+,M,$80K - $120K,Rs66L - Rs1Cr,Mid Income,15982,4503,80,56.2875,High
40,36 - 45,F,Unknown,Unknown,Unknown,25060,3749,61,61.45901639,High
42,36 - 45,F,$40K - $60K,Rs33L - Rs50L,Low Income,1545,4477,62,72.20967742,High
43,36 - 45,F,Less than $40K,<Rs33L,Low Income,1438.3,4469,85,52.57647059,High
43,36 - 45,M,$60K - $80K,Rs50L - Rs66L,Mid Income,4112,4446,75,59.28,High
47,46 - 55,F,Less than $40K,<Rs33L,Low Income,1451,3866,72,53.69444444,High
49,46 - 55,F,Unknown,Unknown,Unknown,16424,4025,79,50.94936709,High
48,46 - 55,F,Less than $40K,<Rs33L,Low Income,2340,4751,83,57.24096386,High
47,46 - 55,F,Less than $40K,<Rs33L,Low Income,1926,4385,71,61.76056338,High
48,46 - 55,M,$40K - $60K,Rs33L - Rs50L,Low Income,2954,2433,29,83.89655172,High
36,36 - 45,F,$40K - $60K,Rs33L - Rs50L,Low Income,1848,2775,33,84.09090909,High
47,46 - 55,F,Unknown,Unknown,Unknown,1634,4397,72,61.06944444,High
49,46 - 55,F,Less than $40K,<Rs33L,Low Income,4328,3421,61,56.08196721,High
51,46 - 55,F,Less than $40K,<Rs33L,Low Income,2943,4554,75,60.72,High
54,46 - 55,F,Less than $40K,<Rs33L,Low Income,2611,4899,68,72.04411765,High
43,36 - 45,F,Less than $40K,<Rs33L,Low Income,2419,3888,63,61.71428571,High
49,46 - 55,F,$40K - $60K,Rs33L - Rs50L,Low Income,5481,3380,73,46.30136986,High
40,36 - 45,F,Less than $40K,<Rs33L,Low Income,2129,3655,70,52.21428571,High
40,36 - 45,M,$60K - $80K,Rs50L - Rs66L,Mid Income,9026,2229,37,60.24324324,High
48,46 - 55,M,$40K - $60K,Rs33L - Rs50L,Low Income,1761,4410,73,60.4109589,High
60,55+,M,Less than $40K,<Rs33L,Low Income,3316,1684,19,88.63157895,Medium
50,46 - 55,F,Unknown,Unknown,Unknown,1970,2493,44,56.65909091,High
46,46 - 55,F,Less than $40K,<Rs33L,Low Income,1438.3,4200,86,48.8372093,High
35,26 - 35,F,Unknown,Unknown,Unknown,2278,5101,76,67.11842105,High
65,55+,M,$40K - $60K,Rs33L - Rs50L,Low Income,13364,4548,54,84.22222222,High
52,46 - 55,M,$60K - $80K,Rs50L - Rs66L,Mid Income,2801,4926,90,54.73333333,High
44,36 - 45,M,Unknown,Unknown,Unknown,28292,3948,60,65.8,High
35,26 - 35,F,Less than $40K,<Rs33L,Low Income,2933,5089,71,71.67605634,High
45,36 - 45,M,$80K - $120K,Rs66L - Rs1Cr,Mid Income,21630,4584,84,54.57142857,High
56,55+,F,Less than $40K,<Rs33L,Low Income,3132,4412,73,60.43835616,High
50,46 - 55,F,$40K - $60K,Rs33L - Rs50L,Low Income,2961,4056,92,44.08695652,High
52,46 - 55,F,Unknown,Unknown,Unknown,4173,2554,47,54.34042553,High
37,36 - 45,F,Unknown,Unknown,Unknown,2458,4627,90,51.41111111,High
44,36 - 45,M,$60K - $80K,Rs50L - Rs66L,Mid Income,12229,4284,75,57.12,High
35,26 - 35,F,Less than $40K,<Rs33L,Low Income,2272,4614,75,61.52,High
42,36 - 45,M,$120K +,Rs1Cr +,High Income,6953,3700,80,46.25,High
48,46 - 55,F,$40K - $60K,Rs33L - Rs50L,Low Income,1792,4120,78,52.82051282,High
47,46 - 55,F,Less than $40K,<Rs33L,Low Income,2765,4990,80,62.375,High
43,36 - 45,F,Less than $40K,<Rs33L,Low Income,2895,2473,42,58.88095238,High
39,36 - 45,F,Less than $40K,<Rs33L,Low Income,6904,3485,84,41.48809524,High
39,36 - 45,M,$40K - $60K,Rs33L - Rs50L,Low Income,2220,2859,55,51.98181818,High
48,46 - 55,F,Less than $40K,<Rs33L,Low Income,1495,3878,63,61.55555556,High
42,36 - 45,F,Less than $40K,<Rs33L,Low Income,2541,4698,88,53.38636364,High
34,26 - 35,F,Unknown,Unknown,Unknown,7531,3833,71,53.98591549,High
47,46 - 55,F,Unknown,Unknown,Unknown,8644,4272,59,72.40677966,High
43,36 - 45,F,$40K - $60K,Rs33L - Rs50L,Low Income,1531,4152,77,53.92207792,High
50,46 - 55,F,Less than $40K,<Rs33L,Low Income,2884,4486,93,48.23655914,High
55,46 - 55,F,Unknown,Unknown,Unknown,10241,2513,47,53.46808511,High
50,46 - 55,F,$40K - $60K,Rs33L - Rs50L,Low Income,4182,4693,82,57.23170732,High
44,36 - 45,F,Less than $40K,<Rs33L,Low Income,3101,2512,37,67.89189189,High
54,46 - 55,F,Less than $40K,<Rs33L,Low Income,4542,4011,70,57.3,High
40,36 - 45,F,Less than $40K,<Rs33L,Low Income,3372,4209,72,58.45833333,High
40,36 - 45,M,$60K - $80K,Rs50L - Rs66L,Mid Income,3099,3622,75,48.29333333,High
41,36 - 45,F,Unknown,Unknown,Unknown,2416,4163,73,57.02739726,High
52,46 - 55,F,Less than $40K,<Rs33L,Low Income,5299,4509,79,57.07594937,High
41,36 - 45,F,Less than $40K,<Rs33L,Low Income,2138,4785,85,56.29411765,High
47,46 - 55,F,Less than $40K,<Rs33L,Low Income,1850,2613,41,63.73170732,High
53,46 - 55,F,$40K - $60K,Rs33L - Rs50L,Low Income,3585,4806,81,59.33333333,High
48,46 - 55,F,$40K - $60K,Rs33L - Rs50L,Low Income,2690,4567,81,56.38271605,High
62,55+,M,$80K - $120K,Rs66L - Rs1Cr,Mid Income,29100,5041,74,68.12162162,High
59,55+,M,$40K - $60K,Rs33L - Rs50L,Low Income,2699,2599,43,60.44186047,High
41,36 - 45,M,$80K - $120K,Rs66L - Rs1Cr,Mid Income,8376,4142,67,61.82089552,High
50,46 - 55,M,$40K - $60K,Rs33L - Rs50L,Low Income,13509,3702,64,57.84375,High
38,36 - 45,F,Less than $40K,<Rs33L,Low Income,2396,4593,74,62.06756757,High
50,46 - 55,M,$80K - $120K,Rs66L - Rs1Cr,Mid Income,18964,3835,78,49.16666667,High
40,36 - 45,F,Less than $40K,<Rs33L,Low Income,2114,4518,88,51.34090909,High
39,36 - 45,F,Less than $40K,<Rs33L,Low Income,1623,4423,65,68.04615385,High
40,36 - 45,F,Less than $40K,<Rs33L,Low Income,2579,4300,69,62.31884058,High
41,36 - 45,M,$60K - $80K,Rs50L - Rs66L,Mid Income,5045,2042,40,51.05,High
35,26 - 35,F,Less than $40K,<Rs33L,Low Income,2089,2707,51,53.07843137,High
48,46 - 55,F,$40K - $60K,Rs33L - Rs50L,Low Income,2866,4615,72,64.09722222,High
49,46 - 55,M,$80K - $120K,Rs66L - Rs1Cr,Mid Income,9738,4816,49,98.28571429,High
55,46 - 55,M,$60K - $80K,Rs50L - Rs66L,Mid Income,4370,4326,74,58.45945946,High
58,55+,M,$80K - $120K,Rs66L - Rs1Cr,Mid Income,3355,4578,84,54.5,High
43,36 - 45,F,$40K - $60K,Rs33L - Rs50L,Low Income,5070,4193,67,62.58208955,High
35,26 - 35,F,Less than $40K,<Rs33L,Low Income,2572,4315,85,50.76470588,High
40,36 - 45,F,Less than $40K,<Rs33L,Low Income,2016,4379,78,56.14102564,High
55,46 - 55,F,Less than $40K,<Rs33L,Low Income,3552,2665,36,74.02777778,High
43,36 - 45,F,Less than $40K,<Rs33L,Low Income,2325,2306,47,49.06382979,High
46,46 - 55,F,Less than $40K,<Rs33L,Low Income,2533,3197,50,63.94,High
48,46 - 55,F,$40K - $60K,Rs33L - Rs50L,Low Income,3871,5480,58,94.48275862,High
32,26 - 35,F,Less than $40K,<Rs33L,Low Income,3983,3098,46,67.34782609,High
61,55+,F,Unknown,Unknown,Unknown,2035,4802,85,56.49411765,High
53,46 - 55,F,Less than $40K,<Rs33L,Low Income,1773,4087,74,55.22972973,High
42,36 - 45,F,Less than $40K,<Rs33L,Low Income,2029,4014,86,46.6744186,High
45,36 - 45,M,$120K +,Rs1Cr +,High Income,15490,2429,50,48.58,High
56,55+,F,$40K - $60K,Rs33L - Rs50L,Low Income,2941,5000,87,57.47126437,High
42,36 - 45,F,Less than $40K,<Rs33L,Low Income,2314,4678,74,63.21621622,High
40,36 - 45,F,Less than $40K,<Rs33L,Low Income,4212,2725,41,66.46341463,High
57,55+,M,$80K - $120K,Rs66L - Rs1Cr,Mid Income,6248,4664,60,77.73333333,High
40,36 - 45,M,$40K - $60K,Rs33L - Rs50L,Low Income,2430,4344,75,57.92,High
48,46 - 55,M,$80K - $120K,Rs66L - Rs1Cr,Mid Income,5543,5266,79,66.65822785,High
42,36 - 45,F,$40K - $60K,Rs33L - Rs50L,Low Income,2470,4384,82,53.46341463,High
49,46 - 55,F,$40K - $60K,Rs33L - Rs50L,Low Income,3255,4045,62,65.24193548,High
44,36 - 45,F,$40K - $60K,Rs33L - Rs50L,Low Income,1691,2345,33,71.06060606,High
43,36 - 45,M,$60K - $80K,Rs50L - Rs66L,Mid Income,18229,2060,39,52.82051282,High
48,46 - 55,F,Unknown,Unknown,Unknown,2827,4583,72,63.65277778,High
43,36 - 45,F,Less than $40K,<Rs33L,Low Income,2351,4278,71,60.25352113,High
45,36 - 45,F,Less than $40K,<Rs33L,Low Income,4202,4385,78,56.21794872,High
40,36 - 45,F,Less than $40K,<Rs33L,Low Income,4712,4216,82,51.41463415,High
53,46 - 55,M,$80K - $120K,Rs66L - Rs1Cr,Mid Income,2611,2955,56,52.76785714,High
38,36 - 45,F,Less than $40K,<Rs33L,Low Income,3206,3852,65,59.26153846,High
39,36 - 45,F,Less than $40K,<Rs33L,Low Income,5245,3648,74,49.2972973,High
39,36 - 45,M,$60K - $80K,Rs50L - Rs66L,Mid Income,2583,4162,87,47.83908046,High
59,55+,F,Unknown,Unknown,Unknown,1438.3,4222,75,56.29333333,High
40,36 - 45,M,$120K +,Rs1Cr +,High Income,7464,4348,62,70.12903226,High
54,46 - 55,F,Unknown,Unknown,Unknown,4928,4767,90,52.96666667,High
46,46 - 55,F,Less than $40K,<Rs33L,Low Income,9863,3068,58,52.89655172,High
44,36 - 45,F,Less than $40K,<Rs33L,Low Income,5024,4908,73,67.23287671,High
44,36 - 45,F,Less than $40K,<Rs33L,Low Income,1438.3,4287,80,53.5875,High
44,36 - 45,F,$40K - $60K,Rs33L - Rs50L,Low Income,1452,2287,42,54.45238095,High
50,46 - 55,F,Unknown,Unknown,Unknown,3317,4264,75,56.85333333,High
39,36 - 45,F,Less than $40K,<Rs33L,Low Income,1438.3,2336,46,50.7826087,High
37,36 - 45,F,Less than $40K,<Rs33L,Low Income,2448,4087,81,50.45679012,High
49,46 - 55,F,Less than $40K,<Rs33L,Low Income,1546,4496,83,54.1686747,High
36,36 - 45,F,$40K - $60K,Rs33L - Rs50L,Low Income,2013,2425,50,48.5,High
53,46 - 55,F,$40K - $60K,Rs33L - Rs50L,Low Income,2293,4436,74,59.94594595,High
52,46 - 55,M,$60K - $80K,Rs50L - Rs66L,Mid Income,1438.3,4791,82,58.42682927,High
53,46 - 55,F,Less than $40K,<Rs33L,Low Income,2819,2128,39,54.56410256,High
37,36 - 45,M,$60K - $80K,Rs50L - Rs66L,Mid Income,1702,4301,86,50.01162791,High
52,46 - 55,F,$40K - $60K,Rs33L - Rs50L,Low Income,1611,4087,86,47.52325581,High
49,46 - 55,F,$40K - $60K,Rs33L - Rs50L,Low Income,1438.3,4348,79,55.03797468,High
39,36 - 45,F,Less than $40K,<Rs33L,Low Income,2863,4985,90,55.38888889,High
39,36 - 45,F,$40K - $60K,Rs33L - Rs50L,Low Income,3272,4763,86,55.38372093,High
42,36 - 45,F,Less than $40K,<Rs33L,Low Income,2677,3911,76,51.46052632,High
40,36 - 45,F,Less than $40K,<Rs33L,Low Income,2708,4277,90,47.52222222,High
41,36 - 45,F,Less than $40K,<Rs33L,Low Income,1738,4220,68,62.05882353,High
46,46 - 55,F,$40K - $60K,Rs33L - Rs50L,Low Income,6145,4893,93,52.61290323,High
45,36 - 45,F,Less than $40K,<Rs33L,Low Income,1640,4597,77,59.7012987,High
38,36 - 45,F,Unknown,Unknown,Unknown,2348,5125,71,72.18309859,High
53,46 - 55,F,Less than $40K,<Rs33L,Low Income,1657,4068,73,55.7260274,High
37,36 - 45,F,Unknown,Unknown,Unknown,4554,4816,81,59.45679012,High
52,46 - 55,M,$120K +,Rs1Cr +,High Income,5119,5146,88,58.47727273,High
39,36 - 45,F,Unknown,Unknown,Unknown,10600,4586,81,56.61728395,High
49,46 - 55,M,$80K - $120K,Rs66L - Rs1Cr,Mid Income,20769,1835,43,42.6744186,Medium
50,46 - 55,M,$120K +,Rs1Cr +,High Income,7116,4748,85,55.85882353,High
51,46 - 55,F,Unknown,Unknown,Unknown,2420,4348,86,50.55813953,High
54,46 - 55,F,Less than $40K,<Rs33L,Low Income,2082,4383,75,58.44,High
44,36 - 45,F,Less than $40K,<Rs33L,Low Income,2718,4423,68,65.04411765,High
50,46 - 55,M,$60K - $80K,Rs50L - Rs66L,Mid Income,5626,4957,84,59.01190476,High
49,46 - 55,F,$40K - $60K,Rs33L - Rs50L,Low Income,2920,2306,39,59.12820513,High
59,55+,M,$80K - $120K,Rs66L - Rs1Cr,Mid Income,6526,2331,45,51.8,High
37,36 - 45,F,$40K - $60K,Rs33L - Rs50L,Low Income,1793,2374,40,59.35,High
47,46 - 55,F,Less than $40K,<Rs33L,Low Income,2798,4255,64,66.484375,High
52,46 - 55,F,Less than $40K,<Rs33L,Low Income,2427,3857,69,55.89855072,High
55,46 - 55,F,$40K - $60K,Rs33L - Rs50L,Low Income,3011,4439,75,59.18666667,High
41,36 - 45,F,Unknown,Unknown,Unknown,2255,4717,83,56.8313253,High
40,36 - 45,F,Unknown,Unknown,Unknown,6479,2539,42,60.45238095,High
41,36 - 45,F,Less than $40K,<Rs33L,Low Income,7492,3668,67,54.74626866,High
48,46 - 55,F,Less than $40K,<Rs33L,Low Income,3632,4339,86,50.45348837,High
38,36 - 45,F,Less than $40K,<Rs33L,Low Income,1744,4811,86,55.94186047,High
52,46 - 55,F,Unknown,Unknown,Unknown,5905,4042,80,50.525,High
37,36 - 45,F,$40K - $60K,Rs33L - Rs50L,Low Income,2573,4289,81,52.95061728,High
45,36 - 45,M,$80K - $120K,Rs66L - Rs1Cr,Mid Income,9654,4221,67,63,High
41,36 - 45,M,$40K - $60K,Rs33L - Rs50L,Low Income,1605,4418,68,64.97058824,High
49,46 - 55,F,Less than $40K,<Rs33L,Low Income,10195,1563,36,43.41666667,Medium
49,46 - 55,M,$60K - $80K,Rs50L - Rs66L,Mid Income,34516,3847,73,52.69863014,High
43,36 - 45,M,$60K - $80K,Rs50L - Rs66L,Mid Income,10573,2237,43,52.02325581,High
47,46 - 55,F,Less than $40K,<Rs33L,Low Income,1789,4191,90,46.56666667,High
26,26 - 35,F,Unknown,Unknown,Unknown,7595,4080,72,56.66666667,High
51,46 - 55,M,$40K - $60K,Rs33L - Rs50L,Low Income,3272,4220,74,57.02702703,High
33,26 - 35,F,Less than $40K,<Rs33L,Low Income,2382,4011,68,58.98529412,High
52,46 - 55,M,$80K - $120K,Rs66L - Rs1Cr,Mid Income,1981,4639,61,76.04918033,High
51,46 - 55,M,$120K +,Rs1Cr +,High Income,22294,3444,71,48.50704225,High
49,46 - 55,F,Less than $40K,<Rs33L,Low Income,2574,4134,62,66.67741935,High
30,26 - 35,F,Less than $40K,<Rs33L,Low Income,2112,4729,78,60.62820513,High
65,55+,F,Less than $40K,<Rs33L,Low Income,5441,4480,76,58.94736842,High
43,36 - 45,F,$40K - $60K,Rs33L - Rs50L,Low Income,4391,4741,78,60.78205128,High
42,36 - 45,F,Less than $40K,<Rs33L,Low Income,3044,4854,85,57.10588235,High
57,55+,M,$40K - $60K,Rs33L - Rs50L,Low Income,2721,4578,81,56.51851852,High
62,55+,F,$40K - $60K,Rs33L - Rs50L,Low Income,4467,4007,74,54.14864865,High
48,46 - 55,M,$80K - $120K,Rs66L - Rs1Cr,Mid Income,5033,4054,82,49.43902439,High
61,55+,F,Less than $40K,<Rs33L,Low Income,8604,4705,65,72.38461538,High
43,36 - 45,F,Less than $40K,<Rs33L,Low Income,2325,4471,83,53.86746988,High
60,55+,F,Less than $40K,<Rs33L,Low Income,2758,5124,74,69.24324324,High
45,36 - 45,M,$80K - $120K,Rs66L - Rs1Cr,Mid Income,9705,2001,34,58.85294118,High
41,36 - 45,F,Less than $40K,<Rs33L,Low Income,2685,4625,94,49.20212766,High
60,55+,F,Less than $40K,<Rs33L,Low Income,2694,3837,71,54.04225352,High
40,36 - 45,F,$40K - $60K,Rs33L - Rs50L,Low Income,1554,2341,43,54.44186047,High
63,55+,F,Less than $40K,<Rs33L,Low Income,1438.3,3383,61,55.45901639,High
42,36 - 45,F,$40K - $60K,Rs33L - Rs50L,Low Income,1786,4306,73,58.98630137,High
48,46 - 55,M,$60K - $80K,Rs50L - Rs66L,Mid Income,2648,3880,74,52.43243243,High
44,36 - 45,M,$40K - $60K,Rs33L - Rs50L,Low Income,2477,4349,69,63.02898551,High
51,46 - 55,F,Unknown,Unknown,Unknown,7336,3812,67,56.89552239,High
42,36 - 45,M,$80K - $120K,Rs66L - Rs1Cr,Mid Income,34516,3748,62,60.4516129,High
46,46 - 55,F,Less than $40K,<Rs33L,Low Income,2479,4562,86,53.04651163,High
42,36 - 45,F,Unknown,Unknown,Unknown,9396,4301,71,60.57746479,High
44,36 - 45,F,Less than $40K,<Rs33L,Low Income,2561,4869,70,69.55714286,High
43,36 - 45,F,Less than $40K,<Rs33L,Low Income,4020,1952,39,50.05128205,Medium
43,36 - 45,M,$60K - $80K,Rs50L - Rs66L,Mid Income,25856,3303,70,47.18571429,High
50,46 - 55,F,Less than $40K,<Rs33L,Low Income,7398,4311,73,59.05479452,High
51,46 - 55,M,$80K - $120K,Rs66L - Rs1Cr,Mid Income,34516,4544,80,56.8,High
52,46 - 55,F,Unknown,Unknown,Unknown,4058,4388,72,60.94444444,High
51,46 - 55,F,Less than $40K,<Rs33L,Low Income,3042,4781,79,60.51898734,High
60,55+,F,Less than $40K,<Rs33L,Low Income,2688,4183,71,58.91549296,High
38,36 - 45,F,Unknown,Unknown,Unknown,3388,1959,52,37.67307692,Medium
43,36 - 45,F,$40K - $60K,Rs33L - Rs50L,Low Income,4902,4508,69,65.33333333,High
45,36 - 45,F,Unknown,Unknown,Unknown,3241,4992,80,62.4,High
48,46 - 55,F,$40K - $60K,Rs33L - Rs50L,Low Income,5069,4055,66,61.43939394,High
43,36 - 45,M,$80K - $120K,Rs66L - Rs1Cr,Mid Income,13625,3902,62,62.93548387,High
46,46 - 55,M,$60K - $80K,Rs50L - Rs66L,Mid Income,8766,2263,35,64.65714286,High
50,46 - 55,M,$40K - $60K,Rs33L - Rs50L,Low Income,2800,4869,90,54.1,High
34,26 - 35,F,Unknown,Unknown,Unknown,9005,5223,89,58.68539326,High
56,55+,M,$60K - $80K,Rs50L - Rs66L,Mid Income,2713,4027,67,60.10447761,High
53,46 - 55,F,Less than $40K,<Rs33L,Low Income,1438.3,1935,47,41.17021277,Medium
47,46 - 55,F,$40K - $60K,Rs33L - Rs50L,Low Income,1746,4543,75,60.57333333,High
49,46 - 55,M,$80K - $120K,Rs66L - Rs1Cr,Mid Income,2930,4041,75,53.88,High
47,46 - 55,F,Less than $40K,<Rs33L,Low Income,2178,5363,76,70.56578947,High
35,26 - 35,F,Unknown,Unknown,Unknown,1438.3,3995,82,48.7195122,High
42,36 - 45,F,Less than $40K,<Rs33L,Low Income,2021,4642,97,47.8556701,High
52,46 - 55,F,Less than $40K,<Rs33L,Low Income,1842,2650,43,61.62790698,High
49,46 - 55,M,$120K +,Rs1Cr +,High Income,18284,4846,92,52.67391304,High
41,36 - 45,M,$80K - $120K,Rs66L - Rs1Cr,Mid Income,34516,4161,71,58.6056338,High
42,36 - 45,F,Less than $40K,<Rs33L,Low Income,1696,4397,70,62.81428571,High
52,46 - 55,M,$60K - $80K,Rs50L - Rs66L,Mid Income,7215,4409,75,58.78666667,High
52,46 - 55,F,Less than $40K,<Rs33L,Low Income,1793,3989,62,64.33870968,High
52,46 - 55,F,$40K - $60K,Rs33L - Rs50L,Low Income,5731,4751,85,55.89411765,High
44,36 - 45,F,Less than $40K,<Rs33L,Low Income,2417,1848,38,48.63157895,Medium
48,46 - 55,F,$40K - $60K,Rs33L - Rs50L,Low Income,1438.3,5035,76,66.25,High
51,46 - 55,M,$60K - $80K,Rs50L - Rs66L,Mid Income,21800,3820,62,61.61290323,High
53,46 - 55,F,Less than $40K,<Rs33L,Low Income,1547,2312,43,53.76744186,High
46,46 - 55,F,Less than $40K,<Rs33L,Low Income,1485,4198,65,64.58461538,High
44,36 - 45,M,$40K - $60K,Rs33L - Rs50L,Low Income,2505,4333,77,56.27272727,High
49,46 - 55,F,$40K - $60K,Rs33L - Rs50L,Low Income,2631,4691,92,50.98913043,High
48,46 - 55,F,Less than $40K,<Rs33L,Low Income,2700,2396,49,48.89795918,High
48,46 - 55,M,$60K - $80K,Rs50L - Rs66L,Mid Income,3307,4006,68,58.91176471,High
38,36 - 45,F,Unknown,Unknown,Unknown,29638,3429,78,43.96153846,High
34,26 - 35,F,Less than $40K,<Rs33L,Low Income,2066,2157,37,58.2972973,High
46,46 - 55,F,Less than $40K,<Rs33L,Low Income,1859,4260,72,59.16666667,High
45,36 - 45,M,$60K - $80K,Rs50L - Rs66L,Mid Income,13362,4155,79,52.59493671,High
33,26 - 35,F,Less than $40K,<Rs33L,Low Income,2431,4327,74,58.47297297,High
43,36 - 45,F,$40K - $60K,Rs33L - Rs50L,Low Income,6034,4712,67,70.32835821,High
61,55+,F,Less than $40K,<Rs33L,Low Income,2194,4069,80,50.8625,High
47,46 - 55,F,$40K - $60K,Rs33L - Rs50L,Low Income,1963,3492,59,59.18644068,High
41,36 - 45,F,Unknown,Unknown,Unknown,1438.3,2534,52,48.73076923,High
45,36 - 45,F,Less than $40K,<Rs33L,Low Income,2922,3895,70,55.64285714,High
50,46 - 55,M,$40K - $60K,Rs33L - Rs50L,Low Income,6943,4946,80,61.825,High
57,55+,M,$120K +,Rs1Cr +,High Income,34516,1882,48,39.20833333,Medium
45,36 - 45,F,Unknown,Unknown,Unknown,4345,1918,31,61.87096774,Medium
50,46 - 55,F,Less than $40K,<Rs33L,Low Income,4248,2271,36,63.08333333,High
51,46 - 55,F,Less than $40K,<Rs33L,Low Income,1438.3,4211,64,65.796875,High
53,46 - 55,F,Less than $40K,<Rs33L,Low Income,2383,4917,78,63.03846154,High
55,46 - 55,F,Less than $40K,<Rs33L,Low Income,1677,4588,68,67.47058824,High
40,36 - 45,F,Unknown,Unknown,Unknown,2392,4309,86,50.10465116,High
52,46 - 55,F,Less than $40K,<Rs33L,Low Income,3474,2675,37,72.2972973,High
48,46 - 55,M,$60K - $80K,Rs50L - Rs66L,Mid Income,8737,3876,55,70.47272727,High
44,36 - 45,F,Unknown,Unknown,Unknown,3517,2403,48,50.0625,High
60,55+,F,Unknown,Unknown,Unknown,13397,5049,75,67.32,High
65,55+,F,Less than $40K,<Rs33L,Low Income,6352,3709,77,48.16883117,High
46,46 - 55,F,Less than $40K,<Rs33L,Low Income,1787,4084,79,51.69620253,High
62,55+,M,$60K - $80K,Rs50L - Rs66L,Mid Income,18734,2112,52,40.61538462,High
47,46 - 55,F,Less than $40K,<Rs33L,Low Income,1438.3,3832,87,44.04597701,High
50,46 - 55,M,$40K - $60K,Rs33L - Rs50L,Low Income,3525,4742,62,76.48387097,High
43,36 - 45,M,$60K - $80K,Rs50L - Rs66L,Mid Income,2067,4565,65,70.23076923,High
45,36 - 45,F,Less than $40K,<Rs33L,Low Income,2051,4355,87,50.05747126,High
46,46 - 55,M,$120K +,Rs1Cr +,High Income,27378,3934,78,50.43589744,High
38,36 - 45,F,Less than $40K,<Rs33L,Low Income,1614,2437,46,52.97826087,High
49,46 - 55,M,Less than $40K,<Rs33L,Low Income,7862,3645,82,44.45121951,High
47,46 - 55,M,$60K - $80K,Rs50L - Rs66L,Mid Income,4284,4948,85,58.21176471,High
47,46 - 55,F,Less than $40K,<Rs33L,Low Income,1438.3,2393,36,66.47222222,High
55,46 - 55,F,Less than $40K,<Rs33L,Low Income,1438.3,4573,93,49.17204301,High
62,55+,M,$60K - $80K,Rs50L - Rs66L,Mid Income,21805,4694,79,59.41772152,High
55,46 - 55,M,$60K - $80K,Rs50L - Rs66L,Mid Income,4712,4277,66,64.8030303,High
33,26 - 35,M,$60K - $80K,Rs50L - Rs66L,Mid Income,1698,2448,40,61.2,High
41,36 - 45,F,$40K - $60K,Rs33L - Rs50L,Low Income,2264,4150,83,50,High
54,46 - 55,F,Less than $40K,<Rs33L,Low Income,2720,5103,81,63,High
55,46 - 55,M,$120K +,Rs1Cr +,High Income,15631,4313,67,64.37313433,High
43,36 - 45,F,$40K - $60K,Rs33L - Rs50L,Low Income,2594,4503,67,67.20895522,High
52,46 - 55,M,$80K - $120K,Rs66L - Rs1Cr,Mid Income,15011,1821,36,50.58333333,Medium
47,46 - 55,F,Less than $40K,<Rs33L,Low Income,1548,4420,71,62.25352113,High
52,46 - 55,F,Less than $40K,<Rs33L,Low Income,2700,4171,78,53.47435897,High
45,36 - 45,F,$40K - $60K,Rs33L - Rs50L,Low Income,2919,4194,72,58.25,High
50,46 - 55,F,Unknown,Unknown,Unknown,10721,4962,74,67.05405405,High
44,36 - 45,M,$40K - $60K,Rs33L - Rs50L,Low Income,6125,5481,68,80.60294118,High
42,36 - 45,F,Less than $40K,<Rs33L,Low Income,3200,5026,79,63.62025316,High
53,46 - 55,F,Unknown,Unknown,Unknown,12286,4960,83,59.75903614,High
51,46 - 55,M,$80K - $120K,Rs66L - Rs1Cr,Mid Income,21543,3928,82,47.90243902,High
52,46 - 55,M,$120K +,Rs1Cr +,High Income,6355,4009,74,54.17567568,High
52,46 - 55,F,Less than $40K,<Rs33L,Low Income,5616,3410,62,55,High
50,46 - 55,F,$40K - $60K,Rs33L - Rs50L,Low Income,2661,4615,82,56.2804878,High
38,36 - 45,M,$60K - $80K,Rs50L - Rs66L,Mid Income,2836,4121,83,49.65060241,High
50,46 - 55,F,$40K - $60K,Rs33L - Rs50L,Low Income,1438.3,4670,82,56.95121951,High
51,46 - 55,F,Unknown,Unknown,Unknown,2109,4321,58,74.5,High
48,46 - 55,M,$60K - $80K,Rs50L - Rs66L,Mid Income,14951,3899,68,57.33823529,High
47,46 - 55,M,$60K - $80K,Rs50L - Rs66L,Mid Income,1591,3698,79,46.81012658,High
51,46 - 55,F,Unknown,Unknown,Unknown,8930,2167,38,57.02631579,High
36,36 - 45,F,Unknown,Unknown,Unknown,4685,4560,81,56.2962963,High
45,36 - 45,F,Unknown,Unknown,Unknown,2555,4888,78,62.66666667,High
53,46 - 55,F,Less than $40K,<Rs33L,Low Income,2172,4657,82,56.79268293,High
54,46 - 55,F,Unknown,Unknown,Unknown,2912,2465,54,45.64814815,High
53,46 - 55,F,Less than $40K,<Rs33L,Low Income,3390,4585,78,58.78205128,High
47,46 - 55,F,Less than $40K,<Rs33L,Low Income,2193,4755,81,58.7037037,High
51,46 - 55,F,Unknown,Unknown,Unknown,17412,4997,84,59.48809524,High
40,36 - 45,F,Less than $40K,<Rs33L,Low Income,2801,4568,83,55.03614458,High
43,36 - 45,M,$60K - $80K,Rs50L - Rs66L,Mid Income,11186,3692,84,43.95238095,High
50,46 - 55,F,Less than $40K,<Rs33L,Low Income,2434,4498,76,59.18421053,High
53,46 - 55,F,Unknown,Unknown,Unknown,1790,2128,40,53.2,High
59,55+,F,Less than $40K,<Rs33L,Low Income,2716,4208,69,60.98550725,High
49,46 - 55,F,Unknown,Unknown,Unknown,2874,4617,89,51.87640449,High
47,46 - 55,F,$40K - $60K,Rs33L - Rs50L,Low Income,1438.3,2276,40,56.9,High
56,55+,M,$60K - $80K,Rs50L - Rs66L,Mid Income,18776,4464,75,59.52,High
48,46 - 55,F,Unknown,Unknown,Unknown,1438.3,4916,78,63.02564103,High
55,46 - 55,M,$80K - $120K,Rs66L - Rs1Cr,Mid Income,19793,2186,44,49.68181818,High
34,26 - 35,F,$40K - $60K,Rs33L - Rs50L,Low Income,2472,4408,86,51.25581395,High
58,55+,F,Unknown,Unknown,Unknown,12362,4537,72,63.01388889,High
39,36 - 45,F,$40K - $60K,Rs33L - Rs50L,Low Income,1438.3,4983,53,94.01886792,High
47,46 - 55,F,Less than $40K,<Rs33L,Low Income,3189,4805,76,63.22368421,High
47,46 - 55,F,Less than $40K,<Rs33L,Low Income,2092,5124,70,73.2,High
37,36 - 45,F,$40K - $60K,Rs33L - Rs50L,Low Income,2946,5259,89,59.08988764,High
41,36 - 45,F,$40K - $60K,Rs33L - Rs50L,Low Income,2430,4334,71,61.04225352,High
50,46 - 55,F,Less than $40K,<Rs33L,Low Income,4143,3940,74,53.24324324,High
46,46 - 55,F,Unknown,Unknown,Unknown,2197,1955,42,46.54761905,Medium
53,46 - 55,F,Unknown,Unknown,Unknown,9314,3696,80,46.2,High
53,46 - 55,F,Less than $40K,<Rs33L,Low Income,3719,2587,43,60.1627907,High
59,55+,F,Unknown,Unknown,Unknown,6996,2384,33,72.24242424,High
63,55+,M,Unknown,Unknown,Unknown,7306,2445,43,56.86046512,High
41,36 - 45,F,Less than $40K,<Rs33L,Low Income,2029,3142,37,84.91891892,High
51,46 - 55,F,Less than $40K,<Rs33L,Low Income,13199,1927,44,43.79545455,Medium
38,36 - 45,F,Less than $40K,<Rs33L,Low Income,3304,5178,79,65.5443038,High
40,36 - 45,F,Less than $40K,<Rs33L,Low Income,3125,4372,68,64.29411765,High
51,46 - 55,F,Less than $40K,<Rs33L,Low Income,1438.3,4263,84,50.75,High
41,36 - 45,M,$80K - $120K,Rs66L - Rs1Cr,Mid Income,2491,1911,35,54.6,Medium
58,55+,F,Less than $40K,<Rs33L,Low Income,1977,2341,37,63.27027027,High
33,26 - 35,F,Less than $40K,<Rs33L,Low Income,1806,2833,43,65.88372093,High
38,36 - 45,F,Less than $40K,<Rs33L,Low Income,1938,4606,75,61.41333333,High
42,36 - 45,F,Less than $40K,<Rs33L,Low Income,3188,4606,83,55.4939759,High
44,36 - 45,F,Less than $40K,<Rs33L,Low Income,2288,4396,68,64.64705882,High
44,36 - 45,F,Less than $40K,<Rs33L,Low Income,1780,4268,87,49.05747126,High
47,46 - 55,F,Unknown,Unknown,Unknown,2373,4228,63,67.11111111,High
41,36 - 45,M,$80K - $120K,Rs66L - Rs1Cr,Mid Income,23250,2205,43,51.27906977,High
47,46 - 55,M,$120K +,Rs1Cr +,High Income,34516,2020,33,61.21212121,High
48,46 - 55,M,$80K - $120K,Rs66L - Rs1Cr,Mid Income,12882,4407,84,52.46428571,High
54,46 - 55,M,$60K - $80K,Rs50L - Rs66L,Mid Income,6348,4135,71,58.23943662,High
59,55+,F,Less than $40K,<Rs33L,Low Income,2621,4955,78,63.52564103,High
33,26 - 35,F,$40K - $60K,Rs33L - Rs50L,Low Income,1843,2077,61,34.04918033,High
44,36 - 45,F,Less than $40K,<Rs33L,Low Income,3228,4524,70,64.62857143,High
43,36 - 45,F,$40K - $60K,Rs33L - Rs50L,Low Income,2303,4469,80,55.8625,High
42,36 - 45,M,$80K - $120K,Rs66L - Rs1Cr,Mid Income,29195,4411,67,65.8358209,High
41,36 - 45,F,$40K - $60K,Rs33L - Rs50L,Low Income,2990,2265,41,55.24390244,High
55,46 - 55,F,$40K - $60K,Rs33L - Rs50L,Low Income,2873,4563,72,63.375,High
50,46 - 55,M,$80K - $120K,Rs66L - Rs1Cr,Mid Income,28253,4525,67,67.53731343,High
53,46 - 55,F,Unknown,Unknown,Unknown,1882,5221,87,60.01149425,High
33,26 - 35,M,$80K - $120K,Rs66L - Rs1Cr,Mid Income,1630,4426,91,48.63736264,High
51,46 - 55,M,$80K - $120K,Rs66L - Rs1Cr,Mid Income,4546,3739,53,70.54716981,High
58,55+,F,Unknown,Unknown,Unknown,2395,4983,84,59.32142857,High
45,36 - 45,M,$80K - $120K,Rs66L - Rs1Cr,Mid Income,3845,2174,39,55.74358974,High
56,55+,F,Less than $40K,<Rs33L,Low Income,2836,4192,90,46.57777778,High
44,36 - 45,F,Less than $40K,<Rs33L,Low Income,1506,2312,44,52.54545455,High
48,46 - 55,F,Less than $40K,<Rs33L,Low Income,1605,4495,67,67.08955224,High
53,46 - 55,M,$80K - $120K,Rs66L - Rs1Cr,Mid Income,11778,2147,44,48.79545455,High
55,46 - 55,F,Less than $40K,<Rs33L,Low Income,2747,5032,84,59.9047619,High
49,46 - 55,M,$60K - $80K,Rs50L - Rs66L,Mid Income,2501,4837,87,55.59770115,High
64,55+,M,Less than $40K,<Rs33L,Low Income,2563,3942,84,46.92857143,High
47,46 - 55,M,$60K - $80K,Rs50L - Rs66L,Mid Income,1659,1920,39,49.23076923,Medium
56,55+,F,Unknown,Unknown,Unknown,3068,4611,73,63.16438356,High
60,55+,F,Less than $40K,<Rs33L,Low Income,3426,4467,69,64.73913043,High
59,55+,F,Less than $40K,<Rs33L,Low Income,3214,2720,53,51.32075472,High
50,46 - 55,M,$80K - $120K,Rs66L - Rs1Cr,Mid Income,12906,2078,62,33.51612903,High
59,55+,F,Unknown,Unknown,Unknown,8708,2508,49,51.18367347,High
52,46 - 55,M,$80K - $120K,Rs66L - Rs1Cr,Mid Income,7904,2094,32,65.4375,High
48,46 - 55,F,Unknown,Unknown,Unknown,4549,4782,88,54.34090909,High
46,46 - 55,F,Less than $40K,<Rs33L,Low Income,1438.3,2445,39,62.69230769,High
49,46 - 55,F,Less than $40K,<Rs33L,Low Income,4476,4603,87,52.90804598,High
44,36 - 45,F,Unknown,Unknown,Unknown,2002,3406,62,54.93548387,High
40,36 - 45,M,$80K - $120K,Rs66L - Rs1Cr,Mid Income,11502,4786,85,56.30588235,High
44,36 - 45,M,$120K +,Rs1Cr +,High Income,7924,2393,37,64.67567568,High
39,36 - 45,M,$120K +,Rs1Cr +,High Income,16199,4254,82,51.87804878,High
43,36 - 45,M,$80K - $120K,Rs66L - Rs1Cr,Mid Income,1452,4571,72,63.48611111,High
37,36 - 45,F,Unknown,Unknown,Unknown,2179,2568,48,53.5,High
35,26 - 35,M,$80K - $120K,Rs66L - Rs1Cr,Mid Income,13590,2137,52,41.09615385,High
31,26 - 35,F,Less than $40K,<Rs33L,Low Income,1695,2428,43,56.46511628,High
53,46 - 55,F,Less than $40K,<Rs33L,Low Income,4430,4833,82,58.93902439,High
49,46 - 55,F,Less than $40K,<Rs33L,Low Income,2919,4937,75,65.82666667,High
49,46 - 55,F,Less than $40K,<Rs33L,Low Income,2796,4869,78,62.42307692,High
41,36 - 45,F,Less than $40K,<Rs33L,Low Income,2580,2981,40,74.525,High
43,36 - 45,M,$60K - $80K,Rs50L - Rs66L,Mid Income,2834,4581,70,65.44285714,High
44,36 - 45,F,Less than $40K,<Rs33L,Low Income,2617,4400,60,73.33333333,High
48,46 - 55,F,Less than $40K,<Rs33L,Low Income,1522,5005,77,65,High
41,36 - 45,M,$40K - $60K,Rs33L - Rs50L,Low Income,16509,1740,43,40.46511628,Medium
40,36 - 45,M,$40K - $60K,Rs33L - Rs50L,Low Income,7316,1849,50,36.98,Medium
44,36 - 45,F,Unknown,Unknown,Unknown,7627,4349,75,57.98666667,High
44,36 - 45,M,$40K - $60K,Rs33L - Rs50L,Low Income,9465,3675,59,62.28813559,High
48,46 - 55,M,Less than $40K,<Rs33L,Low Income,8795,4681,74,63.25675676,High
40,36 - 45,M,$60K - $80K,Rs50L - Rs66L,Mid Income,12283,1993,41,48.6097561,Medium
34,26 - 35,F,Less than $40K,<Rs33L,Low Income,2715,4177,68,61.42647059,High
44,36 - 45,F,Unknown,Unknown,Unknown,19897,3979,63,63.15873016,High
44,36 - 45,F,Less than $40K,<Rs33L,Low Income,2097,5059,79,64.03797468,High
41,36 - 45,F,Less than $40K,<Rs33L,Low Income,3028,4727,78,60.6025641,High
34,26 - 35,F,Less than $40K,<Rs33L,Low Income,1695,4905,91,53.9010989,High
41,36 - 45,F,Less than $40K,<Rs33L,Low Income,1438.3,1813,51,35.54901961,Medium
37,36 - 45,F,Less than $40K,<Rs33L,Low Income,1438.3,5136,76,67.57894737,High
55,46 - 55,M,$120K +,Rs1Cr +,High Income,24250,2153,41,52.51219512,High
49,46 - 55,F,Unknown,Unknown,Unknown,5076,4115,72,57.15277778,High
40,36 - 45,F,Unknown,Unknown,Unknown,4438,3895,75,51.93333333,High
36,36 - 45,F,Less than $40K,<Rs33L,Low Income,1964,4240,60,70.66666667,High
53,46 - 55,F,Less than $40K,<Rs33L,Low Income,1904,4798,85,56.44705882,High
46,46 - 55,F,$40K - $60K,Rs33L - Rs50L,Low Income,2933,4956,92,53.86956522,High
55,46 - 55,F,Unknown,Unknown,Unknown,18202,3551,68,52.22058824,High
47,46 - 55,M,$80K - $120K,Rs66L - Rs1Cr,Mid Income,34516,3756,67,56.05970149,High
52,46 - 55,F,Less than $40K,<Rs33L,Low Income,2421,4219,69,61.14492754,High
44,36 - 45,F,Less than $40K,<Rs33L,Low Income,2406,4625,91,50.82417582,High
51,46 - 55,F,$40K - $60K,Rs33L - Rs50L,Low Income,2621,4885,74,66.01351351,High
34,26 - 35,F,Less than $40K,<Rs33L,Low Income,2291,5409,82,65.96341463,High
46,46 - 55,F,$40K - $60K,Rs33L - Rs50L,Low Income,3645,4680,87,53.79310345,High
37,36 - 45,F,$40K - $60K,Rs33L - Rs50L,Low Income,3375,4341,64,67.828125,High
47,46 - 55,M,$120K +,Rs1Cr +,High Income,8856,5072,77,65.87012987,High
36,36 - 45,F,Less than $40K,<Rs33L,Low Income,2980,4132,70,59.02857143,High
47,46 - 55,M,$60K - $80K,Rs50L - Rs66L,Mid Income,17656,4633,71,65.25352113,High
57,55+,F,Less than $40K,<Rs33L,Low Income,2475,2574,43,59.86046512,High
46,46 - 55,F,Less than $40K,<Rs33L,Low Income,3942,4622,71,65.09859155,High
57,55+,F,Less than $40K,<Rs33L,Low Income,1771,4813,84,57.29761905,High
45,36 - 45,F,Unknown,Unknown,Unknown,17678,2566,49,52.36734694,High
50,46 - 55,M,$120K +,Rs1Cr +,High Income,20958,4425,78,56.73076923,High
53,46 - 55,F,Less than $40K,<Rs33L,Low Income,4117,5218,88,59.29545455,High
43,36 - 45,F,$40K - $60K,Rs33L - Rs50L,Low Income,18524,4496,64,70.25,High
36,36 - 45,M,Less than $40K,<Rs33L,Low Income,2222,4095,88,46.53409091,High
56,55+,F,Less than $40K,<Rs33L,Low Income,3119,4168,63,66.15873016,High
46,46 - 55,M,$40K - $60K,Rs33L - Rs50L,Low Income,1611,4444,78,56.97435897,High
53,46 - 55,F,Less than $40K,<Rs33L,Low Income,4090,2016,49,41.14285714,High
55,46 - 55,M,$60K - $80K,Rs50L - Rs66L,Mid Income,1467,4226,74,57.10810811,High
52,46 - 55,F,$40K - $60K,Rs33L - Rs50L,Low Income,2442,4535,85,53.35294118,High
53,46 - 55,F,$40K - $60K,Rs33L - Rs50L,Low Income,1816,2474,44,56.22727273,High
40,36 - 45,F,Less than $40K,<Rs33L,Low Income,1438.3,4332,78,55.53846154,High
42,36 - 45,M,$60K - $80K,Rs50L - Rs66L,Mid Income,14958,4038,68,59.38235294,High
43,36 - 45,F,Unknown,Unknown,Unknown,21961,2237,39,57.35897436,High
40,36 - 45,F,Less than $40K,<Rs33L,Low Income,1625,3968,73,54.35616438,High
49,46 - 55,F,Less than $40K,<Rs33L,Low Income,3007,4423,67,66.01492537,High
47,46 - 55,M,$120K +,Rs1Cr +,High Income,11629,3752,78,48.1025641,High
42,36 - 45,F,Less than $40K,<Rs33L,Low Income,1507,2528,41,61.65853659,High
45,36 - 45,F,Unknown,Unknown,Unknown,3111,4478,56,79.96428571,High
60,55+,M,$40K - $60K,Rs33L - Rs50L,Low Income,1848,4757,75,63.42666667,High
44,36 - 45,F,$40K - $60K,Rs33L - Rs50L,Low Income,4142,2104,44,47.81818182,High
46,46 - 55,M,$80K - $120K,Rs66L - Rs1Cr,Mid Income,1438.3,4461,71,62.83098592,High
45,36 - 45,F,Less than $40K,<Rs33L,Low Income,2202,4531,77,58.84415584,High
42,36 - 45,M,$60K - $80K,Rs50L - Rs66L,Mid Income,3591,5079,80,63.4875,High
49,46 - 55,M,$120K +,Rs1Cr +,High Income,4781,2451,50,49.02,High
58,55+,F,Less than $40K,<Rs33L,Low Income,3832,4741,88,53.875,High
53,46 - 55,M,$120K +,Rs1Cr +,High Income,9025,4412,87,50.71264368,High
44,36 - 45,M,$40K - $60K,Rs33L - Rs50L,Low Income,11627,3264,67,48.71641791,High
61,55+,F,Unknown,Unknown,Unknown,5686,4338,67,64.74626866,High
49,46 - 55,F,Less than $40K,<Rs33L,Low Income,2636,4056,67,60.53731343,High
37,36 - 45,F,Less than $40K,<Rs33L,Low Income,1438.3,4815,84,57.32142857,High
43,36 - 45,F,Less than $40K,<Rs33L,Low Income,4976,4317,69,62.56521739,High
38,36 - 45,F,Unknown,Unknown,Unknown,13951,4576,70,65.37142857,High
44,36 - 45,M,$60K - $80K,Rs50L - Rs66L,Mid Income,14370,4510,79,57.08860759,High
60,55+,M,$40K - $60K,Rs33L - Rs50L,Low Income,21681,3844,75,51.25333333,High
59,55+,F,$40K - $60K,Rs33L - Rs50L,Low Income,2634,4190,71,59.01408451,High
37,36 - 45,F,$40K - $60K,Rs33L - Rs50L,Low Income,2204,4555,82,55.54878049,High
48,46 - 55,F,$40K - $60K,Rs33L - Rs50L,Low Income,2447,4228,82,51.56097561,High
60,55+,F,Unknown,Unknown,Unknown,3068,4533,79,57.37974684,High
48,46 - 55,F,Less than $40K,<Rs33L,Low Income,1502,2204,36,61.22222222,High
39,36 - 45,F,Unknown,Unknown,Unknown,4181,3955,74,53.44594595,High
52,46 - 55,F,Less than $40K,<Rs33L,Low Income,3136,4528,81,55.90123457,High
42,36 - 45,F,Less than $40K,<Rs33L,Low Income,4478,3879,76,51.03947368,High
60,55+,F,Unknown,Unknown,Unknown,7359,2869,43,66.72093023,High
52,46 - 55,M,$40K - $60K,Rs33L - Rs50L,Low Income,13090,3851,78,49.37179487,High
44,36 - 45,F,$40K - $60K,Rs33L - Rs50L,Low Income,6849,3770,82,45.97560976,High
36,36 - 45,F,Less than $40K,<Rs33L,Low Income,4228,4356,74,58.86486486,High
49,46 - 55,F,$40K - $60K,Rs33L - Rs50L,Low Income,5678,5092,70,72.74285714,High
42,36 - 45,F,Less than $40K,<Rs33L,Low Income,3964,4580,75,61.06666667,High
48,46 - 55,M,$80K - $120K,Rs66L - Rs1Cr,Mid Income,7970,1263,27,46.77777778,Medium
36,36 - 45,F,Unknown,Unknown,Unknown,4692,4281,69,62.04347826,High
45,36 - 45,F,Less than $40K,<Rs33L,Low Income,1942,1853,31,59.77419355,Medium
40,36 - 45,M,$40K - $60K,Rs33L - Rs50L,Low Income,5821,2011,42,47.88095238,High
48,46 - 55,F,Less than $40K,<Rs33L,Low Income,2357,4534,75,60.45333333,High
54,46 - 55,F,Unknown,Unknown,Unknown,8294,4136,77,53.71428571,High
32,26 - 35,F,$40K - $60K,Rs33L - Rs50L,Low Income,3174,4508,83,54.31325301,High
34,26 - 35,F,Less than $40K,<Rs33L,Low Income,1438.3,4302,74,58.13513514,High
46,46 - 55,F,Less than $40K,<Rs33L,Low Income,1852,4486,61,73.54098361,High
47,46 - 55,M,$40K - $60K,Rs33L - Rs50L,Low Income,1809,2169,49,44.26530612,High
48,46 - 55,F,$40K - $60K,Rs33L - Rs50L,Low Income,3503,4671,93,50.22580645,High
52,46 - 55,M,$40K - $60K,Rs33L - Rs50L,Low Income,17835,4258,58,73.4137931,High
45,36 - 45,M,$120K +,Rs1Cr +,High Income,3383,4897,75,65.29333333,High
46,46 - 55,F,Less than $40K,<Rs33L,Low Income,7128,3534,70,50.48571429,High
36,36 - 45,F,Less than $40K,<Rs33L,Low Income,1438.3,3959,59,67.10169492,High
42,36 - 45,F,Less than $40K,<Rs33L,Low Income,3815,4430,94,47.12765957,High
39,36 - 45,F,Less than $40K,<Rs33L,Low Income,1902,4203,69,60.91304348,High
43,36 - 45,F,Less than $40K,<Rs33L,Low Income,2077,4226,75,56.34666667,High
48,46 - 55,F,Less than $40K,<Rs33L,Low Income,2514,2603,53,49.11320755,High
56,55+,M,$80K - $120K,Rs66L - Rs1Cr,Mid Income,34516,4714,82,57.48780488,High
45,36 - 45,F,Less than $40K,<Rs33L,Low Income,2144,3859,55,70.16363636,High
65,55+,F,Less than $40K,<Rs33L,Low Income,5951,4554,83,54.86746988,High
54,46 - 55,F,Unknown,Unknown,Unknown,4806,4674,87,53.72413793,High
42,36 - 45,F,Unknown,Unknown,Unknown,16612,4697,94,49.96808511,High
53,46 - 55,F,$40K - $60K,Rs33L - Rs50L,Low Income,2799,4116,88,46.77272727,High
63,55+,M,$40K - $60K,Rs33L - Rs50L,Low Income,18064,3434,71,48.36619718,High
49,46 - 55,F,Less than $40K,<Rs33L,Low Income,2560,4783,86,55.61627907,High
42,36 - 45,F,Less than $40K,<Rs33L,Low Income,5821,4591,70,65.58571429,High
43,36 - 45,F,Less than $40K,<Rs33L,Low Income,2057,4321,76,56.85526316,High
49,46 - 55,F,Less than $40K,<Rs33L,Low Income,1972,4715,66,71.43939394,High
44,36 - 45,M,$60K - $80K,Rs50L - Rs66L,Mid Income,2675,4149,79,52.51898734,High
48,46 - 55,M,$40K - $60K,Rs33L - Rs50L,Low Income,6223,4518,79,57.18987342,High
44,36 - 45,F,Unknown,Unknown,Unknown,7632,4498,86,52.30232558,High
55,46 - 55,F,Less than $40K,<Rs33L,Low Income,3258,4960,77,64.41558442,High
46,46 - 55,M,$60K - $80K,Rs50L - Rs66L,Mid Income,34516,3754,53,70.83018868,High
49,46 - 55,F,$40K - $60K,Rs33L - Rs50L,Low Income,3054,4460,88,50.68181818,High
35,26 - 35,F,Less than $40K,<Rs33L,Low Income,1438.3,4006,72,55.63888889,High
50,46 - 55,M,$120K +,Rs1Cr +,High Income,7970,1872,41,45.65853659,Medium
55,46 - 55,F,Less than $40K,<Rs33L,Low Income,1836,2400,34,70.58823529,High
47,46 - 55,M,$120K +,Rs1Cr +,High Income,9397,5265,98,53.7244898,High
60,55+,F,Less than $40K,<Rs33L,Low Income,1601,4919,69,71.28985507,High
45,36 - 45,M,$80K - $120K,Rs66L - Rs1Cr,Mid Income,34516,3785,64,59.140625,High
51,46 - 55,F,Less than $40K,<Rs33L,Low Income,1822,5210,73,71.36986301,High
41,36 - 45,M,Less than $40K,<Rs33L,Low Income,1614,4293,87,49.34482759,High
54,46 - 55,F,Less than $40K,<Rs33L,Low Income,1491,4365,71,61.47887324,High
28,26 - 35,F,Less than $40K,<Rs33L,Low Income,2543,3864,64,60.375,High
50,46 - 55,F,Less than $40K,<Rs33L,Low Income,3462,4635,65,71.30769231,High
44,36 - 45,F,Less than $40K,<Rs33L,Low Income,1699,5495,87,63.16091954,High
46,46 - 55,F,Unknown,Unknown,Unknown,13095,1552,32,48.5,Medium
47,46 - 55,M,$60K - $80K,Rs50L - Rs66L,Mid Income,8823,4674,85,54.98823529,High
48,46 - 55,M,$60K - $80K,Rs50L - Rs66L,Mid Income,4429,4386,63,69.61904762,High
58,55+,F,Unknown,Unknown,Unknown,5396,2107,39,54.02564103,High
65,55+,F,$40K - $60K,Rs33L - Rs50L,Low Income,2418,3918,74,52.94594595,High
56,55+,F,Less than $40K,<Rs33L,Low Income,2086,5774,84,68.73809524,High
48,46 - 55,F,$40K - $60K,Rs33L - Rs50L,Low Income,1899,2434,45,54.08888889,High
43,36 - 45,M,$40K - $60K,Rs33L - Rs50L,Low Income,7564,4743,82,57.84146341,High
41,36 - 45,M,$60K - $80K,Rs50L - Rs66L,Mid Income,13116,4800,61,78.68852459,High
35,26 - 35,F,Less than $40K,<Rs33L,Low Income,1438.3,5062,80,63.275,High
48,46 - 55,F,Less than $40K,<Rs33L,Low Income,3716,4833,73,66.20547945,High
50,46 - 55,F,Less than $40K,<Rs33L,Low Income,3069,4351,74,58.7972973,High
51,46 - 55,F,Less than $40K,<Rs33L,Low Income,2006,2760,38,72.63157895,High
45,36 - 45,F,$40K - $60K,Rs33L - Rs50L,Low Income,2948,3635,79,46.01265823,High
47,46 - 55,F,Less than $40K,<Rs33L,Low Income,1438.3,3511,64,54.859375,High
35,26 - 35,F,Less than $40K,<Rs33L,Low Income,1438.3,4321,83,52.06024096,High
58,55+,F,$40K - $60K,Rs33L - Rs50L,Low Income,4669,4363,73,59.76712329,High
48,46 - 55,F,Less than $40K,<Rs33L,Low Income,13994,3299,63,52.36507937,High
57,55+,M,$120K +,Rs1Cr +,High Income,8760,2460,39,63.07692308,High
53,46 - 55,F,Less than $40K,<Rs33L,Low Income,1688,4375,69,63.4057971,High
46,46 - 55,F,Unknown,Unknown,Unknown,9881,4725,85,55.58823529,High
39,36 - 45,M,$60K - $80K,Rs50L - Rs66L,Mid Income,4534,4211,66,63.8030303,High
57,55+,F,Less than $40K,<Rs33L,Low Income,3545,3691,69,53.49275362,High
57,55+,F,Less than $40K,<Rs33L,Low Income,1857,4681,71,65.92957746,High
56,55+,F,Unknown,Unknown,Unknown,3334,4284,73,58.68493151,High
55,46 - 55,F,$40K - $60K,Rs33L - Rs50L,Low Income,2496,2590,50,51.8,High
41,36 - 45,F,Less than $40K,<Rs33L,Low Income,1438.3,4053,66,61.40909091,High
45,36 - 45,F,Less than $40K,<Rs33L,Low Income,1438.3,2429,38,63.92105263,High
52,46 - 55,M,$60K - $80K,Rs50L - Rs66L,Mid Income,9357,4173,77,54.19480519,High
40,36 - 45,F,Less than $40K,<Rs33L,Low Income,2423,4258,80,53.225,High
45,36 - 45,F,$40K - $60K,Rs33L - Rs50L,Low Income,1936,4773,80,59.6625,High
43,36 - 45,M,$60K - $80K,Rs50L - Rs66L,Mid Income,1783,3861,81,47.66666667,High
59,55+,F,Less than $40K,<Rs33L,Low Income,1438.3,4155,62,67.01612903,High
56,55+,F,Less than $40K,<Rs33L,Low Income,1438.3,4333,84,51.58333333,High
44,36 - 45,F,Less than $40K,<Rs33L,Low Income,10580,4721,81,58.28395062,High
54,46 - 55,F,Less than $40K,<Rs33L,Low Income,4597,3507,68,51.57352941,High
49,46 - 55,F,Less than $40K,<Rs33L,Low Income,1656,4408,79,55.79746835,High
39,36 - 45,F,Less than $40K,<Rs33L,Low Income,3279,5048,75,67.30666667,High
49,46 - 55,F,$40K - $60K,Rs33L - Rs50L,Low Income,2578,4683,89,52.61797753,High
44,36 - 45,F,$40K - $60K,Rs33L - Rs50L,Low Income,4068,5161,83,62.18072289,High
42,36 - 45,F,Less than $40K,<Rs33L,Low Income,2128,2289,41,55.82926829,High
45,36 - 45,F,Less than $40K,<Rs33L,Low Income,2704,2362,39,60.56410256,High
38,36 - 45,F,Less than $40K,<Rs33L,Low Income,1878,4650,71,65.49295775,High
46,46 - 55,F,Unknown,Unknown,Unknown,10600,4697,67,70.10447761,High
58,55+,F,Less than $40K,<Rs33L,Low Income,9909,1844,41,44.97560976,Medium
57,55+,F,Less than $40K,<Rs33L,Low Income,1665,4420,86,51.39534884,High
50,46 - 55,M,$120K +,Rs1Cr +,High Income,1656,2073,44,47.11363636,High
53,46 - 55,M,$80K - $120K,Rs66L - Rs1Cr,Mid Income,14111,2950,64,46.09375,High
52,46 - 55,F,Less than $40K,<Rs33L,Low Income,2012,3822,68,56.20588235,High
43,36 - 45,F,Less than $40K,<Rs33L,Low Income,2837,4279,83,51.55421687,High
40,36 - 45,F,Less than $40K,<Rs33L,Low Income,1709,4981,79,63.05063291,High
49,46 - 55,F,Less than $40K,<Rs33L,Low Income,5714,4331,85,50.95294118,High
41,36 - 45,M,$60K - $80K,Rs50L - Rs66L,Mid Income,5071,3358,62,54.16129032,High
51,46 - 55,M,$80K - $120K,Rs66L - Rs1Cr,Mid Income,24028,3531,73,48.36986301,High
31,26 - 35,F,Unknown,Unknown,Unknown,13882,4798,82,58.51219512,High
49,46 - 55,F,$40K - $60K,Rs33L - Rs50L,Low Income,3585,4399,78,56.3974359,High
40,36 - 45,M,$80K - $120K,Rs66L - Rs1Cr,Mid Income,9124,4564,65,70.21538462,High
45,36 - 45,F,Unknown,Unknown,Unknown,2705,4749,80,59.3625,High
56,55+,F,Less than $40K,<Rs33L,Low Income,1936,4578,70,65.4,High
49,46 - 55,M,$80K - $120K,Rs66L - Rs1Cr,Mid Income,8051,4370,83,52.65060241,High
36,36 - 45,F,$40K - $60K,Rs33L - Rs50L,Low Income,3635,4045,62,65.24193548,High
46,46 - 55,F,Less than $40K,<Rs33L,Low Income,2532,4143,71,58.35211268,High
54,46 - 55,F,Less than $40K,<Rs33L,Low Income,2028,4030,78,51.66666667,High
42,36 - 45,F,Less than $40K,<Rs33L,Low Income,4304,1788,36,49.66666667,Medium
46,46 - 55,F,Unknown,Unknown,Unknown,6644,4659,76,61.30263158,High
45,36 - 45,F,Less than $40K,<Rs33L,Low Income,1830,4838,71,68.14084507,High
37,36 - 45,M,$120K +,Rs1Cr +,High Income,7607,4495,77,58.37662338,High
55,46 - 55,F,Less than $40K,<Rs33L,Low Income,2060,1976,44,44.90909091,Medium
49,46 - 55,F,Less than $40K,<Rs33L,Low Income,1438.3,4457,84,53.05952381,High
41,36 - 45,M,$60K - $80K,Rs50L - Rs66L,Mid Income,3126,3662,74,49.48648649,High
47,46 - 55,F,$40K - $60K,Rs33L - Rs50L,Low Income,6885,3804,67,56.7761194,High
42,36 - 45,M,$60K - $80K,Rs50L - Rs66L,Mid Income,1871,2593,48,54.02083333,High
31,26 - 35,F,Less than $40K,<Rs33L,Low Income,2787,4358,89,48.96629213,High
50,46 - 55,M,$80K - $120K,Rs66L - Rs1Cr,Mid Income,1867,4097,70,58.52857143,High
41,36 - 45,F,Less than $40K,<Rs33L,Low Income,1438.3,1852,38,48.73684211,Medium
47,46 - 55,F,Less than $40K,<Rs33L,Low Income,2473,2133,44,48.47727273,High
40,36 - 45,M,$40K - $60K,Rs33L - Rs50L,Low Income,4640,3870,70,55.28571429,High
47,46 - 55,F,Less than $40K,<Rs33L,Low Income,2712,5201,82,63.42682927,High
46,46 - 55,F,Unknown,Unknown,Unknown,8869,1935,40,48.375,Medium
51,46 - 55,F,Unknown,Unknown,Unknown,3853,2443,38,64.28947368,High
53,46 - 55,F,Less than $40K,<Rs33L,Low Income,1438.3,4606,86,53.55813953,High
50,46 - 55,M,$60K - $80K,Rs50L - Rs66L,Mid Income,14409,2351,39,60.28205128,High
59,55+,F,$40K - $60K,Rs33L - Rs50L,Low Income,1665,2748,40,68.7,High
43,36 - 45,F,Less than $40K,<Rs33L,Low Income,2639,4892,85,57.55294118,High
59,55+,F,Less than $40K,<Rs33L,Low Income,2338,3964,69,57.44927536,High
51,46 - 55,F,Less than $40K,<Rs33L,Low Income,2774,4802,91,52.76923077,High
57,55+,F,Unknown,Unknown,Unknown,4283,4689,65,72.13846154,High
47,46 - 55,F,Unknown,Unknown,Unknown,6263,2613,50,52.26,High
35,26 - 35,F,Less than $40K,<Rs33L,Low Income,2317,4161,71,58.6056338,High
55,46 - 55,F,Less than $40K,<Rs33L,Low Income,2239,4540,73,62.19178082,High
41,36 - 45,F,Less than $40K,<Rs33L,Low Income,2225,4917,84,58.53571429,High
51,46 - 55,F,Less than $40K,<Rs33L,Low Income,1519,4927,73,67.49315068,High
48,46 - 55,F,Unknown,Unknown,Unknown,5495,5125,85,60.29411765,High
51,46 - 55,F,Less than $40K,<Rs33L,Low Income,2141,4317,64,67.453125,High
43,36 - 45,F,Less than $40K,<Rs33L,Low Income,2616,5219,63,82.84126984,High
39,36 - 45,F,Less than $40K,<Rs33L,Low Income,5494,3566,81,44.02469136,High
52,46 - 55,F,Less than $40K,<Rs33L,Low Income,2003,2343,42,55.78571429,High
47,46 - 55,F,Less than $40K,<Rs33L,Low Income,2092,4130,80,51.625,High
44,36 - 45,M,$60K - $80K,Rs50L - Rs66L,Mid Income,6606,4493,68,66.07352941,High
42,36 - 45,F,Unknown,Unknown,Unknown,7102,4083,68,60.04411765,High
51,46 - 55,F,Less than $40K,<Rs33L,Low Income,13812,3723,56,66.48214286,High
56,55+,M,$60K - $80K,Rs50L - Rs66L,Mid Income,7075,4160,75,55.46666667,High
44,36 - 45,M,$40K - $60K,Rs33L - Rs50L,Low Income,4274,4820,60,80.33333333,High
47,46 - 55,F,Less than $40K,<Rs33L,Low Income,2317,4894,89,54.98876404,High
51,46 - 55,F,Less than $40K,<Rs33L,Low Income,1438.3,1939,49,39.57142857,Medium
47,46 - 55,M,$80K - $120K,Rs66L - Rs1Cr,Mid Income,2888,4345,75,57.93333333,High
44,36 - 45,F,Unknown,Unknown,Unknown,12310,4176,76,54.94736842,High
48,46 - 55,M,$60K - $80K,Rs50L - Rs66L,Mid Income,1622,4164,66,63.09090909,High
45,36 - 45,F,Less than $40K,<Rs33L,Low Income,1438.3,2153,35,61.51428571,High
40,36 - 45,M,$80K - $120K,Rs66L - Rs1Cr,Mid Income,12559,4700,71,66.1971831,High
56,55+,F,$40K - $60K,Rs33L - Rs50L,Low Income,2929,3875,67,57.8358209,High
48,46 - 55,F,Less than $40K,<Rs33L,Low Income,1438.3,1897,58,32.70689655,Medium
50,46 - 55,F,Less than $40K,<Rs33L,Low Income,2319,4099,74,55.39189189,High
37,36 - 45,F,Unknown,Unknown,Unknown,7927,4094,85,48.16470588,High
55,46 - 55,F,Less than $40K,<Rs33L,Low Income,1720,2719,36,75.52777778,High
38,36 - 45,M,$80K - $120K,Rs66L - Rs1Cr,Mid Income,3642,4517,79,57.17721519,High
49,46 - 55,F,$40K - $60K,Rs33L - Rs50L,Low Income,3881,4177,66,63.28787879,High
47,46 - 55,M,$120K +,Rs1Cr +,High Income,6143,4330,72,60.13888889,High
42,36 - 45,F,Less than $40K,<Rs33L,Low Income,1438.3,4154,78,53.25641026,High
52,46 - 55,F,Less than $40K,<Rs33L,Low Income,2035,4643,86,53.98837209,High
47,46 - 55,F,Less than $40K,<Rs33L,Low Income,3899,2182,40,54.55,High
52,46 - 55,F,$40K - $60K,Rs33L - Rs50L,Low Income,1981,3913,90,43.47777778,High
50,46 - 55,F,Less than $40K,<Rs33L,Low Income,2422,2548,46,55.39130435,High
52,46 - 55,M,$80K - $120K,Rs66L - Rs1Cr,Mid Income,11964,4853,85,57.09411765,High
50,46 - 55,F,Unknown,Unknown,Unknown,3862,4058,81,50.09876543,High
46,46 - 55,M,$80K - $120K,Rs66L - Rs1Cr,Mid Income,33142,4347,63,69,High
40,36 - 45,M,$120K +,Rs1Cr +,High Income,34516,3564,73,48.82191781,High
42,36 - 45,F,Less than $40K,<Rs33L,Low Income,3454,2826,39,72.46153846,High
29,26 - 35,F,Less than $40K,<Rs33L,Low Income,2732,4702,85,55.31764706,High
50,46 - 55,M,$80K - $120K,Rs66L - Rs1Cr,Mid Income,1687,4342,82,52.95121951,High
43,36 - 45,F,Less than $40K,<Rs33L,Low Income,3523,3174,44,72.13636364,High
40,36 - 45,M,$120K +,Rs1Cr +,High Income,5773,3732,71,52.56338028,High
45,36 - 45,F,Unknown,Unknown,Unknown,4462,2526,41,61.6097561,High
35,26 - 35,F,Less than $40K,<Rs33L,Low Income,3976,4419,75,58.92,High
55,46 - 55,F,Less than $40K,<Rs33L,Low Income,2679,4943,85,58.15294118,High
49,46 - 55,F,$40K - $60K,Rs33L - Rs50L,Low Income,1564,5172,78,66.30769231,High
53,46 - 55,F,$40K - $60K,Rs33L - Rs50L,Low Income,1536,4133,78,52.98717949,High
46,46 - 55,M,$40K - $60K,Rs33L - Rs50L,Low Income,2375,4087,66,61.92424242,High
50,46 - 55,F,Less than $40K,<Rs33L,Low Income,2719,4172,65,64.18461538,High
53,46 - 55,F,$40K - $60K,Rs33L - Rs50L,Low Income,3369,5220,78,66.92307692,High
58,55+,F,Less than $40K,<Rs33L,Low Income,3173,3797,75,50.62666667,High
47,46 - 55,F,Less than $40K,<Rs33L,Low Income,3139,4892,95,51.49473684,High
50,46 - 55,F,Less than $40K,<Rs33L,Low Income,2140,2915,50,58.3,High
56,55+,F,Less than $40K,<Rs33L,Low Income,2258,4803,72,66.70833333,High
48,46 - 55,M,$40K - $60K,Rs33L - Rs50L,Low Income,2423,4035,74,54.52702703,High
55,46 - 55,F,Less than $40K,<Rs33L,Low Income,2376,4301,79,54.44303797,High
38,36 - 45,M,Less than $40K,<Rs33L,Low Income,1690,3928,69,56.92753623,High
46,46 - 55,F,$40K - $60K,Rs33L - Rs50L,Low Income,8583,1794,31,57.87096774,Medium
52,46 - 55,F,Less than $40K,<Rs33L,Low Income,2996,4724,66,71.57575758,High
49,46 - 55,F,Unknown,Unknown,Unknown,2880,4334,81,53.50617284,High
48,46 - 55,M,$80K - $120K,Rs66L - Rs1Cr,Mid Income,34516,4814,71,67.8028169,High
36,36 - 45,F,Unknown,Unknown,Unknown,6966,4855,69,70.36231884,High
36,36 - 45,M,$120K +,Rs1Cr +,High Income,11316,2595,49,52.95918367,High
38,36 - 45,F,Less than $40K,<Rs33L,Low Income,1438.3,4247,84,50.55952381,High
44,36 - 45,M,$120K +,Rs1Cr +,High Income,11362,3197,61,52.40983607,High
52,46 - 55,F,Unknown,Unknown,Unknown,7210,2516,36,69.88888889,High
55,46 - 55,F,Unknown,Unknown,Unknown,7790,4835,84,57.55952381,High
37,36 - 45,F,Less than $40K,<Rs33L,Low Income,2023,4391,79,55.58227848,High
51,46 - 55,F,$40K - $60K,Rs33L - Rs50L,Low Income,9117,3837,75,51.16,High
41,36 - 45,F,Less than $40K,<Rs33L,Low Income,1801,3797,74,51.31081081,High
51,46 - 55,M,$60K - $80K,Rs50L - Rs66L,Mid Income,8787,4537,75,60.49333333,High
40,36 - 45,M,$60K - $80K,Rs50L - Rs66L,Mid Income,27436,4051,81,50.01234568,High
65,55+,F,Less than $40K,<Rs33L,Low Income,2195,4205,65,64.69230769,High
46,46 - 55,M,$80K - $120K,Rs66L - Rs1Cr,Mid Income,13734,4283,67,63.92537313,High
45,36 - 45,M,$60K - $80K,Rs50L - Rs66L,Mid Income,2731,3915,66,59.31818182,High
49,46 - 55,M,$80K - $120K,Rs66L - Rs1Cr,Mid Income,2453,4185,66,63.40909091,High
49,46 - 55,M,$60K - $80K,Rs50L - Rs66L,Mid Income,7451,4960,97,51.13402062,High
41,36 - 45,F,$40K - $60K,Rs33L - Rs50L,Low Income,2644,4081,72,56.68055556,High
41,36 - 45,M,$80K - $120K,Rs66L - Rs1Cr,Mid Income,34516,2022,52,38.88461538,High
41,36 - 45,M,$60K - $80K,Rs50L - Rs66L,Mid Income,4575,4726,64,73.84375,High
51,46 - 55,F,Less than $40K,<Rs33L,Low Income,4860,4329,80,54.1125,High
46,46 - 55,F,Less than $40K,<Rs33L,Low Income,1438.3,3399,66,51.5,High
37,36 - 45,F,Less than $40K,<Rs33L,Low Income,1690,2645,60,44.08333333,High
39,36 - 45,M,$40K - $60K,Rs33L - Rs50L,Low Income,1438.3,4596,82,56.04878049,High
46,46 - 55,M,$60K - $80K,Rs50L - Rs66L,Mid Income,24512,4561,78,58.47435897,High
43,36 - 45,F,$40K - $60K,Rs33L - Rs50L,Low Income,1654,2086,47,44.38297872,High
63,55+,M,$80K - $120K,Rs66L - Rs1Cr,Mid Income,21430,3561,57,62.47368421,High
50,46 - 55,M,$120K +,Rs1Cr +,High Income,34516,3828,65,58.89230769,High
37,36 - 45,M,$40K - $60K,Rs33L - Rs50L,Low Income,1438.3,4446,86,51.69767442,High
33,26 - 35,F,Less than $40K,<Rs33L,Low Income,2800,4253,83,51.24096386,High
44,36 - 45,M,$60K - $80K,Rs50L - Rs66L,Mid Income,3117,4391,85,51.65882353,High
44,36 - 45,M,$80K - $120K,Rs66L - Rs1Cr,Mid Income,2558,3792,78,48.61538462,High
47,46 - 55,M,$60K - $80K,Rs50L - Rs66L,Mid Income,10061,2802,52,53.88461538,High
45,36 - 45,F,Unknown,Unknown,Unknown,3416,4121,83,49.65060241,High
39,36 - 45,F,Unknown,Unknown,Unknown,9371,4754,78,60.94871795,High
47,46 - 55,F,Less than $40K,<Rs33L,Low Income,3147,4465,82,54.45121951,High
52,46 - 55,F,Less than $40K,<Rs33L,Low Income,1554,4997,79,63.25316456,High
47,46 - 55,F,Unknown,Unknown,Unknown,3502,1895,42,45.11904762,Medium
49,46 - 55,F,Less than $40K,<Rs33L,Low Income,2712,4678,74,63.21621622,High
59,55+,F,Less than $40K,<Rs33L,Low Income,1438.3,4817,81,59.4691358,High
39,36 - 45,M,$120K +,Rs1Cr +,High Income,3281,4109,69,59.55072464,High
35,26 - 35,F,$40K - $60K,Rs33L - Rs50L,Low Income,1438.3,2500,44,56.81818182,High
39,36 - 45,F,Less than $40K,<Rs33L,Low Income,2469,3837,74,51.85135135,High
41,36 - 45,M,$80K - $120K,Rs66L - Rs1Cr,Mid Income,3497,4345,72,60.34722222,High
46,46 - 55,F,$40K - $60K,Rs33L - Rs50L,Low Income,2505,4384,80,54.8,High
34,26 - 35,M,$60K - $80K,Rs50L - Rs66L,Mid Income,2763,4136,69,59.94202899,High
49,46 - 55,F,Less than $40K,<Rs33L,Low Income,2081,4863,87,55.89655172,High
55,46 - 55,F,Unknown,Unknown,Unknown,2815,2618,29,90.27586207,High
56,55+,F,Less than $40K,<Rs33L,Low Income,1737,4723,78,60.55128205,High
52,46 - 55,F,Unknown,Unknown,Unknown,9078,4458,87,51.24137931,High
46,46 - 55,M,$40K - $60K,Rs33L - Rs50L,Low Income,6185,2225,45,49.44444444,High
51,46 - 55,F,Unknown,Unknown,Unknown,2069,4402,91,48.37362637,High
45,36 - 45,M,$80K - $120K,Rs66L - Rs1Cr,Mid Income,9234,2586,44,58.77272727,High
37,36 - 45,F,Less than $40K,<Rs33L,Low Income,2684,4796,85,56.42352941,High
48,46 - 55,F,$40K - $60K,Rs33L - Rs50L,Low Income,2151,4604,86,53.53488372,High
52,46 - 55,M,$60K - $80K,Rs50L - Rs66L,Mid Income,2749,3882,90,43.13333333,High
44,36 - 45,F,Less than $40K,<Rs33L,Low Income,1980,4467,69,64.73913043,High
55,46 - 55,F,Less than $40K,<Rs33L,Low Income,4232,2312,37,62.48648649,High
45,36 - 45,F,Less than $40K,<Rs33L,Low Income,1438.3,4283,76,56.35526316,High
43,36 - 45,F,Unknown,Unknown,Unknown,6931,4437,64,69.328125,High
52,46 - 55,F,Less than $40K,<Rs33L,Low Income,3302,2682,47,57.06382979,High
61,55+,M,Unknown,Unknown,Unknown,4235,3862,76,50.81578947,High
51,46 - 55,F,Unknown,Unknown,Unknown,6501,5074,81,62.64197531,High
34,26 - 35,F,Unknown,Unknown,Unknown,6376,5192,70,74.17142857,High
33,26 - 35,F,Less than $40K,<Rs33L,Low Income,1457,2200,45,48.88888889,High
38,36 - 45,F,$40K - $60K,Rs33L - Rs50L,Low Income,5576,4322,85,50.84705882,High
56,55+,F,Unknown,Unknown,Unknown,1438.3,4919,83,59.26506024,High
45,36 - 45,F,Unknown,Unknown,Unknown,2478,4353,80,54.4125,High
44,36 - 45,M,$60K - $80K,Rs50L - Rs66L,Mid Income,3650,4250,81,52.4691358,High
52,46 - 55,F,Less than $40K,<Rs33L,Low Income,2111,4459,72,61.93055556,High
30,26 - 35,F,Unknown,Unknown,Unknown,12917,4108,82,50.09756098,High
56,55+,M,$120K +,Rs1Cr +,High Income,7327,2185,41,53.29268293,High
46,46 - 55,M,$80K - $120K,Rs66L - Rs1Cr,Mid Income,13324,4245,76,55.85526316,High
34,26 - 35,M,$80K - $120K,Rs66L - Rs1Cr,Mid Income,11154,4339,77,56.35064935,High
43,36 - 45,F,Unknown,Unknown,Unknown,9535,4210,81,51.97530864,High
37,36 - 45,M,$40K - $60K,Rs33L - Rs50L,Low Income,10226,2243,44,50.97727273,High
37,36 - 45,F,Less than $40K,<Rs33L,Low Income,2140,4610,65,70.92307692,High
49,46 - 55,F,Less than $40K,<Rs33L,Low Income,2904,3848,66,58.3030303,High
40,36 - 45,M,$80K - $120K,Rs66L - Rs1Cr,Mid Income,1770,4442,83,53.51807229,High
37,36 - 45,F,Less than $40K,<Rs33L,Low Income,1534,2596,39,66.56410256,High
46,46 - 55,F,Less than $40K,<Rs33L,Low Income,2170,4569,79,57.83544304,High
53,46 - 55,M,$120K +,Rs1Cr +,High Income,10001,4167,74,56.31081081,High
56,55+,F,Unknown,Unknown,Unknown,4169,4519,82,55.1097561,High
65,55+,M,Less than $40K,<Rs33L,Low Income,5363,3855,63,61.19047619,High
50,46 - 55,F,Less than $40K,<Rs33L,Low Income,3206,4731,82,57.69512195,High
50,46 - 55,M,$60K - $80K,Rs50L - Rs66L,Mid Income,18085,4583,76,60.30263158,High
61,55+,F,$40K - $60K,Rs33L - Rs50L,Low Income,2566,4344,73,59.50684932,High
35,26 - 35,F,$40K - $60K,Rs33L - Rs50L,Low Income,1438.3,4434,73,60.73972603,High
65,55+,F,Less than $40K,<Rs33L,Low Income,6812,2288,48,47.66666667,High
45,36 - 45,F,$40K - $60K,Rs33L - Rs50L,Low Income,2700,4984,75,66.45333333,High
50,46 - 55,F,Unknown,Unknown,Unknown,5471,4002,67,59.73134328,High
43,36 - 45,F,Less than $40K,<Rs33L,Low Income,4332,4093,84,48.72619048,High
48,46 - 55,F,Less than $40K,<Rs33L,Low Income,2447,2132,37,57.62162162,High
41,36 - 45,F,Less than $40K,<Rs33L,Low Income,1783,3853,76,50.69736842,High
42,36 - 45,M,$60K - $80K,Rs50L - Rs66L,Mid Income,11761,4946,73,67.75342466,High
52,46 - 55,F,Less than $40K,<Rs33L,Low Income,2340,4501,68,66.19117647,High
45,36 - 45,F,Less than $40K,<Rs33L,Low Income,2859,4440,79,56.20253165,High
37,36 - 45,M,$40K - $60K,Rs33L - Rs50L,Low Income,2523,4683,76,61.61842105,High
48,46 - 55,M,$40K - $60K,Rs33L - Rs50L,Low Income,4776,4581,60,76.35,High
59,55+,F,Less than $40K,<Rs33L,Low Income,2697,4489,58,77.39655172,High
57,55+,F,Less than $40K,<Rs33L,Low Income,3542,4127,71,58.12676056,High
57,55+,M,$120K +,Rs1Cr +,High Income,34516,1777,37,48.02702703,Medium
40,36 - 45,F,Unknown,Unknown,Unknown,8823,4453,84,53.01190476,High
52,46 - 55,F,Less than $40K,<Rs33L,Low Income,1764,2740,47,58.29787234,High
43,36 - 45,F,Less than $40K,<Rs33L,Low Income,3492,2510,47,53.40425532,High
36,36 - 45,F,Less than $40K,<Rs33L,Low Income,2977,2201,39,56.43589744,High
49,46 - 55,M,$60K - $80K,Rs50L - Rs66L,Mid Income,30976,3193,69,46.27536232,High
43,36 - 45,M,$60K - $80K,Rs50L - Rs66L,Mid Income,2810,4875,97,50.25773196,High
39,36 - 45,F,Less than $40K,<Rs33L,Low Income,1438.3,4173,82,50.8902439,High
44,36 - 45,M,$40K - $60K,Rs33L - Rs50L,Low Income,8997,4558,62,73.51612903,High
57,55+,F,Less than $40K,<Rs33L,Low Income,2002,3735,73,51.16438356,High
55,46 - 55,M,$60K - $80K,Rs50L - Rs66L,Mid Income,4998,4329,61,70.96721311,High
37,36 - 45,F,Less than $40K,<Rs33L,Low Income,2310,4191,77,54.42857143,High
54,46 - 55,F,$40K - $60K,Rs33L - Rs50L,Low Income,3892,4318,74,58.35135135,High
34,26 - 35,M,$60K - $80K,Rs50L - Rs66L,Mid Income,2345,4634,69,67.15942029,High
50,46 - 55,M,$80K - $120K,Rs66L - Rs1Cr,Mid Income,2135,4821,77,62.61038961,High
50,46 - 55,F,Less than $40K,<Rs33L,Low Income,2528,4269,78,54.73076923,High
50,46 - 55,F,Less than $40K,<Rs33L,Low Income,3397,4208,75,56.10666667,High
49,46 - 55,M,$60K - $80K,Rs50L - Rs66L,Mid Income,19719,3572,73,48.93150685,High
41,36 - 45,F,Unknown,Unknown,Unknown,15292,5120,74,69.18918919,High
52,46 - 55,M,$120K +,Rs1Cr +,High Income,31733,3723,53,70.24528302,High
54,46 - 55,F,$40K - $60K,Rs33L - Rs50L,Low Income,1438.3,2092,42,49.80952381,High
54,46 - 55,F,Less than $40K,<Rs33L,Low Income,1638,1702,36,47.27777778,Medium
50,46 - 55,F,Less than $40K,<Rs33L,Low Income,2775,4608,84,54.85714286,High
37,36 - 45,F,$40K - $60K,Rs33L - Rs50L,Low Income,2547,2160,46,46.95652174,High
50,46 - 55,F,Unknown,Unknown,Unknown,5708,4914,60,81.9,High
46,46 - 55,M,$80K - $120K,Rs66L - Rs1Cr,Mid Income,19838,3982,68,58.55882353,High
47,46 - 55,M,$60K - $80K,Rs50L - Rs66L,Mid Income,1789,2784,49,56.81632653,High
51,46 - 55,F,$40K - $60K,Rs33L - Rs50L,Low Income,2284,4885,86,56.80232558,High
42,36 - 45,M,$60K - $80K,Rs50L - Rs66L,Mid Income,11535,3730,67,55.67164179,High
28,26 - 35,F,Unknown,Unknown,Unknown,3524,4252,78,54.51282051,High
58,55+,M,$60K - $80K,Rs50L - Rs66L,Mid Income,30186,4070,74,55,High
44,36 - 45,F,Less than $40K,<Rs33L,Low Income,1438.3,3576,55,65.01818182,High
40,36 - 45,F,Less than $40K,<Rs33L,Low Income,1620,4530,69,65.65217391,High
51,46 - 55,F,Less than $40K,<Rs33L,Low Income,4038,4188,68,61.58823529,High
56,55+,M,$80K - $120K,Rs66L - Rs1Cr,Mid Income,2078,4382,82,53.43902439,High
51,46 - 55,F,Less than $40K,<Rs33L,Low Income,1571,4580,74,61.89189189,High
43,36 - 45,M,$80K - $120K,Rs66L - Rs1Cr,Mid Income,4726,4683,91,51.46153846,High
56,55+,F,Less than $40K,<Rs33L,Low Income,4604,4586,79,58.05063291,High
48,46 - 55,M,$80K - $120K,Rs66L - Rs1Cr,Mid Income,34516,4042,78,51.82051282,High
56,55+,M,$40K - $60K,Rs33L - Rs50L,Low Income,1438.3,4323,77,56.14285714,High
48,46 - 55,F,Less than $40K,<Rs33L,Low Income,2680,4592,78,58.87179487,High
41,36 - 45,F,$40K - $60K,Rs33L - Rs50L,Low Income,4312,2693,56,48.08928571,High
50,46 - 55,M,$60K - $80K,Rs50L - Rs66L,Mid Income,2205,4813,77,62.50649351,High
44,36 - 45,F,Less than $40K,<Rs33L,Low Income,2679,4804,78,61.58974359,High
54,46 - 55,M,$80K - $120K,Rs66L - Rs1Cr,Mid Income,34516,4401,87,50.5862069,High
48,46 - 55,F,Less than $40K,<Rs33L,Low Income,3378,4761,81,58.77777778,High
34,26 - 35,M,$40K - $60K,Rs33L - Rs50L,Low Income,1793,5293,88,60.14772727,High
59,55+,F,Less than $40K,<Rs33L,Low Income,2228,3922,75,52.29333333,High
41,36 - 45,F,$40K - $60K,Rs33L - Rs50L,Low Income,2577,4734,75,63.12,High
39,36 - 45,F,Less than $40K,<Rs33L,Low Income,1462,1998,36,55.5,Medium
50,46 - 55,F,Less than $40K,<Rs33L,Low Income,4038,2400,41,58.53658537,High
35,26 - 35,F,Unknown,Unknown,Unknown,1438.3,2355,47,50.10638298,High
34,26 - 35,F,Less than $40K,<Rs33L,Low Income,4408,4495,77,58.37662338,High
46,46 - 55,F,Unknown,Unknown,Unknown,4163,4763,76,62.67105263,High
49,46 - 55,F,$40K - $60K,Rs33L - Rs50L,Low Income,7201,3981,76,52.38157895,High
49,46 - 55,M,$80K - $120K,Rs66L - Rs1Cr,Mid Income,1883,5187,89,58.28089888,High
42,36 - 45,F,Less than $40K,<Rs33L,Low Income,3308,5104,85,60.04705882,High
65,55+,F,Less than $40K,<Rs33L,Low Income,2022,4623,65,71.12307692,High
43,36 - 45,F,Less than $40K,<Rs33L,Low Income,8597,5173,78,66.32051282,High
38,36 - 45,F,Unknown,Unknown,Unknown,4693,4460,79,56.4556962,High
52,46 - 55,F,Less than $40K,<Rs33L,Low Income,2873,4620,81,57.03703704,High
39,36 - 45,F,$40K - $60K,Rs33L - Rs50L,Low Income,3400,4742,90,52.68888889,High
48,46 - 55,F,$40K - $60K,Rs33L - Rs50L,Low Income,2405,4421,79,55.96202532,High
46,46 - 55,M,$80K - $120K,Rs66L - Rs1Cr,Mid Income,34516,1989,47,42.31914894,Medium
44,36 - 45,M,$80K - $120K,Rs66L - Rs1Cr,Mid Income,8241,4436,79,56.15189873,High
53,46 - 55,F,$40K - $60K,Rs33L - Rs50L,Low Income,1438.3,4915,92,53.42391304,High
44,36 - 45,F,Less than $40K,<Rs33L,Low Income,2608,4671,61,76.57377049,High
41,36 - 45,F,Less than $40K,<Rs33L,Low Income,2359,5232,78,67.07692308,High
47,46 - 55,F,Less than $40K,<Rs33L,Low Income,1790,4141,87,47.59770115,High
54,46 - 55,F,Less than $40K,<Rs33L,Low Income,2247,2615,37,70.67567568,High
40,36 - 45,M,$80K - $120K,Rs66L - Rs1Cr,Mid Income,3624,4749,82,57.91463415,High
42,36 - 45,F,Less than $40K,<Rs33L,Low Income,1438.3,4396,70,62.8,High
39,36 - 45,F,$40K - $60K,Rs33L - Rs50L,Low Income,2901,4239,78,54.34615385,High
41,36 - 45,F,Less than $40K,<Rs33L,Low Income,9759,4226,77,54.88311688,High
57,55+,F,Less than $40K,<Rs33L,Low Income,2525,4360,78,55.8974359,High
60,55+,F,Less than $40K,<Rs33L,Low Income,2737,4507,86,52.40697674,High
51,46 - 55,M,$80K - $120K,Rs66L - Rs1Cr,Mid Income,19262,4812,85,56.61176471,High
33,26 - 35,F,Unknown,Unknown,Unknown,2252,5055,68,74.33823529,High
46,46 - 55,M,$80K - $120K,Rs66L - Rs1Cr,Mid Income,7077,2619,41,63.87804878,High
63,55+,M,$60K - $80K,Rs50L - Rs66L,Mid Income,2706,5047,64,78.859375,High
49,46 - 55,F,$40K - $60K,Rs33L - Rs50L,Low Income,3263,4288,69,62.14492754,High
41,36 - 45,F,$40K - $60K,Rs33L - Rs50L,Low Income,3281,2907,45,64.6,High
51,46 - 55,M,$80K - $120K,Rs66L - Rs1Cr,Mid Income,8169,4927,70,70.38571429,High
46,46 - 55,F,$40K - $60K,Rs33L - Rs50L,Low Income,3276,4264,76,56.10526316,High
41,36 - 45,F,Less than $40K,<Rs33L,Low Income,1966,4666,74,63.05405405,High
46,46 - 55,F,Unknown,Unknown,Unknown,5869,5103,83,61.48192771,High
34,26 - 35,F,Less than $40K,<Rs33L,Low Income,1438.3,3940,82,48.04878049,High
45,36 - 45,F,Less than $40K,<Rs33L,Low Income,3682,4015,77,52.14285714,High
27,26 - 35,F,Unknown,Unknown,Unknown,13439,4715,86,54.8255814,High
54,46 - 55,F,Less than $40K,<Rs33L,Low Income,1694,1930,41,47.07317073,Medium
41,36 - 45,M,$80K - $120K,Rs66L - Rs1Cr,Mid Income,1636,4695,73,64.31506849,High
48,46 - 55,F,Less than $40K,<Rs33L,Low Income,1449,4039,50,80.78,High
45,36 - 45,F,Less than $40K,<Rs33L,Low Income,1513,4166,71,58.67605634,High
39,36 - 45,F,Less than $40K,<Rs33L,Low Income,1438.3,2392,44,54.36363636,High
46,46 - 55,F,Less than $40K,<Rs33L,Low Income,4120,4792,81,59.16049383,High
47,46 - 55,F,Less than $40K,<Rs33L,Low Income,2289,4817,77,62.55844156,High
45,36 - 45,F,Less than $40K,<Rs33L,Low Income,2016,4535,82,55.30487805,High
49,46 - 55,M,$80K - $120K,Rs66L - Rs1Cr,Mid Income,2509,2239,47,47.63829787,High
40,36 - 45,F,Less than $40K,<Rs33L,Low Income,3511,5238,82,63.87804878,High
45,36 - 45,M,$60K - $80K,Rs50L - Rs66L,Mid Income,2751,4453,75,59.37333333,High
34,26 - 35,F,Less than $40K,<Rs33L,Low Income,2426,4918,81,60.71604938,High
44,36 - 45,M,$80K - $120K,Rs66L - Rs1Cr,Mid Income,12230,3659,76,48.14473684,High
42,36 - 45,M,$60K - $80K,Rs50L - Rs66L,Mid Income,7328,4518,79,57.18987342,High
47,46 - 55,F,Unknown,Unknown,Unknown,2264,4279,75,57.05333333,High
42,36 - 45,M,$80K - $120K,Rs66L - Rs1Cr,Mid Income,3046,4711,77,61.18181818,High
51,46 - 55,F,Unknown,Unknown,Unknown,5881,4431,89,49.78651685,High
52,46 - 55,M,$80K - $120K,Rs66L - Rs1Cr,Mid Income,16207,3621,83,43.62650602,High
44,36 - 45,M,$60K - $80K,Rs50L - Rs66L,Mid Income,15468,4484,81,55.35802469,High
47,46 - 55,F,Less than $40K,<Rs33L,Low Income,5950,4655,66,70.53030303,High
48,46 - 55,F,Less than $40K,<Rs33L,Low Income,3119,4705,77,61.1038961,High
50,46 - 55,F,Unknown,Unknown,Unknown,1507,4037,83,48.63855422,High
51,46 - 55,F,Less than $40K,<Rs33L,Low Income,2902,4748,74,64.16216216,High
47,46 - 55,F,Less than $40K,<Rs33L,Low Income,1585,4656,80,58.2,High
47,46 - 55,F,Less than $40K,<Rs33L,Low Income,2899,4296,68,63.17647059,High
50,46 - 55,F,$40K - $60K,Rs33L - Rs50L,Low Income,2295,2245,47,47.76595745,High
39,36 - 45,F,Less than $40K,<Rs33L,Low Income,3251,4284,85,50.4,High
48,46 - 55,F,Unknown,Unknown,Unknown,4009,4506,80,56.325,High
45,36 - 45,F,Less than $40K,<Rs33L,Low Income,3411,2108,55,38.32727273,High
49,46 - 55,M,$40K - $60K,Rs33L - Rs50L,Low Income,15525,4042,78,51.82051282,High
35,26 - 35,F,Less than $40K,<Rs33L,Low Income,2118,4541,60,75.68333333,High
34,26 - 35,F,$40K - $60K,Rs33L - Rs50L,Low Income,2275,4977,88,56.55681818,High
59,55+,F,Less than $40K,<Rs33L,Low Income,2601,4899,62,79.01612903,High
52,46 - 55,M,$80K - $120K,Rs66L - Rs1Cr,Mid Income,4642,3532,72,49.05555556,High
58,55+,M,Less than $40K,<Rs33L,Low Income,1438.3,4082,82,49.7804878,High
51,46 - 55,F,Less than $40K,<Rs33L,Low Income,1858,4388,66,66.48484848,High
59,55+,F,Less than $40K,<Rs33L,Low Income,2636,4727,83,56.95180723,High
50,46 - 55,F,$40K - $60K,Rs33L - Rs50L,Low Income,3743,4621,71,65.08450704,High
49,46 - 55,F,Less than $40K,<Rs33L,Low Income,1438.3,4538,82,55.34146341,High
61,55+,F,Less than $40K,<Rs33L,Low Income,4130,2418,57,42.42105263,High
47,46 - 55,M,$40K - $60K,Rs33L - Rs50L,Low Income,10960,3480,62,56.12903226,High
52,46 - 55,F,$40K - $60K,Rs33L - Rs50L,Low Income,3900,4337,81,53.54320988,High
38,36 - 45,M,Less than $40K,<Rs33L,Low Income,6236,5389,84,64.1547619,High
34,26 - 35,F,Unknown,Unknown,Unknown,2591,3876,67,57.85074627,High
57,55+,F,Less than $40K,<Rs33L,Low Income,1615,2212,43,51.44186047,High
47,46 - 55,F,Unknown,Unknown,Unknown,8332,5108,78,65.48717949,High
55,46 - 55,F,Less than $40K,<Rs33L,Low Income,2033,4100,82,50,High
55,46 - 55,M,$80K - $120K,Rs66L - Rs1Cr,Mid Income,8082,4277,59,72.49152542,High
57,55+,F,Less than $40K,<Rs33L,Low Income,1511,4683,87,53.82758621,High
43,36 - 45,F,Unknown,Unknown,Unknown,11536,4106,81,50.69135802,High
65,55+,F,Less than $40K,<Rs33L,Low Income,4010,3807,61,62.40983607,High
55,46 - 55,F,Less than $40K,<Rs33L,Low Income,1669,4085,69,59.20289855,High
54,46 - 55,F,Unknown,Unknown,Unknown,11905,4022,65,61.87692308,High
44,36 - 45,F,Less than $40K,<Rs33L,Low Income,3052,2598,47,55.27659574,High
55,46 - 55,F,Less than $40K,<Rs33L,Low Income,2712,4858,73,66.54794521,High
39,36 - 45,F,Less than $40K,<Rs33L,Low Income,1978,4299,59,72.86440678,High
37,36 - 45,F,Less than $40K,<Rs33L,Low Income,1438.3,4621,73,63.30136986,High
55,46 - 55,F,Less than $40K,<Rs33L,Low Income,1606,4548,76,59.84210526,High
46,46 - 55,F,Less than $40K,<Rs33L,Low Income,2406,4665,89,52.41573034,High
44,36 - 45,M,$80K - $120K,Rs66L - Rs1Cr,Mid Income,5877,3565,83,42.95180723,High
57,55+,F,Less than $40K,<Rs33L,Low Income,2796,2196,35,62.74285714,High
54,46 - 55,F,Unknown,Unknown,Unknown,2876,4302,74,58.13513514,High
38,36 - 45,F,Less than $40K,<Rs33L,Low Income,3554,2372,44,53.90909091,High
48,46 - 55,F,Less than $40K,<Rs33L,Low Income,9505,3616,68,53.17647059,High
34,26 - 35,F,Less than $40K,<Rs33L,Low Income,1576,2703,56,48.26785714,High
44,36 - 45,F,Less than $40K,<Rs33L,Low Income,1438.3,4257,89,47.83146067,High
39,36 - 45,M,$60K - $80K,Rs50L - Rs66L,Mid Income,2973,4342,87,49.90804598,High
40,36 - 45,F,Less than $40K,<Rs33L,Low Income,1438.3,2493,42,59.35714286,High
41,36 - 45,F,Unknown,Unknown,Unknown,5647,4868,76,64.05263158,High
43,36 - 45,F,$40K - $60K,Rs33L - Rs50L,Low Income,1766,4808,87,55.26436782,High
50,46 - 55,F,Less than $40K,<Rs33L,Low Income,1606,4129,68,60.72058824,High
54,46 - 55,F,Less than $40K,<Rs33L,Low Income,2223,2538,49,51.79591837,High
47,46 - 55,F,$40K - $60K,Rs33L - Rs50L,Low Income,2896,4970,85,58.47058824,High
51,46 - 55,M,$60K - $80K,Rs50L - Rs66L,Mid Income,2157,4784,69,69.33333333,High
49,46 - 55,F,Unknown,Unknown,Unknown,3802,2003,43,46.58139535,High
43,36 - 45,M,$60K - $80K,Rs50L - Rs66L,Mid Income,13840,4190,74,56.62162162,High
36,36 - 45,F,Less than $40K,<Rs33L,Low Income,2169,5182,78,66.43589744,High
47,46 - 55,F,Less than $40K,<Rs33L,Low Income,4862,4167,86,48.45348837,High
45,36 - 45,F,Less than $40K,<Rs33L,Low Income,2289,4483,72,62.26388889,High
49,46 - 55,M,$60K - $80K,Rs50L - Rs66L,Mid Income,22651,3915,72,54.375,High
48,46 - 55,F,Less than $40K,<Rs33L,Low Income,2406,4748,88,53.95454545,High
52,46 - 55,M,$80K - $120K,Rs66L - Rs1Cr,Mid Income,3022,2724,38,71.68421053,High
46,46 - 55,M,$80K - $120K,Rs66L - Rs1Cr,Mid Income,12935,3528,61,57.83606557,High
45,36 - 45,F,Less than $40K,<Rs33L,Low Income,1438.3,2207,41,53.82926829,High
49,46 - 55,F,$40K - $60K,Rs33L - Rs50L,Low Income,1438.3,2030,37,54.86486486,High
43,36 - 45,F,Less than $40K,<Rs33L,Low Income,2256,4893,76,64.38157895,High
40,36 - 45,F,Less than $40K,<Rs33L,Low Income,1516,2709,54,50.16666667,High
48,46 - 55,F,$40K - $60K,Rs33L - Rs50L,Low Income,2485,4351,86,50.59302326,High
53,46 - 55,F,Less than $40K,<Rs33L,Low Income,1820,4665,67,69.62686567,High
54,46 - 55,F,Unknown,Unknown,Unknown,2156,4120,77,53.50649351,High
48,46 - 55,M,$60K - $80K,Rs50L - Rs66L,Mid Income,5826,4135,76,54.40789474,High
39,36 - 45,F,Less than $40K,<Rs33L,Low Income,10190,3768,59,63.86440678,High
45,36 - 45,F,Less than $40K,<Rs33L,Low Income,2035,4670,77,60.64935065,High
45,36 - 45,F,Less than $40K,<Rs33L,Low Income,1833,2037,31,65.70967742,High
56,55+,M,$60K - $80K,Rs50L - Rs66L,Mid Income,1623,4965,74,67.09459459,High
27,26 - 35,F,Less than $40K,<Rs33L,Low Income,1835,1903,44,43.25,Medium
47,46 - 55,F,Less than $40K,<Rs33L,Low Income,4490,4346,70,62.08571429,High
48,46 - 55,M,$60K - $80K,Rs50L - Rs66L,Mid Income,11062,4084,72,56.72222222,High
30,26 - 35,F,Less than $40K,<Rs33L,Low Income,1574,2560,59,43.38983051,High
52,46 - 55,F,Less than $40K,<Rs33L,Low Income,2370,4751,80,59.3875,High
35,26 - 35,F,Less than $40K,<Rs33L,Low Income,2658,4667,83,56.22891566,High
38,36 - 45,F,Less than $40K,<Rs33L,Low Income,2300,2500,47,53.19148936,High
44,36 - 45,F,Less than $40K,<Rs33L,Low Income,2368,4289,71,60.4084507,High
53,46 - 55,F,$40K - $60K,Rs33L - Rs50L,Low Income,2883,4244,53,80.0754717,High
43,36 - 45,F,Unknown,Unknown,Unknown,3264,4624,75,61.65333333,High
46,46 - 55,F,Less than $40K,<Rs33L,Low Income,1937,4303,89,48.34831461,High
40,36 - 45,F,$40K - $60K,Rs33L - Rs50L,Low Income,2166,5097,82,62.15853659,High
43,36 - 45,F,$40K - $60K,Rs33L - Rs50L,Low Income,7135,3746,81,46.24691358,High
56,55+,F,Less than $40K,<Rs33L,Low Income,1438.3,4830,79,61.13924051,High
48,46 - 55,F,$40K - $60K,Rs33L - Rs50L,Low Income,3743,4674,67,69.76119403,High
31,26 - 35,F,Unknown,Unknown,Unknown,5190,4900,81,60.49382716,High
41,36 - 45,M,$40K - $60K,Rs33L - Rs50L,Low Income,6059,4119,70,58.84285714,High
47,46 - 55,F,Less than $40K,<Rs33L,Low Income,2577,4576,83,55.13253012,High
43,36 - 45,F,Less than $40K,<Rs33L,Low Income,3761,4476,79,56.65822785,High
50,46 - 55,F,Less than $40K,<Rs33L,Low Income,1572,2447,41,59.68292683,High
39,36 - 45,F,$40K - $60K,Rs33L - Rs50L,Low Income,1637,4800,70,68.57142857,High
51,46 - 55,M,$120K +,Rs1Cr +,High Income,28600,4336,66,65.6969697,High
40,36 - 45,M,Less than $40K,<Rs33L,Low Income,4402,3063,57,53.73684211,High
50,46 - 55,F,Less than $40K,<Rs33L,Low Income,2652,4816,79,60.96202532,High
41,36 - 45,F,$40K - $60K,Rs33L - Rs50L,Low Income,6602,4479,82,54.62195122,High
37,36 - 45,F,$40K - $60K,Rs33L - Rs50L,Low Income,1900,2880,46,62.60869565,High
56,55+,F,$40K - $60K,Rs33L - Rs50L,Low Income,3455,4925,82,60.06097561,High
47,46 - 55,M,$60K - $80K,Rs50L - Rs66L,Mid Income,18123,4259,80,53.2375,High
44,36 - 45,F,Less than $40K,<Rs33L,Low Income,2295,3834,69,55.56521739,High
38,36 - 45,M,$80K - $120K,Rs66L - Rs1Cr,Mid Income,1518,3595,65,55.30769231,High
45,36 - 45,F,Less than $40K,<Rs33L,Low Income,2723,3875,84,46.13095238,High
47,46 - 55,F,Less than $40K,<Rs33L,Low Income,1776,4878,84,58.07142857,High
39,36 - 45,F,Less than $40K,<Rs33L,Low Income,1968,4199,84,49.98809524,High
48,46 - 55,F,Less than $40K,<Rs33L,Low Income,1860,5163,73,70.7260274,High
53,46 - 55,F,Less than $40K,<Rs33L,Low Income,2684,5299,75,70.65333333,High
51,46 - 55,F,$40K - $60K,Rs33L - Rs50L,Low Income,2180,4348,77,56.46753247,High
41,36 - 45,F,Less than $40K,<Rs33L,Low Income,1661,2473,49,50.46938776,High
38,36 - 45,F,Less than $40K,<Rs33L,Low Income,1679,4771,81,58.90123457,High
36,36 - 45,F,Less than $40K,<Rs33L,Low Income,1691,2716,63,43.11111111,High
46,46 - 55,F,Less than $40K,<Rs33L,Low Income,2888,3703,61,60.70491803,High
58,55+,F,$40K - $60K,Rs33L - Rs50L,Low Income,1871,4553,90,50.58888889,High
44,36 - 45,F,Less than $40K,<Rs33L,Low Income,3226,4317,81,53.2962963,High
41,36 - 45,M,$80K - $120K,Rs66L - Rs1Cr,Mid Income,12114,3964,90,44.04444444,High
42,36 - 45,F,Less than $40K,<Rs33L,Low Income,4959,4286,71,60.36619718,High
42,36 - 45,M,$80K - $120K,Rs66L - Rs1Cr,Mid Income,10374,4240,63,67.3015873,High
45,36 - 45,F,Less than $40K,<Rs33L,Low Income,1438.3,4425,79,56.01265823,High
44,36 - 45,F,Unknown,Unknown,Unknown,1486,2380,43,55.34883721,High
41,36 - 45,F,Unknown,Unknown,Unknown,2542,4087,73,55.98630137,High
35,26 - 35,M,Less than $40K,<Rs33L,Low Income,1931,2482,40,62.05,High
48,46 - 55,F,Less than $40K,<Rs33L,Low Income,1644,2450,45,54.44444444,High
43,36 - 45,F,$40K - $60K,Rs33L - Rs50L,Low Income,2283,4088,66,61.93939394,High
36,36 - 45,F,Less than $40K,<Rs33L,Low Income,4943,4024,82,49.07317073,High
44,36 - 45,M,$40K - $60K,Rs33L - Rs50L,Low Income,1438.3,2100,54,38.88888889,High
43,36 - 45,F,Less than $40K,<Rs33L,Low Income,1438.3,4482,54,83,High
52,46 - 55,F,Less than $40K,<Rs33L,Low Income,1438.3,4737,80,59.2125,High
61,55+,F,Less than $40K,<Rs33L,Low Income,1760,2285,46,49.67391304,High
50,46 - 55,F,Less than $40K,<Rs33L,Low Income,1852,4339,82,52.91463415,High
43,36 - 45,M,$60K - $80K,Rs50L - Rs66L,Mid Income,2049,4521,70,64.58571429,High
48,46 - 55,F,Less than $40K,<Rs33L,Low Income,1670,2790,37,75.40540541,High
35,26 - 35,F,Less than $40K,<Rs33L,Low Income,1511,4823,64,75.359375,High
39,36 - 45,M,$80K - $120K,Rs66L - Rs1Cr,Mid Income,6018,4355,78,55.83333333,High
59,55+,F,Less than $40K,<Rs33L,Low Income,3030,4724,71,66.53521127,High
58,55+,F,Less than $40K,<Rs33L,Low Income,2755,4394,75,58.58666667,High
51,46 - 55,M,$80K - $120K,Rs66L - Rs1Cr,Mid Income,8783,4425,83,53.31325301,High
64,55+,M,Less than $40K,<Rs33L,Low Income,1861,5225,94,55.58510638,High
50,46 - 55,M,$120K +,Rs1Cr +,High Income,13709,2511,40,62.775,High
46,46 - 55,F,Less than $40K,<Rs33L,Low Income,4710,2690,43,62.55813953,High
49,46 - 55,M,$80K - $120K,Rs66L - Rs1Cr,Mid Income,17285,4787,60,79.78333333,High
53,46 - 55,F,Less than $40K,<Rs33L,Low Income,1438.3,4463,87,51.29885057,High
54,46 - 55,M,$60K - $80K,Rs50L - Rs66L,Mid Income,7866,4238,55,77.05454545,High
42,36 - 45,F,Less than $40K,<Rs33L,Low Income,2190,5026,77,65.27272727,High
43,36 - 45,F,Less than $40K,<Rs33L,Low Income,4829,4778,65,73.50769231,High
46,46 - 55,M,$80K - $120K,Rs66L - Rs1Cr,Mid Income,3210,3962,62,63.90322581,High
38,36 - 45,F,Less than $40K,<Rs33L,Low Income,1755,5000,79,63.29113924,High
47,46 - 55,F,$40K - $60K,Rs33L - Rs50L,Low Income,1438.3,4341,80,54.2625,High
37,36 - 45,M,$60K - $80K,Rs50L - Rs66L,Mid Income,14485,3895,87,44.77011494,High
47,46 - 55,M,$40K - $60K,Rs33L - Rs50L,Low Income,6043,4256,78,54.56410256,High
43,36 - 45,M,$60K - $80K,Rs50L - Rs66L,Mid Income,6348,1732,39,44.41025641,Medium
56,55+,F,Less than $40K,<Rs33L,Low Income,1438.3,4210,75,56.13333333,High
43,36 - 45,M,$60K - $80K,Rs50L - Rs66L,Mid Income,17239,1789,38,47.07894737,Medium
45,36 - 45,F,Unknown,Unknown,Unknown,18432,2300,45,51.11111111,High
47,46 - 55,F,Less than $40K,<Rs33L,Low Income,1636,5056,85,59.48235294,High
43,36 - 45,F,Unknown,Unknown,Unknown,7951,4452,65,68.49230769,High
44,36 - 45,M,$60K - $80K,Rs50L - Rs66L,Mid Income,14201,2223,47,47.29787234,High
52,46 - 55,F,$40K - $60K,Rs33L - Rs50L,Low Income,2723,4108,70,58.68571429,High
52,46 - 55,F,Less than $40K,<Rs33L,Low Income,2019,3603,59,61.06779661,High
43,36 - 45,F,Unknown,Unknown,Unknown,10305,4018,63,63.77777778,High
49,46 - 55,M,$40K - $60K,Rs33L - Rs50L,Low Income,3114,5219,86,60.68604651,High
40,36 - 45,M,$40K - $60K,Rs33L - Rs50L,Low Income,4323,2451,38,64.5,High
50,46 - 55,F,Less than $40K,<Rs33L,Low Income,3647,2935,58,50.60344828,High
43,36 - 45,M,$60K - $80K,Rs50L - Rs66L,Mid Income,1849,4678,71,65.88732394,High
53,46 - 55,M,$80K - $120K,Rs66L - Rs1Cr,Mid Income,2540,4480,80,56,High
42,36 - 45,F,Unknown,Unknown,Unknown,4972,4524,72,62.83333333,High
55,46 - 55,F,Less than $40K,<Rs33L,Low Income,13565,3705,69,53.69565217,High
40,36 - 45,M,$60K - $80K,Rs50L - Rs66L,Mid Income,6332,2505,43,58.25581395,High
41,36 - 45,M,$60K - $80K,Rs50L - Rs66L,Mid Income,6062,3877,66,58.74242424,High
47,46 - 55,F,Less than $40K,<Rs33L,Low Income,2897,4491,75,59.88,High
46,46 - 55,M,$60K - $80K,Rs50L - Rs66L,Mid Income,13407,4869,84,57.96428571,High
50,46 - 55,F,Unknown,Unknown,Unknown,6610,4735,83,57.04819277,High
33,26 - 35,M,$80K - $120K,Rs66L - Rs1Cr,Mid Income,1438.3,2439,43,56.72093023,High
45,36 - 45,F,Less than $40K,<Rs33L,Low Income,2030,5067,88,57.57954545,High
53,46 - 55,M,$40K - $60K,Rs33L - Rs50L,Low Income,3146,1868,38,49.15789474,Medium
36,36 - 45,M,$80K - $120K,Rs66L - Rs1Cr,Mid Income,5302,4284,74,57.89189189,High
55,46 - 55,F,Less than $40K,<Rs33L,Low Income,3185,5069,81,62.58024691,High
42,36 - 45,F,Less than $40K,<Rs33L,Low Income,4328,4593,72,63.79166667,High
51,46 - 55,F,Less than $40K,<Rs33L,Low Income,2238,4508,79,57.06329114,High
44,36 - 45,F,Less than $40K,<Rs33L,Low Income,2658,4779,83,57.57831325,High
47,46 - 55,M,$60K - $80K,Rs50L - Rs66L,Mid Income,9090,4422,65,68.03076923,High
46,46 - 55,F,Less than $40K,<Rs33L,Low Income,2424,4209,76,55.38157895,High
57,55+,F,Less than $40K,<Rs33L,Low Income,1438.3,3848,75,51.30666667,High
43,36 - 45,F,Less than $40K,<Rs33L,Low Income,1438.3,2137,40,53.425,High
61,55+,F,Unknown,Unknown,Unknown,2303,3440,46,74.7826087,High
51,46 - 55,M,$120K +,Rs1Cr +,High Income,2792,4074,81,50.2962963,High
44,36 - 45,F,Less than $40K,<Rs33L,Low Income,2900,4549,70,64.98571429,High
46,46 - 55,F,Less than $40K,<Rs33L,Low Income,2267,4249,81,52.45679012,High
52,46 - 55,F,$40K - $60K,Rs33L - Rs50L,Low Income,4189,4661,85,54.83529412,High
45,36 - 45,M,$60K - $80K,Rs50L - Rs66L,Mid Income,12890,2216,51,43.45098039,High
35,26 - 35,F,Unknown,Unknown,Unknown,3269,4672,66,70.78787879,High
59,55+,F,Less than $40K,<Rs33L,Low Income,2759,5037,84,59.96428571,High
46,46 - 55,F,Less than $40K,<Rs33L,Low Income,1787,2345,36,65.13888889,High
43,36 - 45,M,$60K - $80K,Rs50L - Rs66L,Mid Income,6854,4578,72,63.58333333,High
35,26 - 35,M,$80K - $120K,Rs66L - Rs1Cr,Mid Income,2904,2653,46,57.67391304,High
44,36 - 45,M,$80K - $120K,Rs66L - Rs1Cr,Mid Income,5293,4572,90,50.8,High
57,55+,F,Less than $40K,<Rs33L,Low Income,1781,4593,81,56.7037037,High
50,46 - 55,M,$60K - $80K,Rs50L - Rs66L,Mid Income,3276,4488,92,48.7826087,High
55,46 - 55,M,$60K - $80K,Rs50L - Rs66L,Mid Income,34516,3807,82,46.42682927,High
48,46 - 55,M,$60K - $80K,Rs50L - Rs66L,Mid Income,14670,4221,83,50.85542169,High
59,55+,F,$40K - $60K,Rs33L - Rs50L,Low Income,4375,2507,53,47.30188679,High
36,36 - 45,F,Unknown,Unknown,Unknown,3448,5471,87,62.88505747,High
43,36 - 45,M,$80K - $120K,Rs66L - Rs1Cr,Mid Income,2111,2112,46,45.91304348,High
55,46 - 55,F,Less than $40K,<Rs33L,Low Income,3123,4424,81,54.61728395,High
42,36 - 45,M,$40K - $60K,Rs33L - Rs50L,Low Income,8374,4493,59,76.15254237,High
48,46 - 55,F,$40K - $60K,Rs33L - Rs50L,Low Income,15713,4775,61,78.27868852,High
60,55+,F,$40K - $60K,Rs33L - Rs50L,Low Income,4115,3627,61,59.45901639,High
50,46 - 55,M,$80K - $120K,Rs66L - Rs1Cr,Mid Income,6925,2506,36,69.61111111,High
42,36 - 45,F,Unknown,Unknown,Unknown,1898,5051,64,78.921875,High
44,36 - 45,F,Unknown,Unknown,Unknown,2021,4209,77,54.66233766,High
33,26 - 35,F,Less than $40K,<Rs33L,Low Income,1630,4143,67,61.8358209,High
48,46 - 55,F,$40K - $60K,Rs33L - Rs50L,Low Income,1538,2275,43,52.90697674,High
48,46 - 55,M,$60K - $80K,Rs50L - Rs66L,Mid Income,22639,4219,65,64.90769231,High
39,36 - 45,F,Less than $40K,<Rs33L,Low Income,2452,4204,63,66.73015873,High
32,26 - 35,F,Less than $40K,<Rs33L,Low Income,1438.3,4885,78,62.62820513,High
41,36 - 45,M,$120K +,Rs1Cr +,High Income,9924,1949,43,45.3255814,Medium
37,36 - 45,F,Less than $40K,<Rs33L,Low Income,2586,4883,73,66.89041096,High
59,55+,F,Less than $40K,<Rs33L,Low Income,2308,4869,77,63.23376623,High
48,46 - 55,F,Unknown,Unknown,Unknown,10514,4949,76,65.11842105,High
54,46 - 55,M,$40K - $60K,Rs33L - Rs50L,Low Income,1655,4621,67,68.97014925,High
41,36 - 45,F,$40K - $60K,Rs33L - Rs50L,Low Income,2768,5112,86,59.44186047,High
59,55+,F,Less than $40K,<Rs33L,Low Income,2533,3816,75,50.88,High
48,46 - 55,M,$80K - $120K,Rs66L - Rs1Cr,Mid Income,25658,4498,85,52.91764706,High
55,46 - 55,F,$40K - $60K,Rs33L - Rs50L,Low Income,4410,1883,44,42.79545455,Medium
49,46 - 55,F,Less than $40K,<Rs33L,Low Income,3468,2494,39,63.94871795,High
51,46 - 55,F,Less than $40K,<Rs33L,Low Income,1438.3,4323,70,61.75714286,High
34,26 - 35,F,Unknown,Unknown,Unknown,1438.3,2819,48,58.72916667,High
55,46 - 55,F,Unknown,Unknown,Unknown,6968,4037,69,58.50724638,High
35,26 - 35,F,$40K - $60K,Rs33L - Rs50L,Low Income,2441,4105,73,56.23287671,High
46,46 - 55,F,Less than $40K,<Rs33L,Low Income,1836,1799,28,64.25,Medium
50,46 - 55,F,$40K - $60K,Rs33L - Rs50L,Low Income,2560,4456,70,63.65714286,High
43,36 - 45,M,$80K - $120K,Rs66L - Rs1Cr,Mid Income,32733,3452,54,63.92592593,High
48,46 - 55,F,Less than $40K,<Rs33L,Low Income,2964,2327,38,61.23684211,High
44,36 - 45,M,$80K - $120K,Rs66L - Rs1Cr,Mid Income,8315,4088,66,61.93939394,High
65,55+,F,Less than $40K,<Rs33L,Low Income,2279,4091,82,49.8902439,High
53,46 - 55,M,$80K - $120K,Rs66L - Rs1Cr,Mid Income,34516,3819,72,53.04166667,High
49,46 - 55,M,$40K - $60K,Rs33L - Rs50L,Low Income,1438.3,3691,77,47.93506494,High
45,36 - 45,F,Less than $40K,<Rs33L,Low Income,2020,4951,85,58.24705882,High
44,36 - 45,F,Unknown,Unknown,Unknown,34516,2227,44,50.61363636,High
56,55+,F,Unknown,Unknown,Unknown,5261,4448,86,51.72093023,High
43,36 - 45,F,Unknown,Unknown,Unknown,2692,4622,73,63.31506849,High
49,46 - 55,F,$40K - $60K,Rs33L - Rs50L,Low Income,1994,4434,69,64.26086957,High
44,36 - 45,M,$60K - $80K,Rs50L - Rs66L,Mid Income,3290,4780,84,56.9047619,High
52,46 - 55,F,$40K - $60K,Rs33L - Rs50L,Low Income,3035,4104,79,51.94936709,High
37,36 - 45,F,$40K - $60K,Rs33L - Rs50L,Low Income,2407,4983,86,57.94186047,High
47,46 - 55,F,Less than $40K,<Rs33L,Low Income,1781,2196,35,62.74285714,High
40,36 - 45,F,Less than $40K,<Rs33L,Low Income,3680,2725,41,66.46341463,High
48,46 - 55,F,Less than $40K,<Rs33L,Low Income,2740,2431,46,52.84782609,High
42,36 - 45,F,Less than $40K,<Rs33L,Low Income,4311,4965,94,52.81914894,High
42,36 - 45,F,Less than $40K,<Rs33L,Low Income,1931,4693,66,71.10606061,High
59,55+,M,Less than $40K,<Rs33L,Low Income,3604,4576,87,52.59770115,High
47,46 - 55,F,Less than $40K,<Rs33L,Low Income,2190,4416,68,64.94117647,High
56,55+,F,Less than $40K,<Rs33L,Low Income,8438,4798,89,53.91011236,High
46,46 - 55,F,$40K - $60K,Rs33L - Rs50L,Low Income,3413,5029,86,58.47674419,High
26,26 - 35,F,Less than $40K,<Rs33L,Low Income,2163,4380,57,76.84210526,High
42,36 - 45,F,Less than $40K,<Rs33L,Low Income,3595,5025,84,59.82142857,High
47,46 - 55,M,$120K +,Rs1Cr +,High Income,9036,4500,83,54.21686747,High
48,46 - 55,F,Less than $40K,<Rs33L,Low Income,2315,4828,90,53.64444444,High
44,36 - 45,M,$80K - $120K,Rs66L - Rs1Cr,Mid Income,34516,4654,59,78.88135593,High
56,55+,F,Less than $40K,<Rs33L,Low Income,4008,5429,71,76.46478873,High
43,36 - 45,F,Less than $40K,<Rs33L,Low Income,3143,5409,79,68.46835443,High
40,36 - 45,M,$80K - $120K,Rs66L - Rs1Cr,Mid Income,3427,2625,63,41.66666667,High
38,36 - 45,F,Less than $40K,<Rs33L,Low Income,2699,4813,78,61.70512821,High
40,36 - 45,F,Less than $40K,<Rs33L,Low Income,1538,4884,79,61.82278481,High
48,46 - 55,F,$40K - $60K,Rs33L - Rs50L,Low Income,5573,4348,90,48.31111111,High
46,46 - 55,M,$80K - $120K,Rs66L - Rs1Cr,Mid Income,2570,4442,85,52.25882353,High
43,36 - 45,M,$80K - $120K,Rs66L - Rs1Cr,Mid Income,18008,2659,55,48.34545455,High
52,46 - 55,M,$120K +,Rs1Cr +,High Income,34516,2395,47,50.95744681,High
49,46 - 55,F,Unknown,Unknown,Unknown,13483,3427,72,47.59722222,High
49,46 - 55,F,Unknown,Unknown,Unknown,4349,4694,84,55.88095238,High
42,36 - 45,M,$60K - $80K,Rs50L - Rs66L,Mid Income,11698,3539,81,43.69135802,High
46,46 - 55,F,Less than $40K,<Rs33L,Low Income,8318,2427,52,46.67307692,High
46,46 - 55,F,Less than $40K,<Rs33L,Low Income,1438.3,3942,78,50.53846154,High
49,46 - 55,F,$40K - $60K,Rs33L - Rs50L,Low Income,1643,2520,38,66.31578947,High
42,36 - 45,M,$40K - $60K,Rs33L - Rs50L,Low Income,1503,4680,67,69.85074627,High
47,46 - 55,F,Less than $40K,<Rs33L,Low Income,2793,3485,72,48.40277778,High
45,36 - 45,F,$40K - $60K,Rs33L - Rs50L,Low Income,1438.3,4459,66,67.56060606,High
33,26 - 35,M,$80K - $120K,Rs66L - Rs1Cr,Mid Income,9094,4203,76,55.30263158,High
50,46 - 55,M,$60K - $80K,Rs50L - Rs66L,Mid Income,6362,4476,85,52.65882353,High
60,55+,F,Less than $40K,<Rs33L,Low Income,2394,4611,82,56.23170732,High
45,36 - 45,M,$60K - $80K,Rs50L - Rs66L,Mid Income,15100,4135,76,54.40789474,High
53,46 - 55,F,Less than $40K,<Rs33L,Low Income,2927,2231,60,37.18333333,High
48,46 - 55,M,$80K - $120K,Rs66L - Rs1Cr,Mid Income,9030,4899,84,58.32142857,High
53,46 - 55,F,Less than $40K,<Rs33L,Low Income,1543,4312,84,51.33333333,High
53,46 - 55,F,Unknown,Unknown,Unknown,4941,5104,87,58.66666667,High
33,26 - 35,F,Unknown,Unknown,Unknown,2279,4169,74,56.33783784,High
44,36 - 45,F,Less than $40K,<Rs33L,Low Income,1877,2581,57,45.28070175,High
52,46 - 55,M,$40K - $60K,Rs33L - Rs50L,Low Income,1438.3,3763,74,50.85135135,High
40,36 - 45,F,Less than $40K,<Rs33L,Low Income,1438.3,4397,73,60.23287671,High
41,36 - 45,M,$60K - $80K,Rs50L - Rs66L,Mid Income,9577,4086,62,65.90322581,High
43,36 - 45,M,$60K - $80K,Rs50L - Rs66L,Mid Income,5427,4328,73,59.28767123,High
46,46 - 55,F,$40K - $60K,Rs33L - Rs50L,Low Income,5913,2404,39,61.64102564,High
43,36 - 45,F,$40K - $60K,Rs33L - Rs50L,Low Income,2867,2646,41,64.53658537,High
40,36 - 45,F,Less than $40K,<Rs33L,Low Income,2506,4665,82,56.8902439,High
39,36 - 45,F,$40K - $60K,Rs33L - Rs50L,Low Income,1693,4203,87,48.31034483,High
54,46 - 55,F,Unknown,Unknown,Unknown,3137,2925,41,71.34146341,High
47,46 - 55,F,Less than $40K,<Rs33L,Low Income,2437,2027,42,48.26190476,High
35,26 - 35,F,Less than $40K,<Rs33L,Low Income,1438.3,4840,85,56.94117647,High
46,46 - 55,F,Less than $40K,<Rs33L,Low Income,3913,5170,93,55.59139785,High
41,36 - 45,F,Less than $40K,<Rs33L,Low Income,4953,4183,67,62.43283582,High
48,46 - 55,F,$40K - $60K,Rs33L - Rs50L,Low Income,5724,4510,59,76.44067797,High
37,36 - 45,M,$40K - $60K,Rs33L - Rs50L,Low Income,1438.3,5046,77,65.53246753,High
55,46 - 55,F,Less than $40K,<Rs33L,Low Income,1886,4233,81,52.25925926,High
42,36 - 45,F,$40K - $60K,Rs33L - Rs50L,Low Income,1451,2192,35,62.62857143,High
47,46 - 55,F,Unknown,Unknown,Unknown,2950,4740,83,57.10843373,High
42,36 - 45,F,$40K - $60K,Rs33L - Rs50L,Low Income,1438.3,2181,43,50.72093023,High
36,36 - 45,F,$40K - $60K,Rs33L - Rs50L,Low Income,2024,4861,84,57.86904762,High
33,26 - 35,F,Unknown,Unknown,Unknown,2299,2323,47,49.42553191,High
47,46 - 55,M,$40K - $60K,Rs33L - Rs50L,Low Income,3291,3228,82,39.36585366,High
41,36 - 45,F,Less than $40K,<Rs33L,Low Income,1438.3,1890,43,43.95348837,Medium
41,36 - 45,F,Less than $40K,<Rs33L,Low Income,2137,4290,90,47.66666667,High
60,55+,F,Less than $40K,<Rs33L,Low Income,1438.3,1628,42,38.76190476,Medium
48,46 - 55,M,$80K - $120K,Rs66L - Rs1Cr,Mid Income,16794,4040,76,53.15789474,High
43,36 - 45,M,$40K - $60K,Rs33L - Rs50L,Low Income,12219,3843,69,55.69565217,High
54,46 - 55,F,Less than $40K,<Rs33L,Low Income,1804,4542,73,62.21917808,High
60,55+,F,Less than $40K,<Rs33L,Low Income,2343,4858,69,70.4057971,High
44,36 - 45,M,$80K - $120K,Rs66L - Rs1Cr,Mid Income,19724,3830,82,46.70731707,High
49,46 - 55,F,Less than $40K,<Rs33L,Low Income,3949,4124,57,72.35087719,High
64,55+,F,Less than $40K,<Rs33L,Low Income,1682,1811,39,46.43589744,Medium
54,46 - 55,F,Less than $40K,<Rs33L,Low Income,1724,2725,47,57.9787234,High
50,46 - 55,F,Less than $40K,<Rs33L,Low Income,2372,4418,80,55.225,High
40,36 - 45,M,$120K +,Rs1Cr +,High Income,4642,5080,76,66.84210526,High
49,46 - 55,F,$40K - $60K,Rs33L - Rs50L,Low Income,2765,4629,58,79.81034483,High
49,46 - 55,F,Less than $40K,<Rs33L,Low Income,2555,4552,75,60.69333333,High
51,46 - 55,M,$80K - $120K,Rs66L - Rs1Cr,Mid Income,3150,3477,78,44.57692308,High
43,36 - 45,F,Less than $40K,<Rs33L,Low Income,2570,4058,83,48.89156627,High
59,55+,M,$60K - $80K,Rs50L - Rs66L,Mid Income,4386,4064,65,62.52307692,High
42,36 - 45,M,Less than $40K,<Rs33L,Low Income,2411,4331,63,68.74603175,High
47,46 - 55,M,Less than $40K,<Rs33L,Low Income,6397,2511,56,44.83928571,High
53,46 - 55,M,$120K +,Rs1Cr +,High Income,23958,2777,45,61.71111111,High
49,46 - 55,F,Less than $40K,<Rs33L,Low Income,2608,4776,85,56.18823529,High
45,36 - 45,M,$40K - $60K,Rs33L - Rs50L,Low Income,4409,4292,76,56.47368421,High
48,46 - 55,M,$60K - $80K,Rs50L - Rs66L,Mid Income,10033,4106,78,52.64102564,High
48,46 - 55,M,$60K - $80K,Rs50L - Rs66L,Mid Income,1641,2536,45,56.35555556,High
57,55+,F,Less than $40K,<Rs33L,Low Income,2454,4983,79,63.07594937,High
56,55+,F,Less than $40K,<Rs33L,Low Income,1978,4870,83,58.6746988,High
46,46 - 55,M,$60K - $80K,Rs50L - Rs66L,Mid Income,5464,4866,81,60.07407407,High
42,36 - 45,M,$60K - $80K,Rs50L - Rs66L,Mid Income,5951,4160,84,49.52380952,High
49,46 - 55,F,Less than $40K,<Rs33L,Low Income,2381,4013,79,50.79746835,High
48,46 - 55,M,$60K - $80K,Rs50L - Rs66L,Mid Income,11596,4686,67,69.94029851,High
55,46 - 55,F,$40K - $60K,Rs33L - Rs50L,Low Income,5162,3562,72,49.47222222,High
63,55+,F,Unknown,Unknown,Unknown,16312,4366,68,64.20588235,High
44,36 - 45,M,$60K - $80K,Rs50L - Rs66L,Mid Income,25276,2282,38,60.05263158,High
38,36 - 45,F,Less than $40K,<Rs33L,Low Income,1939,4790,77,62.20779221,High
45,36 - 45,F,$40K - $60K,Rs33L - Rs50L,Low Income,2788,4437,67,66.2238806,High
54,46 - 55,F,Less than $40K,<Rs33L,Low Income,1438.3,4776,90,53.06666667,High
59,55+,F,Less than $40K,<Rs33L,Low Income,2448,5066,84,60.30952381,High
52,46 - 55,F,Unknown,Unknown,Unknown,10317,3939,60,65.65,High
38,36 - 45,F,Less than $40K,<Rs33L,Low Income,3119,2492,50,49.84,High
42,36 - 45,F,Less than $40K,<Rs33L,Low Income,2803,2216,40,55.4,High
43,36 - 45,F,Less than $40K,<Rs33L,Low Income,2397,4140,68,60.88235294,High
44,36 - 45,F,Less than $40K,<Rs33L,Low Income,1693,2829,42,67.35714286,High
52,46 - 55,M,$80K - $120K,Rs66L - Rs1Cr,Mid Income,2866,4850,84,57.73809524,High
52,46 - 55,F,$40K - $60K,Rs33L - Rs50L,Low Income,2498,4434,79,56.12658228,High
42,36 - 45,F,Less than $40K,<Rs33L,Low Income,1878,4707,74,63.60810811,High
53,46 - 55,F,$40K - $60K,Rs33L - Rs50L,Low Income,2712,4159,69,60.27536232,High
52,46 - 55,M,$120K +,Rs1Cr +,High Income,34516,2213,47,47.08510638,High
34,26 - 35,F,$40K - $60K,Rs33L - Rs50L,Low Income,6169,4794,71,67.52112676,High
51,46 - 55,M,$80K - $120K,Rs66L - Rs1Cr,Mid Income,6205,4605,88,52.32954545,High
43,36 - 45,F,Less than $40K,<Rs33L,Low Income,1780,5008,93,53.84946237,High
48,46 - 55,F,Less than $40K,<Rs33L,Low Income,1438.3,4490,65,69.07692308,High
41,36 - 45,F,Less than $40K,<Rs33L,Low Income,2811,2245,41,54.75609756,High
59,55+,F,Less than $40K,<Rs33L,Low Income,7501,2280,49,46.53061224,High
62,55+,M,Less than $40K,<Rs33L,Low Income,2856,4473,67,66.76119403,High
37,36 - 45,M,$80K - $120K,Rs66L - Rs1Cr,Mid Income,29898,3883,68,57.10294118,High
46,46 - 55,M,$60K - $80K,Rs50L - Rs66L,Mid Income,1939,4327,84,51.51190476,High
50,46 - 55,F,Less than $40K,<Rs33L,Low Income,2965,4475,66,67.8030303,High
40,36 - 45,F,Less than $40K,<Rs33L,Low Income,2812,4763,74,64.36486486,High
59,55+,F,Unknown,Unknown,Unknown,10031,1792,29,61.79310345,Medium
62,55+,M,$40K - $60K,Rs33L - Rs50L,Low Income,4049,4003,73,54.83561644,High
38,36 - 45,F,$40K - $60K,Rs33L - Rs50L,Low Income,2669,2271,31,73.25806452,High
44,36 - 45,F,Less than $40K,<Rs33L,Low Income,1951,2697,45,59.93333333,High
59,55+,F,$40K - $60K,Rs33L - Rs50L,Low Income,1528,4411,77,57.28571429,High
48,46 - 55,F,Less than $40K,<Rs33L,Low Income,1438.3,2090,50,41.8,High
50,46 - 55,M,$60K - $80K,Rs50L - Rs66L,Mid Income,3143,2297,37,62.08108108,High
46,46 - 55,F,Less than $40K,<Rs33L,Low Income,1438.3,3916,79,49.56962025,High
43,36 - 45,M,$40K - $60K,Rs33L - Rs50L,Low Income,8406,3820,75,50.93333333,High
50,46 - 55,F,Less than $40K,<Rs33L,Low Income,2242,4708,81,58.12345679,High
44,36 - 45,M,$60K - $80K,Rs50L - Rs66L,Mid Income,6538,2132,33,64.60606061,High
42,36 - 45,F,Less than $40K,<Rs33L,Low Income,4710,4663,78,59.78205128,High
50,46 - 55,M,$120K +,Rs1Cr +,High Income,13032,4348,77,56.46753247,High
45,36 - 45,F,Less than $40K,<Rs33L,Low Income,2225,4138,85,48.68235294,High
52,46 - 55,F,$40K - $60K,Rs33L - Rs50L,Low Income,3143,4417,84,52.58333333,High
49,46 - 55,M,$60K - $80K,Rs50L - Rs66L,Mid Income,5013,5223,84,62.17857143,High
60,55+,F,Less than $40K,<Rs33L,Low Income,3466,4073,69,59.02898551,High
38,36 - 45,F,Less than $40K,<Rs33L,Low Income,1686,4891,68,71.92647059,High
44,36 - 45,F,$40K - $60K,Rs33L - Rs50L,Low Income,1689,1588,37,42.91891892,Medium
47,46 - 55,M,$40K - $60K,Rs33L - Rs50L,Low Income,1626,4847,78,62.14102564,High
57,55+,F,Less than $40K,<Rs33L,Low Income,1614,1690,38,44.47368421,Medium
41,36 - 45,F,Unknown,Unknown,Unknown,2429,4775,84,56.8452381,High
35,26 - 35,F,$40K - $60K,Rs33L - Rs50L,Low Income,1438.3,4551,82,55.5,High
39,36 - 45,M,$80K - $120K,Rs66L - Rs1Cr,Mid Income,17523,1974,54,36.55555556,Medium
54,46 - 55,F,Less than $40K,<Rs33L,Low Income,2573,4404,93,47.35483871,High
43,36 - 45,F,$40K - $60K,Rs33L - Rs50L,Low Income,2900,4656,59,78.91525424,High
32,26 - 35,F,Less than $40K,<Rs33L,Low Income,2352,5209,93,56.01075269,High
58,55+,F,Less than $40K,<Rs33L,Low Income,2212,4976,79,62.98734177,High
33,26 - 35,M,$80K - $120K,Rs66L - Rs1Cr,Mid Income,9642,2172,33,65.81818182,High
56,55+,M,$120K +,Rs1Cr +,High Income,9257,4212,72,58.5,High
46,46 - 55,F,Less than $40K,<Rs33L,Low Income,1731,2304,46,50.08695652,High
61,55+,M,$60K - $80K,Rs50L - Rs66L,Mid Income,16929,4799,79,60.74683544,High
50,46 - 55,M,$80K - $120K,Rs66L - Rs1Cr,Mid Income,3606,3568,92,38.7826087,High
44,36 - 45,M,$40K - $60K,Rs33L - Rs50L,Low Income,1714,4180,71,58.87323944,High
46,46 - 55,M,$80K - $120K,Rs66L - Rs1Cr,Mid Income,23512,3764,60,62.73333333,High
44,36 - 45,F,Less than $40K,<Rs33L,Low Income,1855,2544,27,94.22222222,High
44,36 - 45,F,Less than $40K,<Rs33L,Low Income,1605,2722,45,60.48888889,High
46,46 - 55,F,Less than $40K,<Rs33L,Low Income,2302,2689,49,54.87755102,High
42,36 - 45,M,$60K - $80K,Rs50L - Rs66L,Mid Income,13546,3943,73,54.01369863,High
54,46 - 55,F,Less than $40K,<Rs33L,Low Income,2440,2334,51,45.76470588,High
39,36 - 45,F,Less than $40K,<Rs33L,Low Income,2669,3847,65,59.18461538,High
47,46 - 55,F,Less than $40K,<Rs33L,Low Income,2402,1930,48,40.20833333,Medium
46,46 - 55,F,$40K - $60K,Rs33L - Rs50L,Low Income,3001,2577,39,66.07692308,High
42,36 - 45,F,Less than $40K,<Rs33L,Low Income,2552,4437,61,72.73770492,High
41,36 - 45,F,Less than $40K,<Rs33L,Low Income,2679,4682,81,57.80246914,High
45,36 - 45,F,Less than $40K,<Rs33L,Low Income,1502,4890,61,80.16393443,High
61,55+,F,$40K - $60K,Rs33L - Rs50L,Low Income,1438.3,4518,81,55.77777778,High
46,46 - 55,F,Less than $40K,<Rs33L,Low Income,3331,3946,69,57.1884058,High
32,26 - 35,F,Less than $40K,<Rs33L,Low Income,1438.3,4593,79,58.13924051,High
55,46 - 55,F,Less than $40K,<Rs33L,Low Income,2426,5175,82,63.1097561,High
59,55+,M,$80K - $120K,Rs66L - Rs1Cr,Mid Income,2791,2658,43,61.81395349,High
49,46 - 55,M,$80K - $120K,Rs66L - Rs1Cr,Mid Income,18379,4122,70,58.88571429,High
46,46 - 55,M,$120K +,Rs1Cr +,High Income,3499,3972,67,59.28358209,High
60,55+,F,Less than $40K,<Rs33L,Low Income,1438.3,4104,83,49.44578313,High
40,36 - 45,M,$120K +,Rs1Cr +,High Income,18295,4827,70,68.95714286,High
39,36 - 45,F,Less than $40K,<Rs33L,Low Income,1568,4531,76,59.61842105,High
57,55+,F,Less than $40K,<Rs33L,Low Income,2712,4520,79,57.21518987,High
48,46 - 55,M,$120K +,Rs1Cr +,High Income,34516,2260,50,45.2,High
55,46 - 55,F,Less than $40K,<Rs33L,Low Income,2177,5228,77,67.8961039,High
44,36 - 45,F,Less than $40K,<Rs33L,Low Income,2296,5108,87,58.71264368,High
43,36 - 45,F,Less than $40K,<Rs33L,Low Income,2435,5268,88,59.86363636,High
51,46 - 55,F,Less than $40K,<Rs33L,Low Income,1495,2552,42,60.76190476,High
41,36 - 45,M,$120K +,Rs1Cr +,High Income,9220,2276,32,71.125,High
52,46 - 55,M,$60K - $80K,Rs50L - Rs66L,Mid Income,23128,2050,35,58.57142857,High
47,46 - 55,F,Less than $40K,<Rs33L,Low Income,4254,5385,93,57.90322581,High
47,46 - 55,F,$40K - $60K,Rs33L - Rs50L,Low Income,14897,2164,53,40.83018868,High
54,46 - 55,F,Less than $40K,<Rs33L,Low Income,3554,4121,82,50.25609756,High
34,26 - 35,F,Less than $40K,<Rs33L,Low Income,1798,4551,84,54.17857143,High
44,36 - 45,F,Less than $40K,<Rs33L,Low Income,2429,4122,74,55.7027027,High
46,46 - 55,F,$40K - $60K,Rs33L - Rs50L,Low Income,2477,5138,77,66.72727273,High
36,36 - 45,F,Unknown,Unknown,Unknown,14304,4746,73,65.01369863,High
30,26 - 35,F,Less than $40K,<Rs33L,Low Income,1536,3904,74,52.75675676,High
39,36 - 45,F,Unknown,Unknown,Unknown,15370,4106,71,57.83098592,High
45,36 - 45,M,$40K - $60K,Rs33L - Rs50L,Low Income,23981,4141,73,56.7260274,High
42,36 - 45,M,$60K - $80K,Rs50L - Rs66L,Mid Income,6318,4166,86,48.44186047,High
32,26 - 35,F,Unknown,Unknown,Unknown,3558,4878,71,68.70422535,High
56,55+,F,Less than $40K,<Rs33L,Low Income,1677,2477,45,55.04444444,High
53,46 - 55,F,Less than $40K,<Rs33L,Low Income,2734,4064,66,61.57575758,High
52,46 - 55,F,$40K - $60K,Rs33L - Rs50L,Low Income,2396,4569,70,65.27142857,High
45,36 - 45,M,$80K - $120K,Rs66L - Rs1Cr,Mid Income,9852,3813,71,53.70422535,High
49,46 - 55,M,$60K - $80K,Rs50L - Rs66L,Mid Income,1579,4354,70,62.2,High
44,36 - 45,F,Unknown,Unknown,Unknown,1900,2298,45,51.06666667,High
42,36 - 45,F,$40K - $60K,Rs33L - Rs50L,Low Income,1820,4592,67,68.53731343,High
58,55+,F,$40K - $60K,Rs33L - Rs50L,Low Income,2406,4450,73,60.95890411,High
60,55+,M,$60K - $80K,Rs50L - Rs66L,Mid Income,4541,2829,44,64.29545455,High
51,46 - 55,F,Less than $40K,<Rs33L,Low Income,3124,4716,68,69.35294118,High
44,36 - 45,F,Less than $40K,<Rs33L,Low Income,2240,4399,80,54.9875,High
43,36 - 45,F,$40K - $60K,Rs33L - Rs50L,Low Income,1773,5400,84,64.28571429,High
27,26 - 35,F,Less than $40K,<Rs33L,Low Income,1674,4513,57,79.1754386,High
46,46 - 55,F,Unknown,Unknown,Unknown,3257,4042,85,47.55294118,High
48,46 - 55,F,Unknown,Unknown,Unknown,32611,3916,61,64.19672131,High
47,46 - 55,F,Less than $40K,<Rs33L,Low Income,3027,3912,77,50.80519481,High
45,36 - 45,F,Less than $40K,<Rs33L,Low Income,4210,4175,58,71.98275862,High
46,46 - 55,M,$40K - $60K,Rs33L - Rs50L,Low Income,10931,4802,73,65.78082192,High
55,46 - 55,M,$120K +,Rs1Cr +,High Income,34516,4131,66,62.59090909,High
51,46 - 55,F,$40K - $60K,Rs33L - Rs50L,Low Income,2637,4525,83,54.51807229,High
42,36 - 45,F,Less than $40K,<Rs33L,Low Income,2899,4906,94,52.19148936,High
40,36 - 45,M,$120K +,Rs1Cr +,High Income,1438.3,4776,82,58.24390244,High
65,55+,M,Less than $40K,<Rs33L,Low Income,1573,3349,77,43.49350649,High
49,46 - 55,F,Less than $40K,<Rs33L,Low Income,6184,1756,49,35.83673469,Medium
51,46 - 55,M,$120K +,Rs1Cr +,High Income,34516,4587,82,55.93902439,High
56,55+,F,Unknown,Unknown,Unknown,1822,4576,78,58.66666667,High
41,36 - 45,F,Less than $40K,<Rs33L,Low Income,2701,4406,80,55.075,High
47,46 - 55,F,Less than $40K,<Rs33L,Low Income,3654,1998,44,45.40909091,Medium
37,36 - 45,M,$80K - $120K,Rs66L - Rs1Cr,Mid Income,2626,4714,93,50.68817204,High
48,46 - 55,F,Less than $40K,<Rs33L,Low Income,1438.3,3868,80,48.35,High
46,46 - 55,F,Unknown,Unknown,Unknown,13376,4515,63,71.66666667,High
55,46 - 55,M,$120K +,Rs1Cr +,High Income,31636,4231,68,62.22058824,High
36,36 - 45,M,Less than $40K,<Rs33L,Low Income,3453,4386,68,64.5,High
44,36 - 45,F,Less than $40K,<Rs33L,Low Income,3889,1718,37,46.43243243,Medium
47,46 - 55,F,$40K - $60K,Rs33L - Rs50L,Low Income,2216,4711,83,56.75903614,High
46,46 - 55,M,$80K - $120K,Rs66L - Rs1Cr,Mid Income,11434,4520,83,54.45783133,High
43,36 - 45,F,Unknown,Unknown,Unknown,3146,4149,66,62.86363636,High
46,46 - 55,M,$80K - $120K,Rs66L - Rs1Cr,Mid Income,2790,3392,86,39.44186047,High
57,55+,F,Unknown,Unknown,Unknown,4396,4826,88,54.84090909,High
62,55+,M,$60K - $80K,Rs50L - Rs66L,Mid Income,14314,4355,70,62.21428571,High
47,46 - 55,M,$40K - $60K,Rs33L - Rs50L,Low Income,1889,2479,46,53.89130435,High
39,36 - 45,F,Less than $40K,<Rs33L,Low Income,1862,5105,79,64.62025316,High
53,46 - 55,M,$40K - $60K,Rs33L - Rs50L,Low Income,2875,4399,88,49.98863636,High
49,46 - 55,F,Less than $40K,<Rs33L,Low Income,1763,2813,43,65.41860465,High
46,46 - 55,F,$40K - $60K,Rs33L - Rs50L,Low Income,1438.3,4474,63,71.01587302,High
39,36 - 45,M,$40K - $60K,Rs33L - Rs50L,Low Income,2623,4078,70,58.25714286,High
58,55+,F,Less than $40K,<Rs33L,Low Income,1944,2412,40,60.3,High
43,36 - 45,F,$40K - $60K,Rs33L - Rs50L,Low Income,1438.3,2116,38,55.68421053,High
39,36 - 45,F,Unknown,Unknown,Unknown,2884,4809,87,55.27586207,High
44,36 - 45,F,Less than $40K,<Rs33L,Low Income,2936,4509,70,64.41428571,High
42,36 - 45,M,$40K - $60K,Rs33L - Rs50L,Low Income,5791,2516,64,39.3125,High
65,55+,M,$40K - $60K,Rs33L - Rs50L,Low Income,1438.3,4427,63,70.26984127,High
55,46 - 55,F,Less than $40K,<Rs33L,Low Income,1912,4666,98,47.6122449,High
31,26 - 35,F,Unknown,Unknown,Unknown,3288,4370,83,52.65060241,High
48,46 - 55,F,Unknown,Unknown,Unknown,4382,2446,34,71.94117647,High
46,46 - 55,F,Unknown,Unknown,Unknown,3595,4534,71,63.85915493,High
41,36 - 45,F,Less than $40K,<Rs33L,Low Income,3159,2925,46,63.58695652,High
36,36 - 45,F,Unknown,Unknown,Unknown,5393,4769,102,46.75490196,High
37,36 - 45,M,$80K - $120K,Rs66L - Rs1Cr,Mid Income,12222,4215,63,66.9047619,High
43,36 - 45,M,Less than $40K,<Rs33L,Low Income,1438.3,4459,65,68.6,High
46,46 - 55,M,$60K - $80K,Rs50L - Rs66L,Mid Income,3429,4591,85,54.01176471,High
39,36 - 45,M,$80K - $120K,Rs66L - Rs1Cr,Mid Income,12618,4768,82,58.14634146,High
49,46 - 55,F,Less than $40K,<Rs33L,Low Income,6049,4468,71,62.92957746,High
39,36 - 45,F,Less than $40K,<Rs33L,Low Income,2533,5128,74,69.2972973,High
52,46 - 55,F,Unknown,Unknown,Unknown,2411,4812,79,60.91139241,High
41,36 - 45,M,$60K - $80K,Rs50L - Rs66L,Mid Income,2001,4455,82,54.32926829,High
46,46 - 55,F,Unknown,Unknown,Unknown,2042,4917,73,67.35616438,High
57,55+,M,$60K - $80K,Rs50L - Rs66L,Mid Income,2527,2767,43,64.34883721,High
49,46 - 55,M,Less than $40K,<Rs33L,Low Income,1438.3,4109,71,57.87323944,High
46,46 - 55,F,Unknown,Unknown,Unknown,13816,4238,73,58.05479452,High
38,36 - 45,F,Less than $40K,<Rs33L,Low Income,2256,4587,92,49.85869565,High
49,46 - 55,F,Unknown,Unknown,Unknown,34516,3820,72,53.05555556,High
55,46 - 55,M,$80K - $120K,Rs66L - Rs1Cr,Mid Income,6400,4475,91,49.17582418,High
52,46 - 55,F,Unknown,Unknown,Unknown,1816,4957,78,63.55128205,High
42,36 - 45,F,$40K - $60K,Rs33L - Rs50L,Low Income,3347,5533,85,65.09411765,High
52,46 - 55,F,Less than $40K,<Rs33L,Low Income,2705,5532,81,68.2962963,High
53,46 - 55,F,$40K - $60K,Rs33L - Rs50L,Low Income,2043,4940,68,72.64705882,High
45,36 - 45,F,$40K - $60K,Rs33L - Rs50L,Low Income,1912,5046,79,63.87341772,High
50,46 - 55,F,$40K - $60K,Rs33L - Rs50L,Low Income,3028,4144,64,64.75,High
42,36 - 45,F,Less than $40K,<Rs33L,Low Income,1514,4004,69,58.02898551,High
48,46 - 55,F,Less than $40K,<Rs33L,Low Income,1438.3,4059,89,45.60674157,High
52,46 - 55,F,Less than $40K,<Rs33L,Low Income,3103,4641,80,58.0125,High
57,55+,F,Less than $40K,<Rs33L,Low Income,2504,4847,86,56.36046512,High
56,55+,F,Unknown,Unknown,Unknown,3674,2608,45,57.95555556,High
48,46 - 55,M,$80K - $120K,Rs66L - Rs1Cr,Mid Income,2916,4336,72,60.22222222,High
52,46 - 55,F,Less than $40K,<Rs33L,Low Income,1633,4436,75,59.14666667,High
56,55+,M,$80K - $120K,Rs66L - Rs1Cr,Mid Income,5466,4435,79,56.13924051,High
43,36 - 45,F,$40K - $60K,Rs33L - Rs50L,Low Income,2032,4736,86,55.06976744,High
62,55+,M,$60K - $80K,Rs50L - Rs66L,Mid Income,3933,3048,54,56.44444444,High
51,46 - 55,M,$80K - $120K,Rs66L - Rs1Cr,Mid Income,21328,3825,76,50.32894737,High
45,36 - 45,F,Less than $40K,<Rs33L,Low Income,3562,4490,90,49.88888889,High
39,36 - 45,F,Unknown,Unknown,Unknown,2069,2716,43,63.1627907,High
45,36 - 45,M,$120K +,Rs1Cr +,High Income,3534,3973,66,60.1969697,High
56,55+,F,$40K - $60K,Rs33L - Rs50L,Low Income,2402,4610,76,60.65789474,High
57,55+,F,Unknown,Unknown,Unknown,3136,4930,80,61.625,High
60,55+,F,$40K - $60K,Rs33L - Rs50L,Low Income,2802,4392,81,54.22222222,High
50,46 - 55,F,Unknown,Unknown,Unknown,2315,4143,65,63.73846154,High
44,36 - 45,F,Unknown,Unknown,Unknown,11238,5302,70,75.74285714,High
49,46 - 55,M,$60K - $80K,Rs50L - Rs66L,Mid Income,1460,2329,36,64.69444444,High
50,46 - 55,F,Less than $40K,<Rs33L,Low Income,2602,5532,85,65.08235294,High
36,36 - 45,M,Less than $40K,<Rs33L,Low Income,4225,2659,43,61.8372093,High
57,55+,F,$40K - $60K,Rs33L - Rs50L,Low Income,2576,3913,86,45.5,High
35,26 - 35,F,Unknown,Unknown,Unknown,1931,2569,46,55.84782609,High
46,46 - 55,M,$40K - $60K,Rs33L - Rs50L,Low Income,2344,2098,31,67.67741935,High
29,26 - 35,F,Unknown,Unknown,Unknown,7270,3759,69,54.47826087,High
40,36 - 45,F,Less than $40K,<Rs33L,Low Income,2395,4481,82,54.64634146,High
50,46 - 55,F,Less than $40K,<Rs33L,Low Income,2835,4686,79,59.3164557,High
62,55+,F,$40K - $60K,Rs33L - Rs50L,Low Income,1540,3714,56,66.32142857,High
49,46 - 55,F,Unknown,Unknown,Unknown,3017,4389,72,60.95833333,High
50,46 - 55,F,Less than $40K,<Rs33L,Low Income,1438.3,4765,71,67.11267606,High
49,46 - 55,F,$40K - $60K,Rs33L - Rs50L,Low Income,1438.3,4052,65,62.33846154,High
56,55+,F,Less than $40K,<Rs33L,Low Income,1584,4203,73,57.57534247,High
47,46 - 55,M,$40K - $60K,Rs33L - Rs50L,Low Income,2676,4640,69,67.24637681,High
56,55+,F,$40K - $60K,Rs33L - Rs50L,Low Income,5084,4060,55,73.81818182,High
41,36 - 45,F,Less than $40K,<Rs33L,Low Income,1764,2105,57,36.92982456,High
63,55+,M,$60K - $80K,Rs50L - Rs66L,Mid Income,23925,3677,55,66.85454545,High
51,46 - 55,F,Unknown,Unknown,Unknown,2886,4884,89,54.87640449,High
43,36 - 45,F,Unknown,Unknown,Unknown,6720,5049,85,59.4,High
49,46 - 55,F,Less than $40K,<Rs33L,Low Income,15569,4566,73,62.54794521,High
51,46 - 55,F,$40K - $60K,Rs33L - Rs50L,Low Income,1565,4798,73,65.7260274,High
44,36 - 45,M,$60K - $80K,Rs50L - Rs66L,Mid Income,5947,4984,90,55.37777778,High
46,46 - 55,M,$60K - $80K,Rs50L - Rs66L,Mid Income,18821,4402,75,58.69333333,High
56,55+,F,$40K - $60K,Rs33L - Rs50L,Low Income,1544,1902,35,54.34285714,Medium
41,36 - 45,F,Less than $40K,<Rs33L,Low Income,1755,4786,73,65.56164384,High
49,46 - 55,F,Less than $40K,<Rs33L,Low Income,1438.3,4759,90,52.87777778,High
53,46 - 55,F,Less than $40K,<Rs33L,Low Income,2153,4628,69,67.07246377,High
44,36 - 45,F,Less than $40K,<Rs33L,Low Income,1684,2275,45,50.55555556,High
45,36 - 45,M,$40K - $60K,Rs33L - Rs50L,Low Income,5662,4014,61,65.80327869,High
46,46 - 55,F,Less than $40K,<Rs33L,Low Income,2799,4634,91,50.92307692,High
58,55+,M,$120K +,Rs1Cr +,High Income,12398,4228,93,45.46236559,High
41,36 - 45,M,$40K - $60K,Rs33L - Rs50L,Low Income,4461,4204,77,54.5974026,High
49,46 - 55,F,$40K - $60K,Rs33L - Rs50L,Low Income,2597,3637,69,52.71014493,High
54,46 - 55,F,Unknown,Unknown,Unknown,9733,5228,71,73.63380282,High
52,46 - 55,F,Less than $40K,<Rs33L,Low Income,2261,4456,68,65.52941176,High
47,46 - 55,F,Less than $40K,<Rs33L,Low Income,2822,5064,74,68.43243243,High
40,36 - 45,F,Less than $40K,<Rs33L,Low Income,8793,5342,64,83.46875,High
53,46 - 55,F,Unknown,Unknown,Unknown,5843,4405,67,65.74626866,High
46,46 - 55,F,Less than $40K,<Rs33L,Low Income,3322,3913,86,45.5,High
53,46 - 55,F,Less than $40K,<Rs33L,Low Income,2036,4161,75,55.48,High
28,26 - 35,F,Less than $40K,<Rs33L,Low Income,2387,4513,66,68.37878788,High
43,36 - 45,F,Less than $40K,<Rs33L,Low Income,1884,4591,85,54.01176471,High
51,46 - 55,F,Less than $40K,<Rs33L,Low Income,3747,4609,87,52.97701149,High
58,55+,F,Less than $40K,<Rs33L,Low Income,2220,4396,78,56.35897436,High
50,46 - 55,F,$40K - $60K,Rs33L - Rs50L,Low Income,2428,5170,68,76.02941176,High
42,36 - 45,F,$40K - $60K,Rs33L - Rs50L,Low Income,1438.3,2191,51,42.96078431,High
45,36 - 45,F,$40K - $60K,Rs33L - Rs50L,Low Income,1850,4234,74,57.21621622,High
48,46 - 55,F,$40K - $60K,Rs33L - Rs50L,Low Income,16002,3667,52,70.51923077,High
54,46 - 55,F,Less than $40K,<Rs33L,Low Income,1438.3,2145,41,52.31707317,High
47,46 - 55,F,Less than $40K,<Rs33L,Low Income,5222,4433,81,54.72839506,High
39,36 - 45,F,Less than $40K,<Rs33L,Low Income,1438.3,4409,72,61.23611111,High
62,55+,F,Less than $40K,<Rs33L,Low Income,2582,4041,67,60.31343284,High
45,36 - 45,F,$40K - $60K,Rs33L - Rs50L,Low Income,1533,4659,83,56.13253012,High
56,55+,F,Less than $40K,<Rs33L,Low Income,1438.3,3778,72,52.47222222,High
52,46 - 55,M,$80K - $120K,Rs66L - Rs1Cr,Mid Income,5763,2310,48,48.125,High
46,46 - 55,F,Unknown,Unknown,Unknown,1910,5253,82,64.06097561,High
51,46 - 55,F,Less than $40K,<Rs33L,Low Income,1515,4324,89,48.58426966,High
52,46 - 55,M,$40K - $60K,Rs33L - Rs50L,Low Income,1538,4808,64,75.125,High
44,36 - 45,F,$40K - $60K,Rs33L - Rs50L,Low Income,1572,4996,80,62.45,High
41,36 - 45,F,Less than $40K,<Rs33L,Low Income,1438.3,4532,78,58.1025641,High
52,46 - 55,F,Less than $40K,<Rs33L,Low Income,2814,4271,88,48.53409091,High
41,36 - 45,F,Less than $40K,<Rs33L,Low Income,1495,2622,70,37.45714286,High
37,36 - 45,F,$40K - $60K,Rs33L - Rs50L,Low Income,1959,3046,52,58.57692308,High
60,55+,F,Less than $40K,<Rs33L,Low Income,2903,4555,76,59.93421053,High
47,46 - 55,F,$40K - $60K,Rs33L - Rs50L,Low Income,4543,4093,77,53.15584416,High
42,36 - 45,F,Unknown,Unknown,Unknown,3119,4659,82,56.81707317,High
42,36 - 45,M,$80K - $120K,Rs66L - Rs1Cr,Mid Income,17506,4199,73,57.52054795,High
50,46 - 55,F,Less than $40K,<Rs33L,Low Income,1438.3,2370,44,53.86363636,High
49,46 - 55,F,Unknown,Unknown,Unknown,3128,4369,59,74.05084746,High
36,36 - 45,F,Unknown,Unknown,Unknown,5956,2828,46,61.47826087,High
43,36 - 45,M,Less than $40K,<Rs33L,Low Income,4177,3553,66,53.83333333,High
57,55+,M,$80K - $120K,Rs66L - Rs1Cr,Mid Income,13457,3303,66,50.04545455,High
45,36 - 45,M,$80K - $120K,Rs66L - Rs1Cr,Mid Income,1535,5168,76,68,High
41,36 - 45,F,Less than $40K,<Rs33L,Low Income,3203,4282,82,52.2195122,High
39,36 - 45,F,Less than $40K,<Rs33L,Low Income,2092,2015,33,61.06060606,High
44,36 - 45,F,Less than $40K,<Rs33L,Low Income,2420,4954,82,60.41463415,High
43,36 - 45,F,Less than $40K,<Rs33L,Low Income,2313,5006,76,65.86842105,High
56,55+,M,$40K - $60K,Rs33L - Rs50L,Low Income,3059,4774,81,58.9382716,High
41,36 - 45,F,$40K - $60K,Rs33L - Rs50L,Low Income,2235,4633,79,58.64556962,High
49,46 - 55,F,Less than $40K,<Rs33L,Low Income,3208,4531,86,52.68604651,High
43,36 - 45,M,$60K - $80K,Rs50L - Rs66L,Mid Income,7534,4685,79,59.30379747,High
39,36 - 45,F,Less than $40K,<Rs33L,Low Income,2006,4139,69,59.98550725,High
46,46 - 55,M,$60K - $80K,Rs50L - Rs66L,Mid Income,1438.3,4368,87,50.20689655,High
49,46 - 55,M,$80K - $120K,Rs66L - Rs1Cr,Mid Income,14044,4889,89,54.93258427,High
44,36 - 45,M,$60K - $80K,Rs50L - Rs66L,Mid Income,5005,5066,71,71.35211268,High
43,36 - 45,F,Less than $40K,<Rs33L,Low Income,1628,2219,49,45.28571429,High
56,55+,F,Less than $40K,<Rs33L,Low Income,3033,4921,90,54.67777778,High
56,55+,F,$40K - $60K,Rs33L - Rs50L,Low Income,5204,5285,82,64.45121951,High
57,55+,F,Less than $40K,<Rs33L,Low Income,2442,4313,75,57.50666667,High
51,46 - 55,F,Less than $40K,<Rs33L,Low Income,2429,4761,99,48.09090909,High
60,55+,F,$40K - $60K,Rs33L - Rs50L,Low Income,2213,4210,84,50.11904762,High
43,36 - 45,F,Less than $40K,<Rs33L,Low Income,2624,3929,67,58.64179104,High
37,36 - 45,F,$40K - $60K,Rs33L - Rs50L,Low Income,1976,4424,73,60.60273973,High
46,46 - 55,F,$40K - $60K,Rs33L - Rs50L,Low Income,3492,3043,53,57.41509434,High
50,46 - 55,F,Less than $40K,<Rs33L,Low Income,3546,2616,47,55.65957447,High
38,36 - 45,F,Less than $40K,<Rs33L,Low Income,2989,2143,67,31.98507463,High
44,36 - 45,F,$40K - $60K,Rs33L - Rs50L,Low Income,1438.3,3971,60,66.18333333,High
52,46 - 55,F,Unknown,Unknown,Unknown,1438.3,5053,74,68.28378378,High
37,36 - 45,F,Less than $40K,<Rs33L,Low Income,1438.3,4824,83,58.12048193,High
45,36 - 45,F,Less than $40K,<Rs33L,Low Income,1438.3,4851,86,56.40697674,High
40,36 - 45,F,$40K - $60K,Rs33L - Rs50L,Low Income,2383,4759,75,63.45333333,High
51,46 - 55,M,$80K - $120K,Rs66L - Rs1Cr,Mid Income,13587,4995,88,56.76136364,High
57,55+,F,Less than $40K,<Rs33L,Low Income,3085,3946,73,54.05479452,High
40,36 - 45,M,$80K - $120K,Rs66L - Rs1Cr,Mid Income,32431,4400,71,61.97183099,High
61,55+,F,Less than $40K,<Rs33L,Low Income,2207,4348,84,51.76190476,High
57,55+,F,Less than $40K,<Rs33L,Low Income,2781,4577,81,56.50617284,High
40,36 - 45,M,$80K - $120K,Rs66L - Rs1Cr,Mid Income,6921,2729,44,62.02272727,High
50,46 - 55,F,Less than $40K,<Rs33L,Low Income,7596,4338,73,59.42465753,High
42,36 - 45,F,Unknown,Unknown,Unknown,4568,4869,85,57.28235294,High
43,36 - 45,F,$40K - $60K,Rs33L - Rs50L,Low Income,6475,3837,65,59.03076923,High
46,46 - 55,M,$80K - $120K,Rs66L - Rs1Cr,Mid Income,9949,2207,40,55.175,High
42,36 - 45,F,Less than $40K,<Rs33L,Low Income,2238,5339,86,62.08139535,High
41,36 - 45,F,Less than $40K,<Rs33L,Low Income,1438.3,4565,84,54.3452381,High
50,46 - 55,F,Less than $40K,<Rs33L,Low Income,2670,4491,65,69.09230769,High
42,36 - 45,F,Less than $40K,<Rs33L,Low Income,1438.3,4482,74,60.56756757,High
43,36 - 45,M,$40K - $60K,Rs33L - Rs50L,Low Income,2142,4424,88,50.27272727,High
58,55+,F,Less than $40K,<Rs33L,Low Income,3382,4854,74,65.59459459,High
52,46 - 55,F,Unknown,Unknown,Unknown,8961,4408,80,55.1,High
40,36 - 45,F,Less than $40K,<Rs33L,Low Income,1762,4899,87,56.31034483,High
41,36 - 45,F,$40K - $60K,Rs33L - Rs50L,Low Income,1919,4996,92,54.30434783,High
59,55+,F,Less than $40K,<Rs33L,Low Income,3054,4706,84,56.02380952,High
45,36 - 45,F,Unknown,Unknown,Unknown,1877,4854,80,60.675,High
52,46 - 55,F,Less than $40K,<Rs33L,Low Income,4223,3669,62,59.17741935,High
36,36 - 45,F,Less than $40K,<Rs33L,Low Income,1666,2622,60,43.7,High
43,36 - 45,F,Less than $40K,<Rs33L,Low Income,2422,5079,80,63.4875,High
49,46 - 55,F,Unknown,Unknown,Unknown,4821,4680,77,60.77922078,High
51,46 - 55,F,Less than $40K,<Rs33L,Low Income,3264,4966,78,63.66666667,High
52,46 - 55,M,$60K - $80K,Rs50L - Rs66L,Mid Income,4565,4139,67,61.7761194,High
45,36 - 45,F,$40K - $60K,Rs33L - Rs50L,Low Income,1765,4803,72,66.70833333,High
40,36 - 45,M,$80K - $120K,Rs66L - Rs1Cr,Mid Income,16050,3721,62,60.01612903,High
49,46 - 55,F,Less than $40K,<Rs33L,Low Income,2188,4537,66,68.74242424,High
47,46 - 55,F,$40K - $60K,Rs33L - Rs50L,Low Income,1721,4474,58,77.13793103,High
40,36 - 45,F,$40K - $60K,Rs33L - Rs50L,Low Income,1737,2459,43,57.18604651,High
42,36 - 45,F,Unknown,Unknown,Unknown,2369,4317,66,65.40909091,High
43,36 - 45,F,Less than $40K,<Rs33L,Low Income,2652,4676,78,59.94871795,High
52,46 - 55,F,$40K - $60K,Rs33L - Rs50L,Low Income,1438.3,4700,92,51.08695652,High
63,55+,M,Less than $40K,<Rs33L,Low Income,1438.3,3913,78,50.16666667,High
40,36 - 45,F,Less than $40K,<Rs33L,Low Income,1438.3,4921,65,75.70769231,High
60,55+,F,Less than $40K,<Rs33L,Low Income,2481,5228,73,71.61643836,High
36,36 - 45,F,Unknown,Unknown,Unknown,9817,4636,85,54.54117647,High
56,55+,F,Less than $40K,<Rs33L,Low Income,4255,4606,79,58.30379747,High
45,36 - 45,F,$40K - $60K,Rs33L - Rs50L,Low Income,1438.3,5136,81,63.40740741,High
51,46 - 55,F,Less than $40K,<Rs33L,Low Income,4970,5023,78,64.3974359,High
48,46 - 55,F,Unknown,Unknown,Unknown,1438.3,2171,38,57.13157895,High
49,46 - 55,F,Unknown,Unknown,Unknown,2333,5137,89,57.71910112,High
50,46 - 55,M,$120K +,Rs1Cr +,High Income,34516,2573,55,46.78181818,High
43,36 - 45,M,$40K - $60K,Rs33L - Rs50L,Low Income,4373,2397,46,52.10869565,High
41,36 - 45,F,$40K - $60K,Rs33L - Rs50L,Low Income,1561,4391,67,65.53731343,High
48,46 - 55,M,$80K - $120K,Rs66L - Rs1Cr,Mid Income,12073,2400,52,46.15384615,High
55,46 - 55,F,Unknown,Unknown,Unknown,1438.3,4956,72,68.83333333,High
41,36 - 45,M,$40K - $60K,Rs33L - Rs50L,Low Income,1438.3,4439,81,54.80246914,High
43,36 - 45,F,Less than $40K,<Rs33L,Low Income,2525,4409,69,63.89855072,High
47,46 - 55,F,Unknown,Unknown,Unknown,6451,2400,43,55.81395349,High
42,36 - 45,F,$40K - $60K,Rs33L - Rs50L,Low Income,4142,4512,81,55.7037037,High
54,46 - 55,M,$120K +,Rs1Cr +,High Income,34516,2329,47,49.55319149,High
43,36 - 45,F,Less than $40K,<Rs33L,Low Income,1897,2866,47,60.9787234,High
52,46 - 55,F,Less than $40K,<Rs33L,Low Income,3231,4610,90,51.22222222,High
40,36 - 45,F,Less than $40K,<Rs33L,Low Income,1577,3453,52,66.40384615,High
37,36 - 45,F,Less than $40K,<Rs33L,Low Income,3061,5032,89,56.53932584,High
53,46 - 55,M,$40K - $60K,Rs33L - Rs50L,Low Income,2300,4527,79,57.30379747,High
56,55+,F,Less than $40K,<Rs33L,Low Income,2796,4536,81,56,High
53,46 - 55,F,$40K - $60K,Rs33L - Rs50L,Low Income,3024,4463,89,50.14606742,High
38,36 - 45,F,$40K - $60K,Rs33L - Rs50L,Low Income,5293,4377,62,70.59677419,High
40,36 - 45,F,Less than $40K,<Rs33L,Low Income,1964,4699,81,58.01234568,High
36,36 - 45,F,Less than $40K,<Rs33L,Low Income,2051,3912,79,49.51898734,High
41,36 - 45,F,Less than $40K,<Rs33L,Low Income,1998,4637,68,68.19117647,High
28,26 - 35,F,Unknown,Unknown,Unknown,11881,4865,87,55.91954023,High
41,36 - 45,F,Less than $40K,<Rs33L,Low Income,2968,5171,85,60.83529412,High
42,36 - 45,F,Less than $40K,<Rs33L,Low Income,2797,4917,66,74.5,High
39,36 - 45,F,$40K - $60K,Rs33L - Rs50L,Low Income,13984,4727,83,56.95180723,High
49,46 - 55,F,Less than $40K,<Rs33L,Low Income,2505,4109,61,67.36065574,High
40,36 - 45,F,Less than $40K,<Rs33L,Low Income,2972,3840,69,55.65217391,High
50,46 - 55,M,$80K - $120K,Rs66L - Rs1Cr,Mid Income,5856,4916,87,56.50574713,High
44,36 - 45,F,Less than $40K,<Rs33L,Low Income,7182,4294,67,64.08955224,High
62,55+,M,Less than $40K,<Rs33L,Low Income,5844,3546,65,54.55384615,High
55,46 - 55,F,Less than $40K,<Rs33L,Low Income,2114,2578,42,61.38095238,High
54,46 - 55,M,$80K - $120K,Rs66L - Rs1Cr,Mid Income,8208,4824,83,58.12048193,High
34,26 - 35,M,$60K - $80K,Rs50L - Rs66L,Mid Income,3940,3257,53,61.45283019,High
41,36 - 45,M,$60K - $80K,Rs50L - Rs66L,Mid Income,5784,4173,80,52.1625,High
38,36 - 45,M,$60K - $80K,Rs50L - Rs66L,Mid Income,8632,2221,40,55.525,High
57,55+,F,Less than $40K,<Rs33L,Low Income,1438.3,4815,62,77.66129032,High
39,36 - 45,F,$40K - $60K,Rs33L - Rs50L,Low Income,2255,4309,79,54.5443038,High
38,36 - 45,F,Less than $40K,<Rs33L,Low Income,9874,4369,70,62.41428571,High
64,55+,M,Less than $40K,<Rs33L,Low Income,1873,4738,82,57.7804878,High
54,46 - 55,M,$80K - $120K,Rs66L - Rs1Cr,Mid Income,3288,2717,46,59.06521739,High
60,55+,F,$40K - $60K,Rs33L - Rs50L,Low Income,3334,4791,101,47.43564356,High
46,46 - 55,M,$60K - $80K,Rs50L - Rs66L,Mid Income,3299,4904,75,65.38666667,High
36,36 - 45,F,Less than $40K,<Rs33L,Low Income,2754,3937,70,56.24285714,High
47,46 - 55,F,$40K - $60K,Rs33L - Rs50L,Low Income,2035,4130,74,55.81081081,High
44,36 - 45,F,Unknown,Unknown,Unknown,3979,5024,69,72.8115942,High
58,55+,F,$40K - $60K,Rs33L - Rs50L,Low Income,2642,4897,81,60.45679012,High
62,55+,M,$60K - $80K,Rs50L - Rs66L,Mid Income,28229,2281,45,50.68888889,High
53,46 - 55,F,Less than $40K,<Rs33L,Low Income,2973,4862,77,63.14285714,High
51,46 - 55,F,Less than $40K,<Rs33L,Low Income,1612,4924,81,60.79012346,High
41,36 - 45,M,$80K - $120K,Rs66L - Rs1Cr,Mid Income,12084,4506,90,50.06666667,High
54,46 - 55,F,Less than $40K,<Rs33L,Low Income,2930,4752,72,66,High
46,46 - 55,F,$40K - $60K,Rs33L - Rs50L,Low Income,1963,4821,67,71.95522388,High
50,46 - 55,F,$40K - $60K,Rs33L - Rs50L,Low Income,2762,2571,44,58.43181818,High
49,46 - 55,F,Less than $40K,<Rs33L,Low Income,2214,2144,51,42.03921569,High
39,36 - 45,F,Less than $40K,<Rs33L,Low Income,2292,4043,72,56.15277778,High
45,36 - 45,F,$40K - $60K,Rs33L - Rs50L,Low Income,2901,3835,78,49.16666667,High
48,46 - 55,F,Less than $40K,<Rs33L,Low Income,2865,4609,79,58.34177215,High
31,26 - 35,F,Unknown,Unknown,Unknown,3934,4143,82,50.52439024,High
57,55+,F,$40K - $60K,Rs33L - Rs50L,Low Income,2428,4823,62,77.79032258,High
43,36 - 45,F,$40K - $60K,Rs33L - Rs50L,Low Income,5302,4883,68,71.80882353,High
41,36 - 45,F,Unknown,Unknown,Unknown,9139,4675,78,59.93589744,High
48,46 - 55,M,$40K - $60K,Rs33L - Rs50L,Low Income,5219,3481,78,44.62820513,High
52,46 - 55,F,Unknown,Unknown,Unknown,10351,4572,76,60.15789474,High
43,36 - 45,F,Less than $40K,<Rs33L,Low Income,6811,1937,39,49.66666667,Medium
27,26 - 35,F,Less than $40K,<Rs33L,Low Income,1438.3,3855,73,52.80821918,High
39,36 - 45,M,$40K - $60K,Rs33L - Rs50L,Low Income,2255,4412,81,54.4691358,High
55,46 - 55,F,Less than $40K,<Rs33L,Low Income,1741,2546,42,60.61904762,High
54,46 - 55,M,$60K - $80K,Rs50L - Rs66L,Mid Income,2189,2750,51,53.92156863,High
40,36 - 45,F,Less than $40K,<Rs33L,Low Income,2040,4751,80,59.3875,High
51,46 - 55,M,$80K - $120K,Rs66L - Rs1Cr,Mid Income,1844,4182,71,58.90140845,High
53,46 - 55,M,$60K - $80K,Rs50L - Rs66L,Mid Income,8404,4811,56,85.91071429,High
47,46 - 55,F,Less than $40K,<Rs33L,Low Income,1438.3,4443,86,51.6627907,High
42,36 - 45,M,$80K - $120K,Rs66L - Rs1Cr,Mid Income,1944,4682,90,52.02222222,High
38,36 - 45,F,Less than $40K,<Rs33L,Low Income,1438.3,4707,88,53.48863636,High
49,46 - 55,M,$40K - $60K,Rs33L - Rs50L,Low Income,4354,2750,59,46.61016949,High
51,46 - 55,F,Less than $40K,<Rs33L,Low Income,1857,5149,90,57.21111111,High
54,46 - 55,F,Less than $40K,<Rs33L,Low Income,2708,4237,87,48.70114943,High
40,36 - 45,M,$60K - $80K,Rs50L - Rs66L,Mid Income,9974,4680,87,53.79310345,High
47,46 - 55,F,Less than $40K,<Rs33L,Low Income,2271,4150,69,60.14492754,High
45,36 - 45,M,$40K - $60K,Rs33L - Rs50L,Low Income,2811,4275,78,54.80769231,High
47,46 - 55,M,$60K - $80K,Rs50L - Rs66L,Mid Income,6519,4495,81,55.49382716,High
57,55+,M,$80K - $120K,Rs66L - Rs1Cr,Mid Income,4316,1920,53,36.22641509,Medium
50,46 - 55,F,Less than $40K,<Rs33L,Low Income,1438.3,3800,69,55.07246377,High
34,26 - 35,F,Less than $40K,<Rs33L,Low Income,3116,2768,45,61.51111111,High
43,36 - 45,M,$120K +,Rs1Cr +,High Income,24868,2510,32,78.4375,High
48,46 - 55,F,Less than $40K,<Rs33L,Low Income,1438.3,4913,82,59.91463415,High
43,36 - 45,M,$40K - $60K,Rs33L - Rs50L,Low Income,1438.3,4509,80,56.3625,High
39,36 - 45,F,Less than $40K,<Rs33L,Low Income,1438.3,4890,53,92.26415094,High
41,36 - 45,M,$40K - $60K,Rs33L - Rs50L,Low Income,17706,3680,81,45.43209877,High
47,46 - 55,F,Less than $40K,<Rs33L,Low Income,1819,4636,75,61.81333333,High
51,46 - 55,M,$120K +,Rs1Cr +,High Income,19350,4657,70,66.52857143,High
34,26 - 35,F,Less than $40K,<Rs33L,Low Income,3074,2721,54,50.38888889,High
42,36 - 45,F,Less than $40K,<Rs33L,Low Income,2281,4384,78,56.20512821,High
58,55+,F,Less than $40K,<Rs33L,Low Income,3035,4999,83,60.22891566,High
38,36 - 45,F,Less than $40K,<Rs33L,Low Income,3222,5154,80,64.425,High
57,55+,M,$80K - $120K,Rs66L - Rs1Cr,Mid Income,12045,4884,86,56.79069767,High
44,36 - 45,F,$40K - $60K,Rs33L - Rs50L,Low Income,10587,2971,54,55.01851852,High
42,36 - 45,M,$60K - $80K,Rs50L - Rs66L,Mid Income,2596,4642,78,59.51282051,High
58,55+,F,Less than $40K,<Rs33L,Low Income,3008,4627,68,68.04411765,High
41,36 - 45,F,Less than $40K,<Rs33L,Low Income,3280,4268,84,50.80952381,High
33,26 - 35,F,Less than $40K,<Rs33L,Low Income,1438.3,4688,89,52.6741573,High
48,46 - 55,F,Less than $40K,<Rs33L,Low Income,2835,4569,81,56.40740741,High
60,55+,M,$40K - $60K,Rs33L - Rs50L,Low Income,1438.3,4542,88,51.61363636,High
59,55+,F,Unknown,Unknown,Unknown,5528,4857,81,59.96296296,High
56,55+,F,Less than $40K,<Rs33L,Low Income,2030,4851,84,57.75,High
41,36 - 45,F,$40K - $60K,Rs33L - Rs50L,Low Income,2413,5466,85,64.30588235,High
36,36 - 45,M,$60K - $80K,Rs50L - Rs66L,Mid Income,7381,5638,86,65.55813953,High
46,46 - 55,F,Less than $40K,<Rs33L,Low Income,1438.3,1843,44,41.88636364,Medium
52,46 - 55,F,Less than $40K,<Rs33L,Low Income,2001,4026,86,46.81395349,High
45,36 - 45,M,$80K - $120K,Rs66L - Rs1Cr,Mid Income,3031,2188,50,43.76,High
47,46 - 55,M,$120K +,Rs1Cr +,High Income,11354,3073,49,62.71428571,High
42,36 - 45,M,$40K - $60K,Rs33L - Rs50L,Low Income,2012,3282,66,49.72727273,High
39,36 - 45,M,$80K - $120K,Rs66L - Rs1Cr,Mid Income,23034,2514,32,78.5625,High
40,36 - 45,M,$40K - $60K,Rs33L - Rs50L,Low Income,4947,4497,84,53.53571429,High
50,46 - 55,F,$40K - $60K,Rs33L - Rs50L,Low Income,1844,5056,81,62.41975309,High
40,36 - 45,F,Unknown,Unknown,Unknown,1438.3,2258,59,38.27118644,High
46,46 - 55,M,Less than $40K,<Rs33L,Low Income,4752,3404,54,63.03703704,High
38,36 - 45,M,$60K - $80K,Rs50L - Rs66L,Mid Income,6114,2608,36,72.44444444,High
55,46 - 55,F,Less than $40K,<Rs33L,Low Income,1438.3,2244,54,41.55555556,High
37,36 - 45,F,Less than $40K,<Rs33L,Low Income,2286,5199,83,62.63855422,High
57,55+,F,$40K - $60K,Rs33L - Rs50L,Low Income,4784,4912,82,59.90243902,High
43,36 - 45,F,Less than $40K,<Rs33L,Low Income,2667,4596,85,54.07058824,High
54,46 - 55,F,Less than $40K,<Rs33L,Low Income,2473,4823,72,66.98611111,High
39,36 - 45,F,Less than $40K,<Rs33L,Low Income,2001,4509,69,65.34782609,High
41,36 - 45,M,$120K +,Rs1Cr +,High Income,18232,4775,84,56.8452381,High
45,36 - 45,F,Unknown,Unknown,Unknown,1438.3,4596,71,64.73239437,High
45,36 - 45,F,Less than $40K,<Rs33L,Low Income,2918,4454,76,58.60526316,High
36,36 - 45,F,Less than $40K,<Rs33L,Low Income,1924,4951,96,51.57291667,High
50,46 - 55,F,Less than $40K,<Rs33L,Low Income,1770,4940,94,52.55319149,High
42,36 - 45,F,Less than $40K,<Rs33L,Low Income,2265,3826,71,53.88732394,High
59,55+,M,$60K - $80K,Rs50L - Rs66L,Mid Income,3868,4716,79,59.69620253,High
43,36 - 45,F,$40K - $60K,Rs33L - Rs50L,Low Income,2701,2678,37,72.37837838,High
33,26 - 35,M,$40K - $60K,Rs33L - Rs50L,Low Income,2507,4355,79,55.12658228,High
38,36 - 45,F,Less than $40K,<Rs33L,Low Income,2420,3770,76,49.60526316,High
46,46 - 55,M,$40K - $60K,Rs33L - Rs50L,Low Income,16547,1561,41,38.07317073,Medium
44,36 - 45,F,Less than $40K,<Rs33L,Low Income,1621,3764,76,49.52631579,High
59,55+,M,$40K - $60K,Rs33L - Rs50L,Low Income,3808,4845,88,55.05681818,High
49,46 - 55,F,$40K - $60K,Rs33L - Rs50L,Low Income,2173,2379,57,41.73684211,High
50,46 - 55,F,Less than $40K,<Rs33L,Low Income,2178,4275,71,60.21126761,High
41,36 - 45,F,Unknown,Unknown,Unknown,1438.3,4539,90,50.43333333,High
51,46 - 55,F,Less than $40K,<Rs33L,Low Income,1750,4333,68,63.72058824,High
36,36 - 45,F,Less than $40K,<Rs33L,Low Income,1438.3,4957,88,56.32954545,High
36,36 - 45,F,Less than $40K,<Rs33L,Low Income,2466,5005,76,65.85526316,High
37,36 - 45,F,Less than $40K,<Rs33L,Low Income,2535,3840,72,53.33333333,High
39,36 - 45,F,$40K - $60K,Rs33L - Rs50L,Low Income,2385,3711,81,45.81481481,High
40,36 - 45,F,Less than $40K,<Rs33L,Low Income,1811,4290,73,58.76712329,High
45,36 - 45,M,$120K +,Rs1Cr +,High Income,2701,4767,76,62.72368421,High
46,46 - 55,F,Less than $40K,<Rs33L,Low Income,5387,4374,76,57.55263158,High
38,36 - 45,F,Less than $40K,<Rs33L,Low Income,1438.3,2478,45,55.06666667,High
44,36 - 45,M,$80K - $120K,Rs66L - Rs1Cr,Mid Income,34058,4043,57,70.92982456,High
42,36 - 45,F,$40K - $60K,Rs33L - Rs50L,Low Income,16290,4232,79,53.56962025,High
49,46 - 55,F,Less than $40K,<Rs33L,Low Income,1438.3,5208,93,56,High
55,46 - 55,F,Less than $40K,<Rs33L,Low Income,2069,4414,82,53.82926829,High
56,55+,F,Less than $40K,<Rs33L,Low Income,2802,2371,46,51.54347826,High
39,36 - 45,F,Less than $40K,<Rs33L,Low Income,3390,5001,82,60.98780488,High
48,46 - 55,F,Unknown,Unknown,Unknown,3745,4956,88,56.31818182,High
42,36 - 45,M,$80K - $120K,Rs66L - Rs1Cr,Mid Income,26690,4363,76,57.40789474,High
58,55+,F,Unknown,Unknown,Unknown,8513,2119,37,57.27027027,High
36,36 - 45,F,Less than $40K,<Rs33L,Low Income,1438.3,4886,85,57.48235294,High
55,46 - 55,F,Less than $40K,<Rs33L,Low Income,2258,2500,42,59.52380952,High
41,36 - 45,F,Less than $40K,<Rs33L,Low Income,1654,1730,30,57.66666667,Medium
51,46 - 55,F,$40K - $60K,Rs33L - Rs50L,Low Income,2768,4275,78,54.80769231,High
43,36 - 45,M,$80K - $120K,Rs66L - Rs1Cr,Mid Income,14566,4480,77,58.18181818,High
35,26 - 35,F,$40K - $60K,Rs33L - Rs50L,Low Income,3250,4673,73,64.01369863,High
37,36 - 45,F,Less than $40K,<Rs33L,Low Income,2353,5038,84,59.97619048,High
59,55+,F,$40K - $60K,Rs33L - Rs50L,Low Income,1438.3,4457,79,56.41772152,High
59,55+,M,$40K - $60K,Rs33L - Rs50L,Low Income,4188,4911,86,57.10465116,High
45,36 - 45,M,$80K - $120K,Rs66L - Rs1Cr,Mid Income,23542,2152,46,46.7826087,High
57,55+,M,$120K +,Rs1Cr +,High Income,9272,4649,89,52.23595506,High
36,36 - 45,F,Less than $40K,<Rs33L,Low Income,1967,4620,77,60,High
52,46 - 55,F,Less than $40K,<Rs33L,Low Income,1717,3004,46,65.30434783,High
45,36 - 45,M,$60K - $80K,Rs50L - Rs66L,Mid Income,34516,4912,80,61.4,High
50,46 - 55,M,$80K - $120K,Rs66L - Rs1Cr,Mid Income,5068,5173,64,80.828125,High
46,46 - 55,F,Less than $40K,<Rs33L,Low Income,1438.3,4370,79,55.3164557,High
55,46 - 55,F,$40K - $60K,Rs33L - Rs50L,Low Income,2697,4615,81,56.97530864,High
51,46 - 55,M,Less than $40K,<Rs33L,Low Income,1438.3,4312,81,53.2345679,High
44,36 - 45,F,Less than $40K,<Rs33L,Low Income,7499,2478,45,55.06666667,High
39,36 - 45,M,$120K +,Rs1Cr +,High Income,8700,2306,50,46.12,High
55,46 - 55,M,$60K - $80K,Rs50L - Rs66L,Mid Income,14266,1625,34,47.79411765,Medium
46,46 - 55,M,$120K +,Rs1Cr +,High Income,2692,4619,83,55.65060241,High
54,46 - 55,F,Less than $40K,<Rs33L,Low Income,2957,4280,82,52.19512195,High
50,46 - 55,F,Less than $40K,<Rs33L,Low Income,1438.3,4598,78,58.94871795,High
51,46 - 55,F,Less than $40K,<Rs33L,Low Income,3007,4985,84,59.3452381,High
41,36 - 45,F,Unknown,Unknown,Unknown,3427,4218,74,57,High
59,55+,M,$60K - $80K,Rs50L - Rs66L,Mid Income,1438.3,5177,79,65.53164557,High
47,46 - 55,F,Less than $40K,<Rs33L,Low Income,2990,4757,79,60.21518987,High
61,55+,M,$60K - $80K,Rs50L - Rs66L,Mid Income,9918,2485,40,62.125,High
50,46 - 55,F,Unknown,Unknown,Unknown,8159,4402,64,68.78125,High
53,46 - 55,M,$120K +,Rs1Cr +,High Income,18551,5364,90,59.6,High
31,26 - 35,F,Less than $40K,<Rs33L,Low Income,1438.3,4397,86,51.12790698,High
51,46 - 55,M,$80K - $120K,Rs66L - Rs1Cr,Mid Income,1438.3,1783,40,44.575,Medium
60,55+,M,$60K - $80K,Rs50L - Rs66L,Mid Income,10886,3488,66,52.84848485,High
59,55+,F,Unknown,Unknown,Unknown,10457,4649,74,62.82432432,High
60,55+,M,$40K - $60K,Rs33L - Rs50L,Low Income,1781,3527,66,53.43939394,High
50,46 - 55,M,$120K +,Rs1Cr +,High Income,34516,3974,65,61.13846154,High
42,36 - 45,F,Less than $40K,<Rs33L,Low Income,2363,4420,65,68,High
54,46 - 55,F,Less than $40K,<Rs33L,Low Income,2802,5924,88,67.31818182,High
42,36 - 45,F,Less than $40K,<Rs33L,Low Income,1640,4074,73,55.80821918,High
48,46 - 55,F,Less than $40K,<Rs33L,Low Income,4960,2430,48,50.625,High
50,46 - 55,M,$80K - $120K,Rs66L - Rs1Cr,Mid Income,4601,5056,80,63.2,High
48,46 - 55,M,$60K - $80K,Rs50L - Rs66L,Mid Income,4100,3584,61,58.75409836,High
52,46 - 55,F,$40K - $60K,Rs33L - Rs50L,Low Income,2741,5077,87,58.35632184,High
46,46 - 55,F,$40K - $60K,Rs33L - Rs50L,Low Income,4152,2218,30,73.93333333,High
50,46 - 55,F,Less than $40K,<Rs33L,Low Income,3386,4890,65,75.23076923,High
62,55+,M,$40K - $60K,Rs33L - Rs50L,Low Income,3477,2113,40,52.825,High
50,46 - 55,M,$80K - $120K,Rs66L - Rs1Cr,Mid Income,23209,3530,71,49.71830986,High
50,46 - 55,F,$40K - $60K,Rs33L - Rs50L,Low Income,12610,4199,67,62.67164179,High
48,46 - 55,F,Less than $40K,<Rs33L,Low Income,2090,4619,78,59.21794872,High
46,46 - 55,M,$40K - $60K,Rs33L - Rs50L,Low Income,1610,4958,87,56.98850575,High
40,36 - 45,M,$120K +,Rs1Cr +,High Income,2269,2108,39,54.05128205,High
40,36 - 45,F,Less than $40K,<Rs33L,Low Income,2387,2134,41,52.04878049,High
54,46 - 55,F,$40K - $60K,Rs33L - Rs50L,Low Income,4036,5315,82,64.81707317,High
54,46 - 55,F,Unknown,Unknown,Unknown,5342,2426,46,52.73913043,High
54,46 - 55,F,Less than $40K,<Rs33L,Low Income,1695,2130,48,44.375,High
37,36 - 45,F,Less than $40K,<Rs33L,Low Income,1438.3,4314,82,52.6097561,High
38,36 - 45,F,$40K - $60K,Rs33L - Rs50L,Low Income,1776,4350,71,61.26760563,High
42,36 - 45,F,$40K - $60K,Rs33L - Rs50L,Low Income,5640,4739,80,59.2375,High
42,36 - 45,F,Less than $40K,<Rs33L,Low Income,2403,4186,77,54.36363636,High
45,36 - 45,F,Less than $40K,<Rs33L,Low Income,3349,4405,55,80.09090909,High
54,46 - 55,F,Less than $40K,<Rs33L,Low Income,3173,2763,51,54.17647059,High
43,36 - 45,M,$80K - $120K,Rs66L - Rs1Cr,Mid Income,1504,2530,43,58.8372093,High
45,36 - 45,F,$40K - $60K,Rs33L - Rs50L,Low Income,1477,2214,43,51.48837209,High
49,46 - 55,F,Less than $40K,<Rs33L,Low Income,2018,4842,69,70.17391304,High
41,36 - 45,M,$120K +,Rs1Cr +,High Income,34516,4147,76,54.56578947,High
44,36 - 45,F,Unknown,Unknown,Unknown,2105,4190,67,62.53731343,High
46,46 - 55,F,Unknown,Unknown,Unknown,20080,4620,70,66,High
39,36 - 45,F,Less than $40K,<Rs33L,Low Income,6690,3875,60,64.58333333,High
46,46 - 55,M,$80K - $120K,Rs66L - Rs1Cr,Mid Income,1530,4256,78,54.56410256,High
58,55+,M,$80K - $120K,Rs66L - Rs1Cr,Mid Income,2915,4235,73,58.01369863,High
47,46 - 55,F,Less than $40K,<Rs33L,Low Income,1438.3,4735,87,54.42528736,High
56,55+,F,Less than $40K,<Rs33L,Low Income,2423,2516,59,42.6440678,High
54,46 - 55,M,$80K - $120K,Rs66L - Rs1Cr,Mid Income,11742,4053,70,57.9,High
51,46 - 55,F,Less than $40K,<Rs33L,Low Income,3069,4512,83,54.36144578,High
58,55+,F,Unknown,Unknown,Unknown,34516,3595,52,69.13461538,High
36,36 - 45,F,$40K - $60K,Rs33L - Rs50L,Low Income,2517,5211,83,62.78313253,High
52,46 - 55,F,Less than $40K,<Rs33L,Low Income,1438.3,4890,63,77.61904762,High
45,36 - 45,F,$40K - $60K,Rs33L - Rs50L,Low Income,2216,4103,77,53.28571429,High
51,46 - 55,M,$60K - $80K,Rs50L - Rs66L,Mid Income,3232,5102,69,73.94202899,High
54,46 - 55,F,Less than $40K,<Rs33L,Low Income,3478,4607,83,55.5060241,High
50,46 - 55,F,Unknown,Unknown,Unknown,1814,5014,99,50.64646465,High
37,36 - 45,F,Less than $40K,<Rs33L,Low Income,1438.3,4513,75,60.17333333,High
42,36 - 45,F,Less than $40K,<Rs33L,Low Income,1446,4860,68,71.47058824,High
47,46 - 55,F,Less than $40K,<Rs33L,Low Income,1493,4655,95,49,High
45,36 - 45,F,$40K - $60K,Rs33L - Rs50L,Low Income,4244,4016,89,45.12359551,High
40,36 - 45,M,$40K - $60K,Rs33L - Rs50L,Low Income,2984,4813,83,57.98795181,High
48,46 - 55,M,$80K - $120K,Rs66L - Rs1Cr,Mid Income,2713,4220,79,53.41772152,High
42,36 - 45,F,$40K - $60K,Rs33L - Rs50L,Low Income,2471,4406,62,71.06451613,High
47,46 - 55,M,$60K - $80K,Rs50L - Rs66L,Mid Income,27437,4660,79,58.98734177,High
54,46 - 55,F,Less than $40K,<Rs33L,Low Income,4166,4584,70,65.48571429,High
38,36 - 45,M,$40K - $60K,Rs33L - Rs50L,Low Income,13100,3201,78,41.03846154,High
43,36 - 45,M,$60K - $80K,Rs50L - Rs66L,Mid Income,1438.3,1707,38,44.92105263,Medium
43,36 - 45,F,Less than $40K,<Rs33L,Low Income,2242,4845,66,73.40909091,High
37,36 - 45,F,Unknown,Unknown,Unknown,9874,2446,47,52.04255319,High
41,36 - 45,F,$40K - $60K,Rs33L - Rs50L,Low Income,4432,4144,79,52.4556962,High
45,36 - 45,F,Less than $40K,<Rs33L,Low Income,4975,4776,68,70.23529412,High
49,46 - 55,F,Less than $40K,<Rs33L,Low Income,2652,4747,80,59.3375,High
54,46 - 55,F,Less than $40K,<Rs33L,Low Income,2043,3553,61,58.24590164,High
45,36 - 45,M,Less than $40K,<Rs33L,Low Income,3489,2684,39,68.82051282,High
52,46 - 55,M,$80K - $120K,Rs66L - Rs1Cr,Mid Income,14858,4286,72,59.52777778,High
40,36 - 45,F,$40K - $60K,Rs33L - Rs50L,Low Income,2822,5371,93,57.75268817,High
54,46 - 55,F,Less than $40K,<Rs33L,Low Income,2901,4731,83,57,High
52,46 - 55,F,Less than $40K,<Rs33L,Low Income,1594,4653,65,71.58461538,High
58,55+,F,Less than $40K,<Rs33L,Low Income,2241,4653,75,62.04,High
51,46 - 55,F,Less than $40K,<Rs33L,Low Income,2581,4431,79,56.08860759,High
40,36 - 45,M,$120K +,Rs1Cr +,High Income,14713,4125,82,50.30487805,High
49,46 - 55,F,Less than $40K,<Rs33L,Low Income,2910,2648,41,64.58536585,High
39,36 - 45,F,Unknown,Unknown,Unknown,2366,3659,66,55.43939394,High
54,46 - 55,F,Less than $40K,<Rs33L,Low Income,2708,2321,45,51.57777778,High
42,36 - 45,M,$80K - $120K,Rs66L - Rs1Cr,Mid Income,1681,5416,82,66.04878049,High
40,36 - 45,F,Less than $40K,<Rs33L,Low Income,2594,3872,71,54.53521127,High
41,36 - 45,F,$40K - $60K,Rs33L - Rs50L,Low Income,2128,3968,81,48.98765432,High
50,46 - 55,F,Less than $40K,<Rs33L,Low Income,1438.3,4594,86,53.41860465,High
47,46 - 55,M,$80K - $120K,Rs66L - Rs1Cr,Mid Income,1438.3,2388,42,56.85714286,High
46,46 - 55,M,$60K - $80K,Rs50L - Rs66L,Mid Income,4696,4828,62,77.87096774,High
52,46 - 55,F,Less than $40K,<Rs33L,Low Income,2566,2340,36,65,High
53,46 - 55,F,Unknown,Unknown,Unknown,2592,4208,68,61.88235294,High
56,55+,F,Less than $40K,<Rs33L,Low Income,1698,4371,74,59.06756757,High
57,55+,F,$40K - $60K,Rs33L - Rs50L,Low Income,4682,4322,83,52.07228916,High
56,55+,F,$40K - $60K,Rs33L - Rs50L,Low Income,4439,4532,95,47.70526316,High
34,26 - 35,F,Less than $40K,<Rs33L,Low Income,2689,4237,79,53.63291139,High
46,46 - 55,M,$80K - $120K,Rs66L - Rs1Cr,Mid Income,11670,4277,89,48.05617978,High
47,46 - 55,F,$40K - $60K,Rs33L - Rs50L,Low Income,1596,5678,81,70.09876543,High
40,36 - 45,F,$40K - $60K,Rs33L - Rs50L,Low Income,3356,2032,39,52.1025641,High
53,46 - 55,M,$60K - $80K,Rs50L - Rs66L,Mid Income,1590,4229,73,57.93150685,High
55,46 - 55,M,$80K - $120K,Rs66L - Rs1Cr,Mid Income,4994,4802,81,59.28395062,High
51,46 - 55,F,$40K - $60K,Rs33L - Rs50L,Low Income,16406,4075,75,54.33333333,High
52,46 - 55,F,Less than $40K,<Rs33L,Low Income,2451,5283,90,58.7,High
40,36 - 45,M,$80K - $120K,Rs66L - Rs1Cr,Mid Income,9109,3991,84,47.51190476,High
45,36 - 45,F,Less than $40K,<Rs33L,Low Income,2632,4787,89,53.78651685,High
46,46 - 55,F,Less than $40K,<Rs33L,Low Income,1438.3,2658,43,61.81395349,High
38,36 - 45,F,Less than $40K,<Rs33L,Low Income,1757,4121,81,50.87654321,High
46,46 - 55,F,Less than $40K,<Rs33L,Low Income,2711,5084,79,64.35443038,High
47,46 - 55,F,Less than $40K,<Rs33L,Low Income,2776,4318,68,63.5,High
44,36 - 45,F,$40K - $60K,Rs33L - Rs50L,Low Income,1438.3,4988,90,55.42222222,High
36,36 - 45,M,$80K - $120K,Rs66L - Rs1Cr,Mid Income,5015,2491,43,57.93023256,High
40,36 - 45,M,$60K - $80K,Rs50L - Rs66L,Mid Income,8529,4252,68,62.52941176,High
49,46 - 55,F,Less than $40K,<Rs33L,Low Income,1604,4253,68,62.54411765,High
56,55+,F,Unknown,Unknown,Unknown,4263,4876,70,69.65714286,High
45,36 - 45,F,Less than $40K,<Rs33L,Low Income,2493,4473,76,58.85526316,High
38,36 - 45,F,Less than $40K,<Rs33L,Low Income,1568,2812,59,47.66101695,High
43,36 - 45,F,Less than $40K,<Rs33L,Low Income,1521,4880,79,61.7721519,High
48,46 - 55,M,$40K - $60K,Rs33L - Rs50L,Low Income,3261,4242,65,65.26153846,High
39,36 - 45,F,Less than $40K,<Rs33L,Low Income,1781,5093,77,66.14285714,High
62,55+,F,Less than $40K,<Rs33L,Low Income,5284,4525,63,71.82539683,High
47,46 - 55,F,Unknown,Unknown,Unknown,5590,1507,32,47.09375,Medium
57,55+,F,Unknown,Unknown,Unknown,1734,4313,92,46.88043478,High
48,46 - 55,F,Unknown,Unknown,Unknown,7645,5016,73,68.71232877,High
48,46 - 55,F,$40K - $60K,Rs33L - Rs50L,Low Income,1438.3,4600,76,60.52631579,High
34,26 - 35,F,Less than $40K,<Rs33L,Low Income,2207,4159,64,64.984375,High
46,46 - 55,F,Less than $40K,<Rs33L,Low Income,1723,4112,82,50.14634146,High
49,46 - 55,F,Less than $40K,<Rs33L,Low Income,1644,4898,82,59.73170732,High
48,46 - 55,F,Less than $40K,<Rs33L,Low Income,1745,2297,44,52.20454545,High
42,36 - 45,F,$40K - $60K,Rs33L - Rs50L,Low Income,3376,4629,75,61.72,High
47,46 - 55,M,$60K - $80K,Rs50L - Rs66L,Mid Income,7298,4512,72,62.66666667,High
45,36 - 45,M,$80K - $120K,Rs66L - Rs1Cr,Mid Income,8383,2600,44,59.09090909,High
41,36 - 45,M,$40K - $60K,Rs33L - Rs50L,Low Income,3600,4184,61,68.59016393,High
45,36 - 45,F,$40K - $60K,Rs33L - Rs50L,Low Income,4595,3746,68,55.08823529,High
57,55+,M,$80K - $120K,Rs66L - Rs1Cr,Mid Income,2795,4679,67,69.8358209,High
49,46 - 55,F,Less than $40K,<Rs33L,Low Income,1768,4628,90,51.42222222,High
50,46 - 55,F,Less than $40K,<Rs33L,Low Income,1780,4630,73,63.42465753,High
51,46 - 55,F,Less than $40K,<Rs33L,Low Income,2987,4339,72,60.26388889,High
44,36 - 45,F,Unknown,Unknown,Unknown,2717,4196,71,59.09859155,High
40,36 - 45,F,Unknown,Unknown,Unknown,2887,3941,82,48.06097561,High
37,36 - 45,F,Less than $40K,<Rs33L,Low Income,1438.3,4733,89,53.17977528,High
46,46 - 55,M,$80K - $120K,Rs66L - Rs1Cr,Mid Income,10879,4629,69,67.08695652,High
39,36 - 45,F,Less than $40K,<Rs33L,Low Income,1809,4452,83,53.63855422,High
38,36 - 45,F,$40K - $60K,Rs33L - Rs50L,Low Income,1628,2527,41,61.63414634,High
45,36 - 45,F,Less than $40K,<Rs33L,Low Income,1438.3,4463,71,62.85915493,High
37,36 - 45,F,Less than $40K,<Rs33L,Low Income,1586,2109,41,51.43902439,High
43,36 - 45,F,$40K - $60K,Rs33L - Rs50L,Low Income,2311,3967,71,55.87323944,High
48,46 - 55,F,Less than $40K,<Rs33L,Low Income,2109,2935,60,48.91666667,High
51,46 - 55,F,Less than $40K,<Rs33L,Low Income,1562,5019,78,64.34615385,High
44,36 - 45,F,Unknown,Unknown,Unknown,1438.3,2316,48,48.25,High
39,36 - 45,M,$80K - $120K,Rs66L - Rs1Cr,Mid Income,2981,4824,76,63.47368421,High
47,46 - 55,M,$80K - $120K,Rs66L - Rs1Cr,Mid Income,5295,4412,90,49.02222222,High
51,46 - 55,F,$40K - $60K,Rs33L - Rs50L,Low Income,4708,2179,50,43.58,High
54,46 - 55,M,$60K - $80K,Rs50L - Rs66L,Mid Income,2210,4798,86,55.79069767,High
53,46 - 55,F,$40K - $60K,Rs33L - Rs50L,Low Income,1972,5085,73,69.65753425,High
48,46 - 55,M,$60K - $80K,Rs50L - Rs66L,Mid Income,2384,3149,59,53.37288136,High
35,26 - 35,M,Less than $40K,<Rs33L,Low Income,2311,4730,89,53.14606742,High
46,46 - 55,F,$40K - $60K,Rs33L - Rs50L,Low Income,1912,4841,81,59.7654321,High
49,46 - 55,F,$40K - $60K,Rs33L - Rs50L,Low Income,2147,4240,69,61.44927536,High
42,36 - 45,F,Less than $40K,<Rs33L,Low Income,3214,2119,44,48.15909091,High
43,36 - 45,F,Less than $40K,<Rs33L,Low Income,3006,5125,87,58.90804598,High
52,46 - 55,M,$80K - $120K,Rs66L - Rs1Cr,Mid Income,2735,3724,66,56.42424242,High
50,46 - 55,M,$120K +,Rs1Cr +,High Income,3390,4128,73,56.54794521,High
54,46 - 55,M,$80K - $120K,Rs66L - Rs1Cr,Mid Income,34516,1201,22,54.59090909,Medium
55,46 - 55,F,Unknown,Unknown,Unknown,11249,3882,55,70.58181818,High
52,46 - 55,F,Less than $40K,<Rs33L,Low Income,2484,4084,86,47.48837209,High
40,36 - 45,F,Less than $40K,<Rs33L,Low Income,2932,4795,82,58.47560976,High
60,55+,F,Less than $40K,<Rs33L,Low Income,2882,4933,103,47.89320388,High
45,36 - 45,F,Less than $40K,<Rs33L,Low Income,2658,4774,92,51.89130435,High
44,36 - 45,F,Unknown,Unknown,Unknown,5589,4262,75,56.82666667,High
44,36 - 45,F,$40K - $60K,Rs33L - Rs50L,Low Income,1484,4819,74,65.12162162,High
57,55+,F,Unknown,Unknown,Unknown,1678,4402,87,50.59770115,High
34,26 - 35,F,Unknown,Unknown,Unknown,12373,2462,40,61.55,High
52,46 - 55,M,Less than $40K,<Rs33L,Low Income,2846,5092,86,59.20930233,High
42,36 - 45,F,$40K - $60K,Rs33L - Rs50L,Low Income,1585,2360,40,59,High
42,36 - 45,F,Less than $40K,<Rs33L,Low Income,2837,3892,69,56.4057971,High
51,46 - 55,F,Less than $40K,<Rs33L,Low Income,2066,4678,91,51.40659341,High
47,46 - 55,M,$60K - $80K,Rs50L - Rs66L,Mid Income,20789,4105,67,61.26865672,High
48,46 - 55,F,Less than $40K,<Rs33L,Low Income,1449,4797,88,54.51136364,High
39,36 - 45,F,$40K - $60K,Rs33L - Rs50L,Low Income,3911,2867,42,68.26190476,High
56,55+,F,Less than $40K,<Rs33L,Low Income,1737,4611,73,63.16438356,High
48,46 - 55,F,Less than $40K,<Rs33L,Low Income,1815,4519,76,59.46052632,High
46,46 - 55,F,Unknown,Unknown,Unknown,4848,2353,53,44.39622642,High
46,46 - 55,F,Less than $40K,<Rs33L,Low Income,1592,4615,90,51.27777778,High
40,36 - 45,F,Less than $40K,<Rs33L,Low Income,1768,4439,65,68.29230769,High
44,36 - 45,F,Unknown,Unknown,Unknown,8128,4251,80,53.1375,High
45,36 - 45,F,Unknown,Unknown,Unknown,2557,4808,83,57.92771084,High
44,36 - 45,M,$60K - $80K,Rs50L - Rs66L,Mid Income,2991,4646,62,74.93548387,High
49,46 - 55,M,$80K - $120K,Rs66L - Rs1Cr,Mid Income,34516,1592,35,45.48571429,Medium
45,36 - 45,M,$80K - $120K,Rs66L - Rs1Cr,Mid Income,19099,4837,77,62.81818182,High
44,36 - 45,F,Unknown,Unknown,Unknown,4559,4934,76,64.92105263,High
58,55+,M,$80K - $120K,Rs66L - Rs1Cr,Mid Income,22981,4192,66,63.51515152,High
38,36 - 45,F,$40K - $60K,Rs33L - Rs50L,Low Income,2358,4922,80,61.525,High
48,46 - 55,M,$80K - $120K,Rs66L - Rs1Cr,Mid Income,22067,3577,64,55.890625,High
43,36 - 45,F,Less than $40K,<Rs33L,Low Income,2023,5098,79,64.53164557,High
36,36 - 45,F,Unknown,Unknown,Unknown,2222,4095,65,63,High
59,55+,M,$60K - $80K,Rs50L - Rs66L,Mid Income,1438.3,4297,65,66.10769231,High
40,36 - 45,M,$80K - $120K,Rs66L - Rs1Cr,Mid Income,8958,2131,43,49.55813953,High
36,36 - 45,F,Less than $40K,<Rs33L,Low Income,1937,4547,73,62.28767123,High
40,36 - 45,M,$60K - $80K,Rs50L - Rs66L,Mid Income,25219,4429,87,50.90804598,High
36,36 - 45,M,$80K - $120K,Rs66L - Rs1Cr,Mid Income,1815,2039,34,59.97058824,High
60,55+,F,$40K - $60K,Rs33L - Rs50L,Low Income,3361,4589,69,66.50724638,High
47,46 - 55,M,$40K - $60K,Rs33L - Rs50L,Low Income,4786,4973,74,67.2027027,High
37,36 - 45,F,Unknown,Unknown,Unknown,1438.3,5001,91,54.95604396,High
51,46 - 55,F,Less than $40K,<Rs33L,Low Income,1438.3,4653,74,62.87837838,High
42,36 - 45,F,Less than $40K,<Rs33L,Low Income,2725,4965,85,58.41176471,High
42,36 - 45,F,Unknown,Unknown,Unknown,10039,4685,76,61.64473684,High
45,36 - 45,F,Unknown,Unknown,Unknown,2467,5024,81,62.02469136,High
52,46 - 55,F,Less than $40K,<Rs33L,Low Income,1438.3,5015,68,73.75,High
57,55+,F,Less than $40K,<Rs33L,Low Income,1759,2705,35,77.28571429,High
46,46 - 55,M,Less than $40K,<Rs33L,Low Income,2206,4455,67,66.49253731,High
35,26 - 35,F,$40K - $60K,Rs33L - Rs50L,Low Income,2045,2183,39,55.97435897,High
54,46 - 55,F,Less than $40K,<Rs33L,Low Income,4170,3669,67,54.76119403,High
47,46 - 55,F,Less than $40K,<Rs33L,Low Income,3300,3784,55,68.8,High
26,26 - 35,F,Less than $40K,<Rs33L,Low Income,5422,4460,62,71.93548387,High
56,55+,F,Unknown,Unknown,Unknown,2015,5209,76,68.53947368,High
47,46 - 55,M,$60K - $80K,Rs50L - Rs66L,Mid Income,2048,4855,88,55.17045455,High
37,36 - 45,F,Less than $40K,<Rs33L,Low Income,2152,4126,71,58.11267606,High
44,36 - 45,F,Less than $40K,<Rs33L,Low Income,3017,2096,50,41.92,High
53,46 - 55,M,$120K +,Rs1Cr +,High Income,34516,4485,86,52.15116279,High
33,26 - 35,M,$60K - $80K,Rs50L - Rs66L,Mid Income,1819,2254,45,50.08888889,High
46,46 - 55,F,Less than $40K,<Rs33L,Low Income,2228,4382,83,52.79518072,High
44,36 - 45,F,Less than $40K,<Rs33L,Low Income,2279,2789,52,53.63461538,High
48,46 - 55,F,$40K - $60K,Rs33L - Rs50L,Low Income,1438.3,2520,45,56,High
45,36 - 45,M,$120K +,Rs1Cr +,High Income,1686,4413,77,57.31168831,High
48,46 - 55,F,Unknown,Unknown,Unknown,1942,4940,88,56.13636364,High
53,46 - 55,M,$60K - $80K,Rs50L - Rs66L,Mid Income,3858,4472,92,48.60869565,High
44,36 - 45,M,$60K - $80K,Rs50L - Rs66L,Mid Income,11651,3870,64,60.46875,High
43,36 - 45,M,$40K - $60K,Rs33L - Rs50L,Low Income,9449,4658,93,50.08602151,High
50,46 - 55,F,Less than $40K,<Rs33L,Low Income,3423,2229,45,49.53333333,High
47,46 - 55,F,Less than $40K,<Rs33L,Low Income,2915,4037,83,48.63855422,High
50,46 - 55,F,Unknown,Unknown,Unknown,11486,4918,79,62.25316456,High
40,36 - 45,F,Less than $40K,<Rs33L,Low Income,2984,2373,53,44.77358491,High
37,36 - 45,F,Less than $40K,<Rs33L,Low Income,1653,2284,35,65.25714286,High
47,46 - 55,F,Less than $40K,<Rs33L,Low Income,2723,4307,83,51.89156627,High
40,36 - 45,F,Less than $40K,<Rs33L,Low Income,1438.3,4702,84,55.97619048,High
43,36 - 45,F,Less than $40K,<Rs33L,Low Income,1818,2279,50,45.58,High
56,55+,F,$40K - $60K,Rs33L - Rs50L,Low Income,4384,4792,91,52.65934066,High
43,36 - 45,F,Less than $40K,<Rs33L,Low Income,1824,4594,86,53.41860465,High
50,46 - 55,F,Less than $40K,<Rs33L,Low Income,5452,4220,66,63.93939394,High
50,46 - 55,F,Unknown,Unknown,Unknown,9248,2325,45,51.66666667,High
55,46 - 55,M,$120K +,Rs1Cr +,High Income,17627,4836,74,65.35135135,High
27,26 - 35,F,Less than $40K,<Rs33L,Low Income,1438.3,4479,70,63.98571429,High
44,36 - 45,F,Less than $40K,<Rs33L,Low Income,5357,1979,48,41.22916667,Medium
49,46 - 55,F,Unknown,Unknown,Unknown,2542,4972,79,62.93670886,High
51,46 - 55,F,$40K - $60K,Rs33L - Rs50L,Low Income,2275,4807,72,66.76388889,High
43,36 - 45,F,Less than $40K,<Rs33L,Low Income,1706,2371,45,52.68888889,High
54,46 - 55,F,Less than $40K,<Rs33L,Low Income,3591,2313,43,53.79069767,High
44,36 - 45,M,$40K - $60K,Rs33L - Rs50L,Low Income,19360,3966,78,50.84615385,High
56,55+,F,Less than $40K,<Rs33L,Low Income,1707,4846,80,60.575,High
53,46 - 55,M,Less than $40K,<Rs33L,Low Income,3844,4271,56,76.26785714,High
45,36 - 45,F,$40K - $60K,Rs33L - Rs50L,Low Income,2851,3916,64,61.1875,High
49,46 - 55,F,Less than $40K,<Rs33L,Low Income,2951,2519,36,69.97222222,High
38,36 - 45,F,Less than $40K,<Rs33L,Low Income,1438.3,4475,74,60.47297297,High
54,46 - 55,M,$120K +,Rs1Cr +,High Income,9090,2239,43,52.06976744,High
45,36 - 45,M,$120K +,Rs1Cr +,High Income,34516,3643,59,61.74576271,High
53,46 - 55,M,$80K - $120K,Rs66L - Rs1Cr,Mid Income,1837,2169,43,50.44186047,High
48,46 - 55,F,Unknown,Unknown,Unknown,2300,4538,71,63.91549296,High
36,36 - 45,F,Less than $40K,<Rs33L,Low Income,2611,5121,83,61.69879518,High
40,36 - 45,M,$80K - $120K,Rs66L - Rs1Cr,Mid Income,22863,4071,69,59,High
53,46 - 55,F,$40K - $60K,Rs33L - Rs50L,Low Income,2192,4756,85,55.95294118,High
40,36 - 45,F,Less than $40K,<Rs33L,Low Income,2917,4736,79,59.94936709,High
41,36 - 45,F,$40K - $60K,Rs33L - Rs50L,Low Income,1438.3,4300,68,63.23529412,High
37,36 - 45,F,Less than $40K,<Rs33L,Low Income,1784,2348,47,49.95744681,High
43,36 - 45,F,Less than $40K,<Rs33L,Low Income,8919,3923,73,53.73972603,High
52,46 - 55,F,Less than $40K,<Rs33L,Low Income,2164,5282,80,66.025,High
48,46 - 55,F,Unknown,Unknown,Unknown,2792,4364,62,70.38709677,High
60,55+,F,Less than $40K,<Rs33L,Low Income,1634,4522,83,54.48192771,High
39,36 - 45,F,Less than $40K,<Rs33L,Low Income,2144,4571,85,53.77647059,High
37,36 - 45,M,$40K - $60K,Rs33L - Rs50L,Low Income,3664,4413,65,67.89230769,High
40,36 - 45,F,Less than $40K,<Rs33L,Low Income,4788,4438,78,56.8974359,High
34,26 - 35,F,Less than $40K,<Rs33L,Low Income,2164,5075,71,71.47887324,High
48,46 - 55,F,Less than $40K,<Rs33L,Low Income,1532,4359,78,55.88461538,High
56,55+,F,Less than $40K,<Rs33L,Low Income,1883,1954,45,43.42222222,Medium
44,36 - 45,F,$40K - $60K,Rs33L - Rs50L,Low Income,3659,4861,74,65.68918919,High
47,46 - 55,F,Less than $40K,<Rs33L,Low Income,2946,4717,70,67.38571429,High
45,36 - 45,F,Less than $40K,<Rs33L,Low Income,2697,4063,75,54.17333333,High
47,46 - 55,F,Unknown,Unknown,Unknown,3811,3578,76,47.07894737,High
35,26 - 35,F,$40K - $60K,Rs33L - Rs50L,Low Income,1613,5000,85,58.82352941,High
42,36 - 45,F,Less than $40K,<Rs33L,Low Income,2043,5198,77,67.50649351,High
47,46 - 55,M,$40K - $60K,Rs33L - Rs50L,Low Income,1684,2164,36,60.11111111,High
47,46 - 55,F,Unknown,Unknown,Unknown,3127,4518,86,52.53488372,High
47,46 - 55,M,$40K - $60K,Rs33L - Rs50L,Low Income,7106,5192,75,69.22666667,High
50,46 - 55,F,$40K - $60K,Rs33L - Rs50L,Low Income,2784,4904,81,60.54320988,High
51,46 - 55,F,$40K - $60K,Rs33L - Rs50L,Low Income,5536,4281,82,52.20731707,High
45,36 - 45,F,Less than $40K,<Rs33L,Low Income,1717,4301,64,67.203125,High
47,46 - 55,F,Less than $40K,<Rs33L,Low Income,1438.3,1687,38,44.39473684,Medium
42,36 - 45,M,$60K - $80K,Rs50L - Rs66L,Mid Income,1866,2833,42,67.45238095,High
52,46 - 55,M,$80K - $120K,Rs66L - Rs1Cr,Mid Income,2516,4461,80,55.7625,High
45,36 - 45,F,$40K - $60K,Rs33L - Rs50L,Low Income,3076,2580,50,51.6,High
48,46 - 55,M,$40K - $60K,Rs33L - Rs50L,Low Income,7514,4789,69,69.4057971,High
52,46 - 55,F,$40K - $60K,Rs33L - Rs50L,Low Income,2804,4357,69,63.14492754,High
58,55+,F,Less than $40K,<Rs33L,Low Income,1817,2347,45,52.15555556,High
43,36 - 45,F,Less than $40K,<Rs33L,Low Income,2590,3391,66,51.37878788,High
39,36 - 45,F,$40K - $60K,Rs33L - Rs50L,Low Income,4938,4516,82,55.07317073,High
53,46 - 55,M,$60K - $80K,Rs50L - Rs66L,Mid Income,19940,4694,75,62.58666667,High
52,46 - 55,F,Unknown,Unknown,Unknown,12366,4880,76,64.21052632,High
40,36 - 45,M,$40K - $60K,Rs33L - Rs50L,Low Income,2583,4500,83,54.21686747,High
62,55+,F,Less than $40K,<Rs33L,Low Income,2616,4655,68,68.45588235,High
52,46 - 55,F,$40K - $60K,Rs33L - Rs50L,Low Income,6053,5035,64,78.671875,High
59,55+,F,Less than $40K,<Rs33L,Low Income,1708,1992,38,52.42105263,Medium
49,46 - 55,F,Less than $40K,<Rs33L,Low Income,2393,3768,79,47.69620253,High
53,46 - 55,F,Less than $40K,<Rs33L,Low Income,3424,4485,61,73.52459016,High
48,46 - 55,F,Less than $40K,<Rs33L,Low Income,2640,4956,72,68.83333333,High
59,55+,F,$40K - $60K,Rs33L - Rs50L,Low Income,1931,4797,65,73.8,High
50,46 - 55,M,$120K +,Rs1Cr +,High Income,2123,4516,78,57.8974359,High
54,46 - 55,F,$40K - $60K,Rs33L - Rs50L,Low Income,1606,2258,37,61.02702703,High
41,36 - 45,M,$60K - $80K,Rs50L - Rs66L,Mid Income,5633,3695,75,49.26666667,High
57,55+,F,Less than $40K,<Rs33L,Low Income,1438.3,4970,87,57.12643678,High
50,46 - 55,F,Less than $40K,<Rs33L,Low Income,2590,4248,73,58.19178082,High
43,36 - 45,M,$60K - $80K,Rs50L - Rs66L,Mid Income,4556,4273,82,52.1097561,High
47,46 - 55,F,Unknown,Unknown,Unknown,1537,4234,75,56.45333333,High
55,46 - 55,M,$60K - $80K,Rs50L - Rs66L,Mid Income,1602,4873,97,50.2371134,High
50,46 - 55,F,Less than $40K,<Rs33L,Low Income,2080,5130,82,62.56097561,High
46,46 - 55,F,Unknown,Unknown,Unknown,7565,4683,87,53.82758621,High
47,46 - 55,M,$60K - $80K,Rs50L - Rs66L,Mid Income,4786,5039,76,66.30263158,High
53,46 - 55,F,Less than $40K,<Rs33L,Low Income,2375,5000,76,65.78947368,High
48,46 - 55,F,Unknown,Unknown,Unknown,8446,4240,67,63.28358209,High
60,55+,F,Less than $40K,<Rs33L,Low Income,1977,4393,72,61.01388889,High
42,36 - 45,M,$80K - $120K,Rs66L - Rs1Cr,Mid Income,13908,4319,81,53.32098765,High
52,46 - 55,F,$40K - $60K,Rs33L - Rs50L,Low Income,19220,4642,81,57.30864198,High
44,36 - 45,F,Less than $40K,<Rs33L,Low Income,2709,5056,89,56.80898876,High
38,36 - 45,M,$60K - $80K,Rs50L - Rs66L,Mid Income,1503,4439,77,57.64935065,High
51,46 - 55,M,$80K - $120K,Rs66L - Rs1Cr,Mid Income,9186,4986,88,56.65909091,High
50,46 - 55,F,Less than $40K,<Rs33L,Low Income,2165,4194,72,58.25,High
41,36 - 45,F,Unknown,Unknown,Unknown,1438.3,5020,85,59.05882353,High
61,55+,F,Unknown,Unknown,Unknown,6673,4141,82,50.5,High
53,46 - 55,F,Less than $40K,<Rs33L,Low Income,2404,4519,72,62.76388889,High
47,46 - 55,F,Less than $40K,<Rs33L,Low Income,1666,2816,38,74.10526316,High
41,36 - 45,M,$60K - $80K,Rs50L - Rs66L,Mid Income,8228,4933,68,72.54411765,High
54,46 - 55,F,Less than $40K,<Rs33L,Low Income,3186,4077,75,54.36,High
53,46 - 55,F,Less than $40K,<Rs33L,Low Income,2596,4801,72,66.68055556,High
43,36 - 45,F,Less than $40K,<Rs33L,Low Income,1662,2326,31,75.03225806,High
42,36 - 45,F,Less than $40K,<Rs33L,Low Income,2053,3053,50,61.06,High
32,26 - 35,F,Unknown,Unknown,Unknown,3193,4419,75,58.92,High
45,36 - 45,F,Less than $40K,<Rs33L,Low Income,1927,5127,81,63.2962963,High
39,36 - 45,F,$40K - $60K,Rs33L - Rs50L,Low Income,2821,2397,35,68.48571429,High
48,46 - 55,M,$60K - $80K,Rs50L - Rs66L,Mid Income,3879,5158,79,65.29113924,High
56,55+,F,Less than $40K,<Rs33L,Low Income,1971,4827,84,57.46428571,High
48,46 - 55,F,Unknown,Unknown,Unknown,1755,4719,90,52.43333333,High
42,36 - 45,F,Less than $40K,<Rs33L,Low Income,2031,2702,32,84.4375,High
46,46 - 55,F,Less than $40K,<Rs33L,Low Income,2330,3917,71,55.16901408,High
46,46 - 55,F,Less than $40K,<Rs33L,Low Income,1438.3,4283,88,48.67045455,High
59,55+,M,Less than $40K,<Rs33L,Low Income,1438.3,2589,49,52.83673469,High
60,55+,M,$120K +,Rs1Cr +,High Income,5130,4601,88,52.28409091,High
54,46 - 55,F,Unknown,Unknown,Unknown,11794,5547,87,63.75862069,High
50,46 - 55,M,$60K - $80K,Rs50L - Rs66L,Mid Income,7603,2497,42,59.45238095,High
41,36 - 45,F,$40K - $60K,Rs33L - Rs50L,Low Income,3606,1829,41,44.6097561,Medium
49,46 - 55,F,Less than $40K,<Rs33L,Low Income,5153,4274,81,52.7654321,High
47,46 - 55,F,Less than $40K,<Rs33L,Low Income,2500,4265,87,49.02298851,High
42,36 - 45,M,$40K - $60K,Rs33L - Rs50L,Low Income,2654,4767,82,58.13414634,High
35,26 - 35,F,Less than $40K,<Rs33L,Low Income,3611,2178,45,48.4,High
47,46 - 55,F,Unknown,Unknown,Unknown,1882,4536,85,53.36470588,High
47,46 - 55,M,$80K - $120K,Rs66L - Rs1Cr,Mid Income,7421,4353,75,58.04,High
44,36 - 45,F,Less than $40K,<Rs33L,Low Income,4606,4363,78,55.93589744,High
32,26 - 35,F,Unknown,Unknown,Unknown,12268,4905,82,59.81707317,High
50,46 - 55,M,$80K - $120K,Rs66L - Rs1Cr,Mid Income,9873,4613,82,56.25609756,High
46,46 - 55,F,Less than $40K,<Rs33L,Low Income,1555,5490,86,63.8372093,High
52,46 - 55,F,Less than $40K,<Rs33L,Low Income,2160,2360,56,42.14285714,High
38,36 - 45,M,$60K - $80K,Rs50L - Rs66L,Mid Income,3809,4666,69,67.62318841,High
44,36 - 45,F,Less than $40K,<Rs33L,Low Income,5362,3851,87,44.26436782,High
43,36 - 45,F,Less than $40K,<Rs33L,Low Income,1834,5653,79,71.55696203,High
52,46 - 55,F,Less than $40K,<Rs33L,Low Income,2577,5021,75,66.94666667,High
47,46 - 55,M,$60K - $80K,Rs50L - Rs66L,Mid Income,2721,4557,71,64.18309859,High
50,46 - 55,F,Less than $40K,<Rs33L,Low Income,2925,3913,47,83.25531915,High
44,36 - 45,F,Less than $40K,<Rs33L,Low Income,1545,2646,39,67.84615385,High
49,46 - 55,F,Less than $40K,<Rs33L,Low Income,2212,2394,55,43.52727273,High
46,46 - 55,M,$120K +,Rs1Cr +,High Income,13001,3671,55,66.74545455,High
36,36 - 45,F,Less than $40K,<Rs33L,Low Income,2784,2021,57,35.45614035,High
50,46 - 55,M,$60K - $80K,Rs50L - Rs66L,Mid Income,2317,2214,41,54,High
41,36 - 45,F,Less than $40K,<Rs33L,Low Income,1867,4537,60,75.61666667,High
50,46 - 55,F,Less than $40K,<Rs33L,Low Income,2595,2526,41,61.6097561,High
46,46 - 55,F,Less than $40K,<Rs33L,Low Income,1438.3,4311,77,55.98701299,High
46,46 - 55,F,Less than $40K,<Rs33L,Low Income,1696,4410,84,52.5,High
46,46 - 55,F,Unknown,Unknown,Unknown,2694,2041,57,35.80701754,High
51,46 - 55,F,Less than $40K,<Rs33L,Low Income,2791,2584,49,52.73469388,High
51,46 - 55,F,$40K - $60K,Rs33L - Rs50L,Low Income,2146,4253,74,57.47297297,High
61,55+,M,$80K - $120K,Rs66L - Rs1Cr,Mid Income,1438.3,1958,47,41.65957447,Medium
38,36 - 45,F,Unknown,Unknown,Unknown,1438.3,4583,67,68.40298507,High
44,36 - 45,F,$40K - $60K,Rs33L - Rs50L,Low Income,4269,4178,75,55.70666667,High
45,36 - 45,F,$40K - $60K,Rs33L - Rs50L,Low Income,4195,4430,72,61.52777778,High
48,46 - 55,F,Less than $40K,<Rs33L,Low Income,1832,4376,87,50.29885057,High
37,36 - 45,F,Less than $40K,<Rs33L,Low Income,2588,4159,83,50.10843373,High
63,55+,F,Less than $40K,<Rs33L,Low Income,4847,4712,76,62,High
46,46 - 55,F,$40K - $60K,Rs33L - Rs50L,Low Income,2423,4717,80,58.9625,High
50,46 - 55,F,$40K - $60K,Rs33L - Rs50L,Low Income,7507,4651,71,65.50704225,High
51,46 - 55,M,$120K +,Rs1Cr +,High Income,5232,4976,93,53.50537634,High
43,36 - 45,F,Unknown,Unknown,Unknown,1438.3,5016,86,58.3255814,High
47,46 - 55,F,Unknown,Unknown,Unknown,1828,4542,82,55.3902439,High
49,46 - 55,F,Unknown,Unknown,Unknown,2557,4342,73,59.47945205,High
42,36 - 45,F,Less than $40K,<Rs33L,Low Income,2283,4377,64,68.390625,High
35,26 - 35,F,Less than $40K,<Rs33L,Low Income,2684,4657,76,61.27631579,High
38,36 - 45,F,Unknown,Unknown,Unknown,7234,5198,75,69.30666667,High
37,36 - 45,F,$40K - $60K,Rs33L - Rs50L,Low Income,1438.3,4730,80,59.125,High
42,36 - 45,F,Less than $40K,<Rs33L,Low Income,2730,4750,76,62.5,High
50,46 - 55,F,Unknown,Unknown,Unknown,2808,5137,81,63.41975309,High
42,36 - 45,F,Less than $40K,<Rs33L,Low Income,6275,4308,75,57.44,High
43,36 - 45,F,$40K - $60K,Rs33L - Rs50L,Low Income,1438.3,4528,83,54.55421687,High
44,36 - 45,M,$80K - $120K,Rs66L - Rs1Cr,Mid Income,10834,2249,51,44.09803922,High
44,36 - 45,F,Less than $40K,<Rs33L,Low Income,1522,4835,70,69.07142857,High
48,46 - 55,F,Unknown,Unknown,Unknown,2845,2635,43,61.27906977,High
41,36 - 45,F,$40K - $60K,Rs33L - Rs50L,Low Income,2329,4382,70,62.6,High
47,46 - 55,F,$40K - $60K,Rs33L - Rs50L,Low Income,2099,4471,80,55.8875,High
42,36 - 45,F,Unknown,Unknown,Unknown,5099,4025,73,55.1369863,High
54,46 - 55,F,Unknown,Unknown,Unknown,3805,4326,67,64.56716418,High
47,46 - 55,F,Unknown,Unknown,Unknown,11438,4346,90,48.28888889,High
43,36 - 45,F,$40K - $60K,Rs33L - Rs50L,Low Income,2434,4739,76,62.35526316,High
44,36 - 45,F,Unknown,Unknown,Unknown,4703,4127,89,46.37078652,High
44,36 - 45,F,Unknown,Unknown,Unknown,5254,4501,64,70.328125,High
45,36 - 45,F,Less than $40K,<Rs33L,Low Income,1438.3,4376,84,52.0952381,High
40,36 - 45,F,Less than $40K,<Rs33L,Low Income,2206,5196,92,56.47826087,High
50,46 - 55,F,$40K - $60K,Rs33L - Rs50L,Low Income,3600,4946,75,65.94666667,High
46,46 - 55,M,$60K - $80K,Rs50L - Rs66L,Mid Income,7116,4759,81,58.75308642,High
37,36 - 45,F,Less than $40K,<Rs33L,Low Income,1788,3511,56,62.69642857,High
60,55+,F,Unknown,Unknown,Unknown,7508,4950,70,70.71428571,High
39,36 - 45,F,$40K - $60K,Rs33L - Rs50L,Low Income,3333,3348,50,66.96,High
50,46 - 55,F,Unknown,Unknown,Unknown,13745,4432,61,72.6557377,High
34,26 - 35,F,Less than $40K,<Rs33L,Low Income,5021,2270,40,56.75,High
43,36 - 45,M,$40K - $60K,Rs33L - Rs50L,Low Income,4396,4771,78,61.16666667,High
40,36 - 45,F,Less than $40K,<Rs33L,Low Income,2558,4635,82,56.52439024,High
30,26 - 35,F,Unknown,Unknown,Unknown,9641,4710,75,62.8,High
38,36 - 45,F,Unknown,Unknown,Unknown,12621,4945,78,63.3974359,High
40,36 - 45,M,$40K - $60K,Rs33L - Rs50L,Low Income,2313,2249,42,53.54761905,High
53,46 - 55,F,Less than $40K,<Rs33L,Low Income,1438.3,4551,65,70.01538462,High
44,36 - 45,F,Less than $40K,<Rs33L,Low Income,1791,5109,79,64.67088608,High
52,46 - 55,F,Less than $40K,<Rs33L,Low Income,2300,4287,84,51.03571429,High
42,36 - 45,F,Less than $40K,<Rs33L,Low Income,2526,4267,72,59.26388889,High
42,36 - 45,F,$40K - $60K,Rs33L - Rs50L,Low Income,2918,2056,54,38.07407407,High
53,46 - 55,F,Unknown,Unknown,Unknown,6074,4303,77,55.88311688,High
45,36 - 45,M,$60K - $80K,Rs50L - Rs66L,Mid Income,4995,4389,82,53.52439024,High
34,26 - 35,M,$40K - $60K,Rs33L - Rs50L,Low Income,3323,4610,78,59.1025641,High
56,55+,F,Less than $40K,<Rs33L,Low Income,2464,4610,76,60.65789474,High
34,26 - 35,F,Less than $40K,<Rs33L,Low Income,2730,4530,72,62.91666667,High
35,26 - 35,F,Unknown,Unknown,Unknown,1438.3,5249,81,64.80246914,High
43,36 - 45,M,$80K - $120K,Rs66L - Rs1Cr,Mid Income,4617,1779,35,50.82857143,Medium
50,46 - 55,M,$120K +,Rs1Cr +,High Income,8220,4794,77,62.25974026,High
40,36 - 45,F,Less than $40K,<Rs33L,Low Income,5716,4387,79,55.53164557,High
49,46 - 55,F,Less than $40K,<Rs33L,Low Income,1635,4807,56,85.83928571,High
52,46 - 55,F,$40K - $60K,Rs33L - Rs50L,Low Income,4259,4389,80,54.8625,High
40,36 - 45,M,$60K - $80K,Rs50L - Rs66L,Mid Income,5869,2203,41,53.73170732,High
56,55+,F,Less than $40K,<Rs33L,Low Income,2272,2354,49,48.04081633,High
49,46 - 55,F,Less than $40K,<Rs33L,Low Income,2598,4396,78,56.35897436,High
50,46 - 55,M,$60K - $80K,Rs50L - Rs66L,Mid Income,10762,4509,71,63.50704225,High
39,36 - 45,M,$60K - $80K,Rs50L - Rs66L,Mid Income,1982,4313,62,69.56451613,High
33,26 - 35,F,Unknown,Unknown,Unknown,4651,5097,79,64.51898734,High
52,46 - 55,F,Less than $40K,<Rs33L,Low Income,2437,3068,53,57.88679245,High
42,36 - 45,F,Less than $40K,<Rs33L,Low Income,2563,4838,70,69.11428571,High
49,46 - 55,M,$80K - $120K,Rs66L - Rs1Cr,Mid Income,4576,3100,54,57.40740741,High
44,36 - 45,F,$40K - $60K,Rs33L - Rs50L,Low Income,2245,4624,87,53.14942529,High
39,36 - 45,F,$40K - $60K,Rs33L - Rs50L,Low Income,1776,2201,31,71,High
45,36 - 45,F,Less than $40K,<Rs33L,Low Income,2911,4450,62,71.77419355,High
47,46 - 55,M,$60K - $80K,Rs50L - Rs66L,Mid Income,2257,4618,94,49.12765957,High
62,55+,M,Unknown,Unknown,Unknown,18457,3603,69,52.2173913,High
46,46 - 55,M,$60K - $80K,Rs50L - Rs66L,Mid Income,1681,1953,48,40.6875,Medium
52,46 - 55,F,Unknown,Unknown,Unknown,1461,4633,80,57.9125,High
48,46 - 55,F,Less than $40K,<Rs33L,Low Income,2363,2635,40,65.875,High
49,46 - 55,F,Less than $40K,<Rs33L,Low Income,1438.3,4482,67,66.89552239,High
42,36 - 45,F,Unknown,Unknown,Unknown,1840,4515,76,59.40789474,High
49,46 - 55,F,$40K - $60K,Rs33L - Rs50L,Low Income,7382,4792,65,73.72307692,High
51,46 - 55,M,$80K - $120K,Rs66L - Rs1Cr,Mid Income,3861,4816,81,59.45679012,High
53,46 - 55,F,Less than $40K,<Rs33L,Low Income,1562,4574,81,56.4691358,High
49,46 - 55,F,$40K - $60K,Rs33L - Rs50L,Low Income,3088,5095,77,66.16883117,High
55,46 - 55,F,Less than $40K,<Rs33L,Low Income,1438.3,4660,87,53.56321839,High
46,46 - 55,F,$40K - $60K,Rs33L - Rs50L,Low Income,2168,4584,92,49.82608696,High
34,26 - 35,F,$40K - $60K,Rs33L - Rs50L,Low Income,2432,4760,69,68.98550725,High
44,36 - 45,M,$40K - $60K,Rs33L - Rs50L,Low Income,2197,4548,64,71.0625,High
39,36 - 45,M,$80K - $120K,Rs66L - Rs1Cr,Mid Income,10009,4347,75,57.96,High
47,46 - 55,F,$40K - $60K,Rs33L - Rs50L,Low Income,3979,4598,67,68.62686567,High
49,46 - 55,F,Less than $40K,<Rs33L,Low Income,2189,4195,81,51.79012346,High
46,46 - 55,F,Unknown,Unknown,Unknown,8243,4503,90,50.03333333,High
42,36 - 45,M,$80K - $120K,Rs66L - Rs1Cr,Mid Income,11946,4862,77,63.14285714,High
31,26 - 35,F,Less than $40K,<Rs33L,Low Income,2239,4986,83,60.07228916,High
48,46 - 55,F,Unknown,Unknown,Unknown,4025,4445,92,48.31521739,High
52,46 - 55,F,Less than $40K,<Rs33L,Low Income,1663,4875,86,56.68604651,High
39,36 - 45,F,$40K - $60K,Rs33L - Rs50L,Low Income,3649,3964,77,51.48051948,High
43,36 - 45,F,Less than $40K,<Rs33L,Low Income,1438.3,4432,71,62.42253521,High
57,55+,F,Less than $40K,<Rs33L,Low Income,2894,5405,87,62.12643678,High
46,46 - 55,M,$60K - $80K,Rs50L - Rs66L,Mid Income,1621,4719,73,64.64383562,High
45,36 - 45,F,Less than $40K,<Rs33L,Low Income,2740,4327,70,61.81428571,High
45,36 - 45,F,$40K - $60K,Rs33L - Rs50L,Low Income,5562,4568,76,60.10526316,High
41,36 - 45,F,Unknown,Unknown,Unknown,13733,1591,30,53.03333333,Medium
46,46 - 55,F,Less than $40K,<Rs33L,Low Income,2374,4253,81,52.50617284,High
51,46 - 55,F,Less than $40K,<Rs33L,Low Income,2267,4464,85,52.51764706,High
48,46 - 55,F,Unknown,Unknown,Unknown,6130,4264,63,67.68253968,High
37,36 - 45,M,$120K +,Rs1Cr +,High Income,7361,2109,44,47.93181818,High
41,36 - 45,F,Less than $40K,<Rs33L,Low Income,1569,2288,45,50.84444444,High
47,46 - 55,M,$80K - $120K,Rs66L - Rs1Cr,Mid Income,1626,5262,83,63.39759036,High
35,26 - 35,F,Less than $40K,<Rs33L,Low Income,2158,4946,73,67.75342466,High
43,36 - 45,M,$60K - $80K,Rs50L - Rs66L,Mid Income,2283,5100,76,67.10526316,High
57,55+,F,$40K - $60K,Rs33L - Rs50L,Low Income,2542,4518,88,51.34090909,High
30,26 - 35,F,Less than $40K,<Rs33L,Low Income,1438.3,4322,68,63.55882353,High
47,46 - 55,M,$40K - $60K,Rs33L - Rs50L,Low Income,2335,4267,81,52.67901235,High
34,26 - 35,M,$60K - $80K,Rs50L - Rs66L,Mid Income,2033,4110,74,55.54054054,High
41,36 - 45,F,Unknown,Unknown,Unknown,4739,5238,84,62.35714286,High
36,36 - 45,M,$80K - $120K,Rs66L - Rs1Cr,Mid Income,5821,5291,96,55.11458333,High
47,46 - 55,F,Less than $40K,<Rs33L,Low Income,2182,3935,77,51.1038961,High
53,46 - 55,F,Less than $40K,<Rs33L,Low Income,3319,4560,84,54.28571429,High
52,46 - 55,F,Less than $40K,<Rs33L,Low Income,3021,4105,76,54.01315789,High
49,46 - 55,M,$80K - $120K,Rs66L - Rs1Cr,Mid Income,29219,4575,84,54.46428571,High
52,46 - 55,F,Less than $40K,<Rs33L,Low Income,1438.3,4664,77,60.57142857,High
48,46 - 55,F,Unknown,Unknown,Unknown,4431,2185,48,45.52083333,High
46,46 - 55,F,Unknown,Unknown,Unknown,3131,4507,93,48.46236559,High
26,26 - 35,F,Less than $40K,<Rs33L,Low Income,1486,4535,82,55.30487805,High
40,36 - 45,F,Unknown,Unknown,Unknown,6384,4413,83,53.1686747,High
39,36 - 45,F,Less than $40K,<Rs33L,Low Income,2077,3647,69,52.85507246,High
40,36 - 45,F,$40K - $60K,Rs33L - Rs50L,Low Income,1956,4977,76,65.48684211,High
51,46 - 55,M,$80K - $120K,Rs66L - Rs1Cr,Mid Income,24462,1709,37,46.18918919,Medium
43,36 - 45,F,Less than $40K,<Rs33L,Low Income,2725,4430,66,67.12121212,High
46,46 - 55,F,$40K - $60K,Rs33L - Rs50L,Low Income,1474,4452,65,68.49230769,High
46,46 - 55,M,$120K +,Rs1Cr +,High Income,9880,4609,80,57.6125,High
58,55+,M,$60K - $80K,Rs50L - Rs66L,Mid Income,2467,4744,73,64.98630137,High
46,46 - 55,M,$60K - $80K,Rs50L - Rs66L,Mid Income,5397,4734,96,49.3125,High
50,46 - 55,M,$80K - $120K,Rs66L - Rs1Cr,Mid Income,3370,4726,86,54.95348837,High
37,36 - 45,F,Unknown,Unknown,Unknown,11239,2055,43,47.79069767,High
55,46 - 55,F,$40K - $60K,Rs33L - Rs50L,Low Income,2240,3623,71,51.02816901,High
52,46 - 55,F,Unknown,Unknown,Unknown,2737,4725,63,75,High
48,46 - 55,F,Less than $40K,<Rs33L,Low Income,4170,4532,94,48.21276596,High
46,46 - 55,M,$60K - $80K,Rs50L - Rs66L,Mid Income,21839,5623,94,59.81914894,High
49,46 - 55,F,Less than $40K,<Rs33L,Low Income,1991,4527,66,68.59090909,High
55,46 - 55,M,$120K +,Rs1Cr +,High Income,29795,3949,71,55.61971831,High
52,46 - 55,F,$40K - $60K,Rs33L - Rs50L,Low Income,1438.3,4617,79,58.44303797,High
44,36 - 45,F,Unknown,Unknown,Unknown,24221,3361,63,53.34920635,High
42,36 - 45,M,$60K - $80K,Rs50L - Rs66L,Mid Income,2131,4264,81,52.64197531,High
41,36 - 45,F,Less than $40K,<Rs33L,Low Income,2787,4949,76,65.11842105,High
48,46 - 55,F,Less than $40K,<Rs33L,Low Income,1438.3,4601,78,58.98717949,High
42,36 - 45,F,Unknown,Unknown,Unknown,2712,2307,28,82.39285714,High
43,36 - 45,F,Less than $40K,<Rs33L,Low Income,2605,5298,79,67.06329114,High
42,36 - 45,M,$60K - $80K,Rs50L - Rs66L,Mid Income,5169,4656,88,52.90909091,High
49,46 - 55,M,$80K - $120K,Rs66L - Rs1Cr,Mid Income,4694,3798,56,67.82142857,High
50,46 - 55,F,Less than $40K,<Rs33L,Low Income,1848,4600,69,66.66666667,High
43,36 - 45,M,$60K - $80K,Rs50L - Rs66L,Mid Income,6039,4538,86,52.76744186,High
54,46 - 55,M,$120K +,Rs1Cr +,High Income,5256,5078,91,55.8021978,High
48,46 - 55,F,Less than $40K,<Rs33L,Low Income,1708,4880,79,61.7721519,High
57,55+,F,Less than $40K,<Rs33L,Low Income,1629,4897,83,59,High
54,46 - 55,M,$60K - $80K,Rs50L - Rs66L,Mid Income,20401,4637,75,61.82666667,High
56,55+,M,$120K +,Rs1Cr +,High Income,3296,4327,66,65.56060606,High
48,46 - 55,M,$120K +,Rs1Cr +,High Income,8956,4814,73,65.94520548,High
49,46 - 55,F,Less than $40K,<Rs33L,Low Income,1438.3,4094,64,63.96875,High
46,46 - 55,F,Less than $40K,<Rs33L,Low Income,2671,4519,79,57.20253165,High
58,55+,F,Less than $40K,<Rs33L,Low Income,2493,4867,90,54.07777778,High
59,55+,F,Less than $40K,<Rs33L,Low Income,2687,4697,81,57.98765432,High
37,36 - 45,F,$40K - $60K,Rs33L - Rs50L,Low Income,2208,4686,81,57.85185185,High
38,36 - 45,F,Less than $40K,<Rs33L,Low Income,4196,1868,30,62.26666667,Medium
47,46 - 55,F,Unknown,Unknown,Unknown,12581,4427,76,58.25,High
41,36 - 45,M,$80K - $120K,Rs66L - Rs1Cr,Mid Income,17890,4831,81,59.64197531,High
48,46 - 55,F,Less than $40K,<Rs33L,Low Income,1930,5033,87,57.85057471,High
36,36 - 45,F,Unknown,Unknown,Unknown,8513,4162,70,59.45714286,High
40,36 - 45,M,$80K - $120K,Rs66L - Rs1Cr,Mid Income,9599,4754,84,56.5952381,High
38,36 - 45,M,$80K - $120K,Rs66L - Rs1Cr,Mid Income,3192,4236,87,48.68965517,High
43,36 - 45,F,Unknown,Unknown,Unknown,2778,4575,60,76.25,High
61,55+,F,Unknown,Unknown,Unknown,3293,3121,56,55.73214286,High
48,46 - 55,F,$40K - $60K,Rs33L - Rs50L,Low Income,7268,4199,80,52.4875,High
43,36 - 45,F,Less than $40K,<Rs33L,Low Income,1721,4853,74,65.58108108,High
38,36 - 45,M,$80K - $120K,Rs66L - Rs1Cr,Mid Income,3976,4372,69,63.36231884,High
52,46 - 55,F,Less than $40K,<Rs33L,Low Income,1954,4897,70,69.95714286,High
44,36 - 45,M,$120K +,Rs1Cr +,High Income,12725,4139,58,71.36206897,High
40,36 - 45,F,Unknown,Unknown,Unknown,2690,4917,81,60.7037037,High
48,46 - 55,F,$40K - $60K,Rs33L - Rs50L,Low Income,2926,4219,78,54.08974359,High
46,46 - 55,M,$80K - $120K,Rs66L - Rs1Cr,Mid Income,2371,4460,78,57.17948718,High
44,36 - 45,F,Unknown,Unknown,Unknown,7751,4543,90,50.47777778,High
42,36 - 45,F,Less than $40K,<Rs33L,Low Income,1601,2339,41,57.04878049,High
34,26 - 35,F,Less than $40K,<Rs33L,Low Income,2401,2597,40,64.925,High
39,36 - 45,M,$60K - $80K,Rs50L - Rs66L,Mid Income,2187,2031,40,50.775,High
57,55+,F,Unknown,Unknown,Unknown,4661,5242,81,64.71604938,High
40,36 - 45,F,Unknown,Unknown,Unknown,8494,4486,77,58.25974026,High
36,36 - 45,M,$80K - $120K,Rs66L - Rs1Cr,Mid Income,2262,4116,84,49,High
43,36 - 45,F,Less than $40K,<Rs33L,Low Income,2525,4859,82,59.25609756,High
38,36 - 45,F,Less than $40K,<Rs33L,Low Income,2450,4352,66,65.93939394,High
36,36 - 45,F,Unknown,Unknown,Unknown,3926,4890,92,53.15217391,High
40,36 - 45,F,Less than $40K,<Rs33L,Low Income,1438.3,2502,45,55.6,High
51,46 - 55,F,Unknown,Unknown,Unknown,4789,4718,81,58.24691358,High
41,36 - 45,F,Less than $40K,<Rs33L,Low Income,2864,4641,78,59.5,High
43,36 - 45,F,Unknown,Unknown,Unknown,4607,4825,77,62.66233766,High
43,36 - 45,F,Less than $40K,<Rs33L,Low Income,1971,5446,75,72.61333333,High
53,46 - 55,F,Less than $40K,<Rs33L,Low Income,1473,2836,48,59.08333333,High
55,46 - 55,F,$40K - $60K,Rs33L - Rs50L,Low Income,3187,4511,82,55.01219512,High
38,36 - 45,F,Less than $40K,<Rs33L,Low Income,5589,4064,77,52.77922078,High
42,36 - 45,F,Less than $40K,<Rs33L,Low Income,2346,4432,72,61.55555556,High
34,26 - 35,F,Less than $40K,<Rs33L,Low Income,1438.3,4626,86,53.79069767,High
40,36 - 45,F,Less than $40K,<Rs33L,Low Income,1826,4528,65,69.66153846,High
40,36 - 45,F,$40K - $60K,Rs33L - Rs50L,Low Income,2208,2659,56,47.48214286,High
35,26 - 35,F,Less than $40K,<Rs33L,Low Income,1476,4279,76,56.30263158,High
51,46 - 55,F,Less than $40K,<Rs33L,Low Income,2927,4670,70,66.71428571,High
53,46 - 55,M,$80K - $120K,Rs66L - Rs1Cr,Mid Income,4778,5489,74,74.17567568,High
43,36 - 45,F,Less than $40K,<Rs33L,Low Income,1438.3,4484,78,57.48717949,High
46,46 - 55,F,$40K - $60K,Rs33L - Rs50L,Low Income,16239,3838,48,79.95833333,High
37,36 - 45,M,$120K +,Rs1Cr +,High Income,11726,4186,63,66.44444444,High
47,46 - 55,F,Unknown,Unknown,Unknown,1438.3,4503,89,50.59550562,High
45,36 - 45,F,Less than $40K,<Rs33L,Low Income,2647,4730,78,60.64102564,High
50,46 - 55,F,Unknown,Unknown,Unknown,2492,4374,75,58.32,High
46,46 - 55,F,Unknown,Unknown,Unknown,2418,3541,64,55.328125,High
50,46 - 55,M,$120K +,Rs1Cr +,High Income,17827,5010,88,56.93181818,High
49,46 - 55,F,$40K - $60K,Rs33L - Rs50L,Low Income,1438.3,3886,77,50.46753247,High
54,46 - 55,F,Less than $40K,<Rs33L,Low Income,1764,4857,92,52.79347826,High
47,46 - 55,F,Less than $40K,<Rs33L,Low Income,1776,4295,60,71.58333333,High
46,46 - 55,M,$120K +,Rs1Cr +,High Income,1438.3,4833,69,70.04347826,High
47,46 - 55,F,Unknown,Unknown,Unknown,1491,4634,92,50.36956522,High
46,46 - 55,F,Less than $40K,<Rs33L,Low Income,2552,4153,79,52.56962025,High
42,36 - 45,F,Less than $40K,<Rs33L,Low Income,2996,4463,87,51.29885057,High
44,36 - 45,F,$40K - $60K,Rs33L - Rs50L,Low Income,1701,4471,71,62.97183099,High
53,46 - 55,F,Unknown,Unknown,Unknown,3998,4223,79,53.4556962,High
46,46 - 55,F,Less than $40K,<Rs33L,Low Income,3025,4460,62,71.93548387,High
48,46 - 55,F,Less than $40K,<Rs33L,Low Income,3251,2483,50,49.66,High
51,46 - 55,M,$60K - $80K,Rs50L - Rs66L,Mid Income,3031,4690,85,55.17647059,High
57,55+,M,$60K - $80K,Rs50L - Rs66L,Mid Income,33211,3662,81,45.20987654,High
59,55+,F,Less than $40K,<Rs33L,Low Income,1863,2462,40,61.55,High
35,26 - 35,F,Less than $40K,<Rs33L,Low Income,2691,4365,86,50.75581395,High
45,36 - 45,F,Less than $40K,<Rs33L,Low Income,2288,4504,87,51.77011494,High
42,36 - 45,F,Less than $40K,<Rs33L,Low Income,3413,2285,40,57.125,High
40,36 - 45,M,$40K - $60K,Rs33L - Rs50L,Low Income,15471,3993,77,51.85714286,High
40,36 - 45,F,Less than $40K,<Rs33L,Low Income,2038,3513,67,52.43283582,High
47,46 - 55,F,Less than $40K,<Rs33L,Low Income,1953,4636,70,66.22857143,High
43,36 - 45,F,$40K - $60K,Rs33L - Rs50L,Low Income,4430,2742,49,55.95918367,High
44,36 - 45,F,Less than $40K,<Rs33L,Low Income,3398,4509,93,48.48387097,High
48,46 - 55,F,Unknown,Unknown,Unknown,2021,4633,74,62.60810811,High
53,46 - 55,F,Less than $40K,<Rs33L,Low Income,2329,4609,76,60.64473684,High
34,26 - 35,F,Less than $40K,<Rs33L,Low Income,1696,2325,56,41.51785714,High
52,46 - 55,F,Unknown,Unknown,Unknown,4222,4487,77,58.27272727,High
45,36 - 45,M,$80K - $120K,Rs66L - Rs1Cr,Mid Income,6614,3016,51,59.1372549,High
42,36 - 45,F,Less than $40K,<Rs33L,Low Income,3241,2152,43,50.04651163,High
48,46 - 55,F,Less than $40K,<Rs33L,Low Income,4204,2316,43,53.86046512,High
34,26 - 35,F,Less than $40K,<Rs33L,Low Income,3234,3989,71,56.18309859,High
40,36 - 45,F,$40K - $60K,Rs33L - Rs50L,Low Income,2473,1738,32,54.3125,Medium
42,36 - 45,M,$60K - $80K,Rs50L - Rs66L,Mid Income,4836,1870,45,41.55555556,Medium
55,46 - 55,F,Less than $40K,<Rs33L,Low Income,1438.3,4755,76,62.56578947,High
44,36 - 45,F,Less than $40K,<Rs33L,Low Income,1438.3,4173,70,59.61428571,High
45,36 - 45,M,Less than $40K,<Rs33L,Low Income,1438.3,1253,29,43.20689655,Medium
57,55+,F,Less than $40K,<Rs33L,Low Income,12675,3912,63,62.0952381,High
44,36 - 45,F,Less than $40K,<Rs33L,Low Income,2228,2523,45,56.06666667,High
40,36 - 45,F,Less than $40K,<Rs33L,Low Income,2813,4491,68,66.04411765,High
42,36 - 45,F,Less than $40K,<Rs33L,Low Income,3223,4916,79,62.2278481,High
55,46 - 55,F,$40K - $60K,Rs33L - Rs50L,Low Income,2653,5052,81,62.37037037,High
45,36 - 45,F,Less than $40K,<Rs33L,Low Income,2745,2466,39,63.23076923,High
40,36 - 45,M,$120K +,Rs1Cr +,High Income,34516,3734,80,46.675,High
52,46 - 55,F,Less than $40K,<Rs33L,Low Income,2516,3987,77,51.77922078,High
46,46 - 55,F,Less than $40K,<Rs33L,Low Income,1870,4347,88,49.39772727,High
56,55+,F,Unknown,Unknown,Unknown,3934,4837,87,55.59770115,High
49,46 - 55,F,Less than $40K,<Rs33L,Low Income,3038,4784,83,57.63855422,High
53,46 - 55,F,Less than $40K,<Rs33L,Low Income,1982,5136,76,67.57894737,High
31,26 - 35,F,Unknown,Unknown,Unknown,1623,2126,45,47.24444444,High
55,46 - 55,M,$120K +,Rs1Cr +,High Income,3088,3906,68,57.44117647,High
44,36 - 45,F,Unknown,Unknown,Unknown,8064,4412,67,65.85074627,High
56,55+,F,Unknown,Unknown,Unknown,10016,2804,37,75.78378378,High
54,46 - 55,F,Unknown,Unknown,Unknown,4523,5112,87,58.75862069,High
53,46 - 55,F,Less than $40K,<Rs33L,Low Income,1944,4921,82,60.01219512,High
46,46 - 55,F,Unknown,Unknown,Unknown,6083,4528,86,52.65116279,High
38,36 - 45,F,Unknown,Unknown,Unknown,2425,4568,74,61.72972973,High
56,55+,F,$40K - $60K,Rs33L - Rs50L,Low Income,2607,4949,74,66.87837838,High
53,46 - 55,F,Less than $40K,<Rs33L,Low Income,1953,4253,72,59.06944444,High
41,36 - 45,M,$60K - $80K,Rs50L - Rs66L,Mid Income,5813,4365,75,58.2,High
43,36 - 45,F,Less than $40K,<Rs33L,Low Income,1438.3,4401,73,60.28767123,High
41,36 - 45,F,$40K - $60K,Rs33L - Rs50L,Low Income,1588,2561,61,41.98360656,High
62,55+,F,Less than $40K,<Rs33L,Low Income,3749,5083,69,73.66666667,High
42,36 - 45,F,$40K - $60K,Rs33L - Rs50L,Low Income,3734,4792,87,55.08045977,High
56,55+,F,Unknown,Unknown,Unknown,1796,4316,87,49.6091954,High
45,36 - 45,F,Less than $40K,<Rs33L,Low Income,3223,1979,38,52.07894737,Medium
33,26 - 35,F,$40K - $60K,Rs33L - Rs50L,Low Income,2748,4314,75,57.52,High
57,55+,F,Less than $40K,<Rs33L,Low Income,2448,5464,98,55.75510204,High
49,46 - 55,F,Less than $40K,<Rs33L,Low Income,2548,4702,79,59.51898734,High
46,46 - 55,F,Less than $40K,<Rs33L,Low Income,1489,4669,94,49.67021277,High
38,36 - 45,F,Unknown,Unknown,Unknown,8953,1982,43,46.09302326,Medium
50,46 - 55,F,Unknown,Unknown,Unknown,3187,2381,47,50.65957447,High
51,46 - 55,F,Less than $40K,<Rs33L,Low Income,1757,4550,82,55.48780488,High
52,46 - 55,M,$60K - $80K,Rs50L - Rs66L,Mid Income,2597,5037,80,62.9625,High
45,36 - 45,F,Unknown,Unknown,Unknown,5999,4283,69,62.07246377,High
56,55+,F,Less than $40K,<Rs33L,Low Income,3617,5416,76,71.26315789,High
56,55+,F,Less than $40K,<Rs33L,Low Income,3219,4188,75,55.84,High
41,36 - 45,M,$80K - $120K,Rs66L - Rs1Cr,Mid Income,19782,2535,44,57.61363636,High
51,46 - 55,F,Less than $40K,<Rs33L,Low Income,2522,4122,67,61.52238806,High
43,36 - 45,F,Less than $40K,<Rs33L,Low Income,3327,4901,88,55.69318182,High
42,36 - 45,F,Unknown,Unknown,Unknown,4708,4597,89,51.65168539,High
48,46 - 55,F,Less than $40K,<Rs33L,Low Income,3745,4550,78,58.33333333,High
53,46 - 55,M,$80K - $120K,Rs66L - Rs1Cr,Mid Income,11561,2153,39,55.20512821,High
44,36 - 45,F,Unknown,Unknown,Unknown,8477,2455,41,59.87804878,High
59,55+,F,Less than $40K,<Rs33L,Low Income,2120,3882,92,42.19565217,High
45,36 - 45,F,Less than $40K,<Rs33L,Low Income,2867,5311,81,65.56790123,High
45,36 - 45,F,$40K - $60K,Rs33L - Rs50L,Low Income,2293,5047,94,53.69148936,High
51,46 - 55,M,$120K +,Rs1Cr +,High Income,8671,4399,72,61.09722222,High
49,46 - 55,F,Unknown,Unknown,Unknown,34516,3941,71,55.50704225,High
43,36 - 45,F,Unknown,Unknown,Unknown,2679,4640,85,54.58823529,High
38,36 - 45,M,$80K - $120K,Rs66L - Rs1Cr,Mid Income,3224,3738,63,59.33333333,High
45,36 - 45,F,Unknown,Unknown,Unknown,1438.3,5020,83,60.48192771,High
54,46 - 55,M,$80K - $120K,Rs66L - Rs1Cr,Mid Income,7773,4272,69,61.91304348,High
44,36 - 45,F,Unknown,Unknown,Unknown,8075,2415,41,58.90243902,High
57,55+,F,Unknown,Unknown,Unknown,3052,4210,82,51.34146341,High
51,46 - 55,M,$120K +,Rs1Cr +,High Income,7932,4024,92,43.73913043,High
48,46 - 55,M,$40K - $60K,Rs33L - Rs50L,Low Income,1753,4588,77,59.58441558,High
48,46 - 55,F,Less than $40K,<Rs33L,Low Income,5814,3796,74,51.2972973,High
53,46 - 55,F,$40K - $60K,Rs33L - Rs50L,Low Income,1989,5070,70,72.42857143,High
55,46 - 55,F,$40K - $60K,Rs33L - Rs50L,Low Income,1843,4729,92,51.40217391,High
52,46 - 55,F,Unknown,Unknown,Unknown,1438.3,4991,78,63.98717949,High
34,26 - 35,F,$40K - $60K,Rs33L - Rs50L,Low Income,2991,4414,77,57.32467532,High
43,36 - 45,M,$60K - $80K,Rs50L - Rs66L,Mid Income,9560,4601,66,69.71212121,High
44,36 - 45,F,Less than $40K,<Rs33L,Low Income,2616,2576,42,61.33333333,High
54,46 - 55,F,Less than $40K,<Rs33L,Low Income,2939,2476,42,58.95238095,High
49,46 - 55,F,Unknown,Unknown,Unknown,3085,4765,79,60.3164557,High
49,46 - 55,M,$80K - $120K,Rs66L - Rs1Cr,Mid Income,5275,4213,74,56.93243243,High
41,36 - 45,M,$60K - $80K,Rs50L - Rs66L,Mid Income,1950,3357,47,71.42553191,High
43,36 - 45,F,Unknown,Unknown,Unknown,2341,4356,70,62.22857143,High
40,36 - 45,F,Less than $40K,<Rs33L,Low Income,3758,4928,79,62.37974684,High
54,46 - 55,M,$80K - $120K,Rs66L - Rs1Cr,Mid Income,1621,4815,83,58.01204819,High
50,46 - 55,F,$40K - $60K,Rs33L - Rs50L,Low Income,10946,2448,58,42.20689655,High
56,55+,F,Less than $40K,<Rs33L,Low Income,3422,4922,84,58.5952381,High
39,36 - 45,F,Less than $40K,<Rs33L,Low Income,3108,4130,87,47.47126437,High
33,26 - 35,F,Less than $40K,<Rs33L,Low Income,3202,2917,37,78.83783784,High
43,36 - 45,F,Less than $40K,<Rs33L,Low Income,1855,4191,81,51.74074074,High
47,46 - 55,F,$40K - $60K,Rs33L - Rs50L,Low Income,2155,5441,91,59.79120879,High
42,36 - 45,F,Less than $40K,<Rs33L,Low Income,4150,4620,76,60.78947368,High
45,36 - 45,M,$80K - $120K,Rs66L - Rs1Cr,Mid Income,2226,4928,77,64,High
48,46 - 55,F,$40K - $60K,Rs33L - Rs50L,Low Income,1610,4243,85,49.91764706,High
53,46 - 55,F,Unknown,Unknown,Unknown,2046,4228,81,52.19753086,High
52,46 - 55,F,Less than $40K,<Rs33L,Low Income,1795,2281,55,41.47272727,High
42,36 - 45,F,Less than $40K,<Rs33L,Low Income,1531,4373,67,65.26865672,High
53,46 - 55,F,Less than $40K,<Rs33L,Low Income,1472,4859,73,66.56164384,High
50,46 - 55,F,Less than $40K,<Rs33L,Low Income,1438.3,4550,78,58.33333333,High
37,36 - 45,F,$40K - $60K,Rs33L - Rs50L,Low Income,2886,4531,81,55.9382716,High
39,36 - 45,F,Less than $40K,<Rs33L,Low Income,10024,3906,78,50.07692308,High
52,46 - 55,F,Less than $40K,<Rs33L,Low Income,1760,1554,35,44.4,Medium
38,36 - 45,F,Less than $40K,<Rs33L,Low Income,1461,4769,76,62.75,High
51,46 - 55,F,$40K - $60K,Rs33L - Rs50L,Low Income,8840,2839,47,60.40425532,High
38,36 - 45,F,$40K - $60K,Rs33L - Rs50L,Low Income,4468,4690,79,59.36708861,High
42,36 - 45,M,$60K - $80K,Rs50L - Rs66L,Mid Income,2516,4692,79,59.39240506,High
35,26 - 35,F,Less than $40K,<Rs33L,Low Income,1555,2252,51,44.15686275,High
57,55+,M,$80K - $120K,Rs66L - Rs1Cr,Mid Income,1438.3,5140,82,62.68292683,High
42,36 - 45,M,$120K +,Rs1Cr +,High Income,5195,2682,48,55.875,High
57,55+,M,$120K +,Rs1Cr +,High Income,17268,4077,90,45.3,High
37,36 - 45,M,Unknown,Unknown,Unknown,1649,2574,51,50.47058824,High
57,55+,F,Less than $40K,<Rs33L,Low Income,1609,4770,85,56.11764706,High
43,36 - 45,F,Less than $40K,<Rs33L,Low Income,3342,5848,81,72.19753086,High
63,55+,M,Less than $40K,<Rs33L,Low Income,6973,4877,88,55.42045455,High
43,36 - 45,M,$120K +,Rs1Cr +,High Income,17228,2229,44,50.65909091,High
48,46 - 55,M,$40K - $60K,Rs33L - Rs50L,Low Income,1898,3513,59,59.54237288,High
46,46 - 55,F,Less than $40K,<Rs33L,Low Income,1438.3,5005,79,63.35443038,High
40,36 - 45,F,Unknown,Unknown,Unknown,2321,5149,98,52.54081633,High
52,46 - 55,M,$60K - $80K,Rs50L - Rs66L,Mid Income,8185,4525,77,58.76623377,High
53,46 - 55,M,$60K - $80K,Rs50L - Rs66L,Mid Income,3096,4709,87,54.12643678,High
57,55+,F,Less than $40K,<Rs33L,Low Income,2129,4509,73,61.76712329,High
50,46 - 55,F,Less than $40K,<Rs33L,Low Income,2615,3785,67,56.49253731,High
46,46 - 55,F,$40K - $60K,Rs33L - Rs50L,Low Income,3157,3300,58,56.89655172,High
36,36 - 45,F,Less than $40K,<Rs33L,Low Income,1707,2060,52,39.61538462,High
49,46 - 55,F,Less than $40K,<Rs33L,Low Income,1838,5156,72,71.61111111,High
38,36 - 45,F,Less than $40K,<Rs33L,Low Income,5523,4170,80,52.125,High
40,36 - 45,F,Less than $40K,<Rs33L,Low Income,3021,2814,37,76.05405405,High
44,36 - 45,F,Less than $40K,<Rs33L,Low Income,7317,4100,76,53.94736842,High
59,55+,F,Less than $40K,<Rs33L,Low Income,5218,4658,85,54.8,High
53,46 - 55,F,Less than $40K,<Rs33L,Low Income,1438.3,4978,73,68.19178082,High
54,46 - 55,M,$80K - $120K,Rs66L - Rs1Cr,Mid Income,11114,5044,81,62.27160494,High
51,46 - 55,M,$80K - $120K,Rs66L - Rs1Cr,Mid Income,10648,4930,89,55.39325843,High
45,36 - 45,F,Less than $40K,<Rs33L,Low Income,2976,4799,83,57.81927711,High
52,46 - 55,F,Less than $40K,<Rs33L,Low Income,6629,2599,50,51.98,High
42,36 - 45,F,Less than $40K,<Rs33L,Low Income,2812,4823,77,62.63636364,High
48,46 - 55,M,$80K - $120K,Rs66L - Rs1Cr,Mid Income,10761,4731,82,57.69512195,High
40,36 - 45,F,Less than $40K,<Rs33L,Low Income,1968,5087,69,73.72463768,High
55,46 - 55,M,Less than $40K,<Rs33L,Low Income,3897,3681,62,59.37096774,High
45,36 - 45,M,$40K - $60K,Rs33L - Rs50L,Low Income,4721,3856,74,52.10810811,High
40,36 - 45,M,$80K - $120K,Rs66L - Rs1Cr,Mid Income,34516,3510,62,56.61290323,High
33,26 - 35,F,Less than $40K,<Rs33L,Low Income,2831,4460,65,68.61538462,High
57,55+,F,Unknown,Unknown,Unknown,2312,5104,82,62.24390244,High
51,46 - 55,M,$80K - $120K,Rs66L - Rs1Cr,Mid Income,8924,4441,87,51.04597701,High
58,55+,F,Less than $40K,<Rs33L,Low Income,1508,1990,31,64.19354839,Medium
53,46 - 55,F,Less than $40K,<Rs33L,Low Income,1438.3,4704,79,59.5443038,High
46,46 - 55,M,$80K - $120K,Rs66L - Rs1Cr,Mid Income,21350,4878,78,62.53846154,High
57,55+,F,Unknown,Unknown,Unknown,1438.3,2607,37,70.45945946,High
52,46 - 55,F,Unknown,Unknown,Unknown,10431,4598,69,66.63768116,High
40,36 - 45,M,$40K - $60K,Rs33L - Rs50L,Low Income,1438.3,4215,79,53.35443038,High
37,36 - 45,F,Unknown,Unknown,Unknown,2346,4287,79,54.26582278,High
47,46 - 55,F,Less than $40K,<Rs33L,Low Income,1438.3,2295,51,45,High
38,36 - 45,F,Less than $40K,<Rs33L,Low Income,2369,1924,48,40.08333333,Medium
42,36 - 45,F,Less than $40K,<Rs33L,Low Income,3659,4068,61,66.68852459,High
38,36 - 45,F,Less than $40K,<Rs33L,Low Income,2153,4268,85,50.21176471,High
47,46 - 55,F,Less than $40K,<Rs33L,Low Income,9430,4115,75,54.86666667,High
45,36 - 45,M,$80K - $120K,Rs66L - Rs1Cr,Mid Income,34516,3247,70,46.38571429,High
44,36 - 45,F,$40K - $60K,Rs33L - Rs50L,Low Income,3897,4627,77,60.09090909,High
47,46 - 55,M,$80K - $120K,Rs66L - Rs1Cr,Mid Income,11671,4168,71,58.70422535,High
48,46 - 55,M,$60K - $80K,Rs50L - Rs66L,Mid Income,11367,4175,63,66.26984127,High
42,36 - 45,F,$40K - $60K,Rs33L - Rs50L,Low Income,2575,5267,83,63.45783133,High
42,36 - 45,F,$40K - $60K,Rs33L - Rs50L,Low Income,3433,4504,84,53.61904762,High
44,36 - 45,M,$60K - $80K,Rs50L - Rs66L,Mid Income,7317,5082,86,59.09302326,High
46,46 - 55,F,Less than $40K,<Rs33L,Low Income,4416,4894,84,58.26190476,High
39,36 - 45,M,$60K - $80K,Rs50L - Rs66L,Mid Income,1715,5910,91,64.94505495,High
57,55+,F,$40K - $60K,Rs33L - Rs50L,Low Income,3667,5322,79,67.36708861,High
54,46 - 55,F,Unknown,Unknown,Unknown,1874,2535,55,46.09090909,High
50,46 - 55,F,Less than $40K,<Rs33L,Low Income,1438.3,5102,83,61.46987952,High
56,55+,F,Less than $40K,<Rs33L,Low Income,1579,4241,72,58.90277778,High
54,46 - 55,F,$40K - $60K,Rs33L - Rs50L,Low Income,1626,4830,87,55.51724138,High
50,46 - 55,F,Less than $40K,<Rs33L,Low Income,1596,5235,76,68.88157895,High
56,55+,F,$40K - $60K,Rs33L - Rs50L,Low Income,2604,4498,85,52.91764706,High
61,55+,F,Unknown,Unknown,Unknown,3359,4871,79,61.65822785,High
38,36 - 45,F,$40K - $60K,Rs33L - Rs50L,Low Income,2363,3904,66,59.15151515,High
55,46 - 55,F,Less than $40K,<Rs33L,Low Income,4978,5025,62,81.0483871,High
38,36 - 45,M,$80K - $120K,Rs66L - Rs1Cr,Mid Income,2155,3781,61,61.98360656,High
38,36 - 45,F,$40K - $60K,Rs33L - Rs50L,Low Income,4047,2134,34,62.76470588,High
47,46 - 55,F,Unknown,Unknown,Unknown,4345,2458,44,55.86363636,High
55,46 - 55,M,$80K - $120K,Rs66L - Rs1Cr,Mid Income,1854,4035,80,50.4375,High
50,46 - 55,M,$80K - $120K,Rs66L - Rs1Cr,Mid Income,5384,4338,75,57.84,High
48,46 - 55,F,Less than $40K,<Rs33L,Low Income,1438.3,4182,81,51.62962963,High
33,26 - 35,F,Less than $40K,<Rs33L,Low Income,5141,5859,82,71.45121951,High
44,36 - 45,M,$120K +,Rs1Cr +,High Income,3977,4076,62,65.74193548,High
52,46 - 55,M,$120K +,Rs1Cr +,High Income,2507,4461,73,61.10958904,High
46,46 - 55,F,Less than $40K,<Rs33L,Low Income,7199,4050,78,51.92307692,High
41,36 - 45,M,$60K - $80K,Rs50L - Rs66L,Mid Income,3786,5369,75,71.58666667,High
50,46 - 55,F,Less than $40K,<Rs33L,Low Income,13384,4773,77,61.98701299,High
39,36 - 45,M,$120K +,Rs1Cr +,High Income,1726,1804,34,53.05882353,Medium
42,36 - 45,F,Less than $40K,<Rs33L,Low Income,2873,4897,71,68.97183099,High
33,26 - 35,F,Less than $40K,<Rs33L,Low Income,1438.3,4196,87,48.22988506,High
44,36 - 45,F,Less than $40K,<Rs33L,Low Income,1751,2078,37,56.16216216,High
42,36 - 45,F,$40K - $60K,Rs33L - Rs50L,Low Income,7434,4182,76,55.02631579,High
52,46 - 55,F,Less than $40K,<Rs33L,Low Income,1438.3,4956,89,55.68539326,High
59,55+,F,Less than $40K,<Rs33L,Low Income,1438.3,4919,72,68.31944444,High
45,36 - 45,F,$40K - $60K,Rs33L - Rs50L,Low Income,2032,4479,80,55.9875,High
61,55+,M,Unknown,Unknown,Unknown,6959,4553,84,54.20238095,High
43,36 - 45,F,Less than $40K,<Rs33L,Low Income,8203,2613,46,56.80434783,High
59,55+,M,$120K +,Rs1Cr +,High Income,4789,2496,41,60.87804878,High
46,46 - 55,M,$40K - $60K,Rs33L - Rs50L,Low Income,2979,2061,38,54.23684211,High
40,36 - 45,F,Less than $40K,<Rs33L,Low Income,2391,2857,40,71.425,High
63,55+,F,Less than $40K,<Rs33L,Low Income,7264,3527,69,51.11594203,High
45,36 - 45,F,Unknown,Unknown,Unknown,4348,4293,66,65.04545455,High
49,46 - 55,F,Less than $40K,<Rs33L,Low Income,3002,4851,74,65.55405405,High
42,36 - 45,M,$60K - $80K,Rs50L - Rs66L,Mid Income,4162,3967,75,52.89333333,High
46,46 - 55,F,Less than $40K,<Rs33L,Low Income,2762,5006,78,64.17948718,High
42,36 - 45,F,$40K - $60K,Rs33L - Rs50L,Low Income,2705,2602,43,60.51162791,High
53,46 - 55,M,$120K +,Rs1Cr +,High Income,3742,5326,62,85.90322581,High
60,55+,F,Less than $40K,<Rs33L,Low Income,1671,5189,79,65.6835443,High
55,46 - 55,F,Less than $40K,<Rs33L,Low Income,3282,4674,84,55.64285714,High
50,46 - 55,F,Less than $40K,<Rs33L,Low Income,1529,4751,81,58.65432099,High
34,26 - 35,F,Less than $40K,<Rs33L,Low Income,2509,4837,74,65.36486486,High
54,46 - 55,F,$40K - $60K,Rs33L - Rs50L,Low Income,2471,2519,35,71.97142857,High
42,36 - 45,F,Unknown,Unknown,Unknown,9749,4684,86,54.46511628,High
48,46 - 55,F,Less than $40K,<Rs33L,Low Income,1438.3,4236,83,51.03614458,High
46,46 - 55,M,$120K +,Rs1Cr +,High Income,4916,4813,87,55.32183908,High
47,46 - 55,F,Less than $40K,<Rs33L,Low Income,2291,4498,81,55.5308642,High
42,36 - 45,F,$40K - $60K,Rs33L - Rs50L,Low Income,1528,5212,88,59.22727273,High
52,46 - 55,F,Unknown,Unknown,Unknown,8279,4419,63,70.14285714,High
45,36 - 45,M,$60K - $80K,Rs50L - Rs66L,Mid Income,5945,3645,70,52.07142857,High
44,36 - 45,F,Less than $40K,<Rs33L,Low Income,1438.3,4625,93,49.7311828,High
54,46 - 55,F,Less than $40K,<Rs33L,Low Income,1857,2464,57,43.22807018,High
42,36 - 45,M,$60K - $80K,Rs50L - Rs66L,Mid Income,3086,4129,81,50.97530864,High
54,46 - 55,F,Less than $40K,<Rs33L,Low Income,2598,4692,86,54.55813953,High
38,36 - 45,F,$40K - $60K,Rs33L - Rs50L,Low Income,5559,5344,82,65.17073171,High
51,46 - 55,M,$80K - $120K,Rs66L - Rs1Cr,Mid Income,7562,5010,85,58.94117647,High
41,36 - 45,F,Less than $40K,<Rs33L,Low Income,4662,4931,81,60.87654321,High
52,46 - 55,F,Less than $40K,<Rs33L,Low Income,2904,4503,89,50.59550562,High
42,36 - 45,F,Less than $40K,<Rs33L,Low Income,2676,5020,75,66.93333333,High
46,46 - 55,F,Unknown,Unknown,Unknown,5798,5027,82,61.30487805,High
46,46 - 55,F,Less than $40K,<Rs33L,Low Income,2665,4249,76,55.90789474,High
55,46 - 55,F,$40K - $60K,Rs33L - Rs50L,Low Income,2343,5167,78,66.24358974,High
29,26 - 35,F,Less than $40K,<Rs33L,Low Income,2763,4660,80,58.25,High
62,55+,F,Unknown,Unknown,Unknown,10503,4755,88,54.03409091,High
47,46 - 55,F,Less than $40K,<Rs33L,Low Income,2780,4980,78,63.84615385,High
47,46 - 55,F,Less than $40K,<Rs33L,Low Income,2234,2313,37,62.51351351,High
35,26 - 35,F,Less than $40K,<Rs33L,Low Income,1649,2549,54,47.2037037,High
42,36 - 45,F,Unknown,Unknown,Unknown,5557,2299,39,58.94871795,High
48,46 - 55,F,Unknown,Unknown,Unknown,6074,4504,90,50.04444444,High
40,36 - 45,F,Less than $40K,<Rs33L,Low Income,1728,2191,38,57.65789474,High
46,46 - 55,F,Unknown,Unknown,Unknown,3044,4747,73,65.02739726,High
41,36 - 45,F,$40K - $60K,Rs33L - Rs50L,Low Income,8482,4245,74,57.36486486,High
35,26 - 35,F,Unknown,Unknown,Unknown,1438.3,2549,56,45.51785714,High
52,46 - 55,M,$80K - $120K,Rs66L - Rs1Cr,Mid Income,3770,2387,51,46.80392157,High
56,55+,F,$40K - $60K,Rs33L - Rs50L,Low Income,2963,2919,47,62.10638298,High
48,46 - 55,F,Unknown,Unknown,Unknown,11750,2532,48,52.75,High
41,36 - 45,F,Less than $40K,<Rs33L,Low Income,1593,4853,78,62.21794872,High
38,36 - 45,M,$40K - $60K,Rs33L - Rs50L,Low Income,10486,4042,77,52.49350649,High
48,46 - 55,F,Less than $40K,<Rs33L,Low Income,2168,2499,38,65.76315789,High
38,36 - 45,F,Unknown,Unknown,Unknown,5666,5015,90,55.72222222,High
53,46 - 55,M,$80K - $120K,Rs66L - Rs1Cr,Mid Income,13679,4060,61,66.55737705,High
45,36 - 45,F,Less than $40K,<Rs33L,Low Income,2143,4404,77,57.19480519,High
57,55+,F,Less than $40K,<Rs33L,Low Income,4945,4037,72,56.06944444,High
54,46 - 55,F,Less than $40K,<Rs33L,Low Income,1921,4512,90,50.13333333,High
45,36 - 45,F,Less than $40K,<Rs33L,Low Income,3001,4662,70,66.6,High
38,36 - 45,F,$40K - $60K,Rs33L - Rs50L,Low Income,2132,4874,78,62.48717949,High
45,36 - 45,F,Less than $40K,<Rs33L,Low Income,1663,2729,38,71.81578947,High
32,26 - 35,F,Less than $40K,<Rs33L,Low Income,1732,2479,43,57.65116279,High
46,46 - 55,F,$40K - $60K,Rs33L - Rs50L,Low Income,2652,5329,83,64.20481928,High
41,36 - 45,M,$80K - $120K,Rs66L - Rs1Cr,Mid Income,5037,4379,67,65.35820896,High
51,46 - 55,F,Unknown,Unknown,Unknown,6519,4505,71,63.45070423,High
60,55+,F,Less than $40K,<Rs33L,Low Income,2347,3977,83,47.91566265,High
31,26 - 35,F,Less than $40K,<Rs33L,Low Income,2061,4480,86,52.09302326,High
44,36 - 45,M,$40K - $60K,Rs33L - Rs50L,Low Income,1643,1754,39,44.97435897,Medium
49,46 - 55,F,Unknown,Unknown,Unknown,5039,4770,74,64.45945946,High
53,46 - 55,F,Less than $40K,<Rs33L,Low Income,2915,4272,70,61.02857143,High
33,26 - 35,F,Less than $40K,<Rs33L,Low Income,1507,4698,87,54,High
46,46 - 55,F,Less than $40K,<Rs33L,Low Income,3073,4858,77,63.09090909,High
43,36 - 45,F,Unknown,Unknown,Unknown,8314,5028,80,62.85,High
42,36 - 45,F,Unknown,Unknown,Unknown,2798,5758,87,66.18390805,High
40,36 - 45,M,$60K - $80K,Rs50L - Rs66L,Mid Income,20929,4001,76,52.64473684,High
46,46 - 55,M,$120K +,Rs1Cr +,High Income,1754,4874,79,61.69620253,High
52,46 - 55,F,Less than $40K,<Rs33L,Low Income,4209,5938,83,71.54216867,High
45,36 - 45,M,$40K - $60K,Rs33L - Rs50L,Low Income,2449,5497,88,62.46590909,High
39,36 - 45,M,$80K - $120K,Rs66L - Rs1Cr,Mid Income,4618,2476,49,50.53061224,High
41,36 - 45,F,Less than $40K,<Rs33L,Low Income,1654,4596,82,56.04878049,High
49,46 - 55,F,Less than $40K,<Rs33L,Low Income,1544,4215,53,79.52830189,High
60,55+,M,$60K - $80K,Rs50L - Rs66L,Mid Income,3618,4228,63,67.11111111,High
37,36 - 45,M,$80K - $120K,Rs66L - Rs1Cr,Mid Income,3437,5110,76,67.23684211,High
50,46 - 55,M,$80K - $120K,Rs66L - Rs1Cr,Mid Income,5965,4637,91,50.95604396,High
46,46 - 55,F,Less than $40K,<Rs33L,Low Income,2644,4815,83,58.01204819,High
59,55+,F,$40K - $60K,Rs33L - Rs50L,Low Income,3481,4556,81,56.24691358,High
49,46 - 55,F,Less than $40K,<Rs33L,Low Income,3272,4444,83,53.54216867,High
35,26 - 35,F,Less than $40K,<Rs33L,Low Income,3019,4509,71,63.50704225,High
52,46 - 55,F,Less than $40K,<Rs33L,Low Income,1801,5047,79,63.88607595,High
27,26 - 35,F,Less than $40K,<Rs33L,Low Income,1438.3,2641,40,66.025,High
41,36 - 45,F,Less than $40K,<Rs33L,Low Income,2909,4230,68,62.20588235,High
45,36 - 45,F,$40K - $60K,Rs33L - Rs50L,Low Income,4688,5248,89,58.96629213,High
37,36 - 45,F,Less than $40K,<Rs33L,Low Income,1438.3,3948,84,47,High
47,46 - 55,F,Less than $40K,<Rs33L,Low Income,1438.3,4624,73,63.34246575,High
41,36 - 45,F,Less than $40K,<Rs33L,Low Income,1655,2156,37,58.27027027,High
47,46 - 55,F,$40K - $60K,Rs33L - Rs50L,Low Income,1438.3,4669,83,56.25301205,High
41,36 - 45,F,Unknown,Unknown,Unknown,4745,4705,78,60.32051282,High
51,46 - 55,F,Less than $40K,<Rs33L,Low Income,1438.3,4866,65,74.86153846,High
53,46 - 55,F,$40K - $60K,Rs33L - Rs50L,Low Income,5182,5012,85,58.96470588,High
46,46 - 55,F,Less than $40K,<Rs33L,Low Income,1438.3,1757,44,39.93181818,Medium
43,36 - 45,F,$40K - $60K,Rs33L - Rs50L,Low Income,4287,4874,82,59.43902439,High
54,46 - 55,F,Unknown,Unknown,Unknown,1812,2921,44,66.38636364,High
53,46 - 55,F,$40K - $60K,Rs33L - Rs50L,Low Income,2304,4505,85,53,High
51,46 - 55,F,Unknown,Unknown,Unknown,13623,4534,83,54.62650602,High
50,46 - 55,F,Less than $40K,<Rs33L,Low Income,2765,4010,59,67.96610169,High
54,46 - 55,M,$120K +,Rs1Cr +,High Income,3731,4667,88,53.03409091,High
46,46 - 55,F,Less than $40K,<Rs33L,Low Income,2485,4728,81,58.37037037,High
50,46 - 55,F,Less than $40K,<Rs33L,Low Income,2446,4310,75,57.46666667,High
44,36 - 45,F,Less than $40K,<Rs33L,Low Income,2020,2621,45,58.24444444,High
48,46 - 55,F,Less than $40K,<Rs33L,Low Income,2214,5084,82,62,High
45,36 - 45,F,Less than $40K,<Rs33L,Low Income,1811,4882,80,61.025,High
56,55+,F,Less than $40K,<Rs33L,Low Income,5254,4546,89,51.07865169,High
36,36 - 45,F,Less than $40K,<Rs33L,Low Income,1821,2824,43,65.6744186,High
44,36 - 45,F,Less than $40K,<Rs33L,Low Income,3024,4983,78,63.88461538,High
50,46 - 55,F,Less than $40K,<Rs33L,Low Income,1930,3862,80,48.275,High
54,46 - 55,F,Less than $40K,<Rs33L,Low Income,1517,4981,82,60.74390244,High
39,36 - 45,F,Less than $40K,<Rs33L,Low Income,2024,2870,36,79.72222222,High
53,46 - 55,M,$120K +,Rs1Cr +,High Income,19138,2028,43,47.1627907,High
56,55+,M,$80K - $120K,Rs66L - Rs1Cr,Mid Income,16835,4059,80,50.7375,High
60,55+,F,Unknown,Unknown,Unknown,5549,2412,38,63.47368421,High
42,36 - 45,F,Less than $40K,<Rs33L,Low Income,2145,2465,42,58.69047619,High
43,36 - 45,M,$80K - $120K,Rs66L - Rs1Cr,Mid Income,4654,4277,71,60.23943662,High
44,36 - 45,M,$60K - $80K,Rs50L - Rs66L,Mid Income,9114,2740,52,52.69230769,High
33,26 - 35,F,$40K - $60K,Rs33L - Rs50L,Low Income,3043,4833,85,56.85882353,High
53,46 - 55,F,$40K - $60K,Rs33L - Rs50L,Low Income,4621,4952,82,60.3902439,High
44,36 - 45,M,$60K - $80K,Rs50L - Rs66L,Mid Income,2758,4244,96,44.20833333,High
54,46 - 55,F,Less than $40K,<Rs33L,Low Income,1740,4751,93,51.08602151,High
34,26 - 35,F,Unknown,Unknown,Unknown,7744,4572,60,76.2,High
50,46 - 55,F,Less than $40K,<Rs33L,Low Income,3350,4906,89,55.12359551,High
40,36 - 45,M,$120K +,Rs1Cr +,High Income,34516,3699,64,57.796875,High
47,46 - 55,F,Unknown,Unknown,Unknown,2874,4779,86,55.56976744,High
40,36 - 45,F,Unknown,Unknown,Unknown,2896,4614,83,55.59036145,High
41,36 - 45,F,$40K - $60K,Rs33L - Rs50L,Low Income,9294,4531,73,62.06849315,High
47,46 - 55,M,$60K - $80K,Rs50L - Rs66L,Mid Income,9389,3415,84,40.6547619,High
44,36 - 45,M,$40K - $60K,Rs33L - Rs50L,Low Income,9317,4121,81,50.87654321,High
34,26 - 35,M,$40K - $60K,Rs33L - Rs50L,Low Income,7452,3339,51,65.47058824,High
39,36 - 45,F,Less than $40K,<Rs33L,Low Income,1817,2216,44,50.36363636,High
58,55+,M,$80K - $120K,Rs66L - Rs1Cr,Mid Income,10021,4431,68,65.16176471,High
42,36 - 45,F,Less than $40K,<Rs33L,Low Income,2344,3889,80,48.6125,High
48,46 - 55,F,$40K - $60K,Rs33L - Rs50L,Low Income,3072,4540,78,58.20512821,High
38,36 - 45,F,Less than $40K,<Rs33L,Low Income,1946,4643,87,53.36781609,High
52,46 - 55,F,Less than $40K,<Rs33L,Low Income,1471,2253,48,46.9375,High
42,36 - 45,F,Less than $40K,<Rs33L,Low Income,1438.3,2418,48,50.375,High
43,36 - 45,F,Less than $40K,<Rs33L,Low Income,1484,1664,39,42.66666667,Medium
37,36 - 45,F,$40K - $60K,Rs33L - Rs50L,Low Income,3233,1339,32,41.84375,Medium
55,46 - 55,F,Less than $40K,<Rs33L,Low Income,1745,4562,67,68.08955224,High
59,55+,F,Unknown,Unknown,Unknown,3709,5557,82,67.76829268,High
53,46 - 55,F,Less than $40K,<Rs33L,Low Income,2160,4518,93,48.58064516,High
41,36 - 45,M,$80K - $120K,Rs66L - Rs1Cr,Mid Income,1438.3,4426,88,50.29545455,High
55,46 - 55,F,Less than $40K,<Rs33L,Low Income,2638,4153,77,53.93506494,High
56,55+,M,$80K - $120K,Rs66L - Rs1Cr,Mid Income,10214,4493,79,56.87341772,High
52,46 - 55,F,Less than $40K,<Rs33L,Low Income,3240,4803,83,57.86746988,High
58,55+,F,$40K - $60K,Rs33L - Rs50L,Low Income,2038,4784,70,68.34285714,High
49,46 - 55,M,$40K - $60K,Rs33L - Rs50L,Low Income,1438.3,5104,75,68.05333333,High
53,46 - 55,F,Less than $40K,<Rs33L,Low Income,1438.3,1985,38,52.23684211,Medium
56,55+,M,$80K - $120K,Rs66L - Rs1Cr,Mid Income,8111,3719,69,53.89855072,High
60,55+,F,Unknown,Unknown,Unknown,10730,4939,71,69.56338028,High
46,46 - 55,F,Unknown,Unknown,Unknown,2872,2629,41,64.12195122,High
49,46 - 55,F,Less than $40K,<Rs33L,Low Income,1567,2138,41,52.14634146,High
43,36 - 45,M,$80K - $120K,Rs66L - Rs1Cr,Mid Income,7278,2120,43,49.30232558,High
45,36 - 45,F,Less than $40K,<Rs33L,Low Income,1438.3,5025,85,59.11764706,High
34,26 - 35,F,Unknown,Unknown,Unknown,3190,4220,66,63.93939394,High
36,36 - 45,F,Less than $40K,<Rs33L,Low Income,1470,2383,39,61.1025641,High
45,36 - 45,M,$80K - $120K,Rs66L - Rs1Cr,Mid Income,3081,4317,72,59.95833333,High
43,36 - 45,F,Unknown,Unknown,Unknown,3793,2577,57,45.21052632,High
54,46 - 55,F,Less than $40K,<Rs33L,Low Income,3034,4349,90,48.32222222,High
37,36 - 45,F,Unknown,Unknown,Unknown,5245,4938,70,70.54285714,High
49,46 - 55,F,Less than $40K,<Rs33L,Low Income,2960,4918,63,78.06349206,High
54,46 - 55,F,$40K - $60K,Rs33L - Rs50L,Low Income,1779,2660,41,64.87804878,High
43,36 - 45,F,Less than $40K,<Rs33L,Low Income,1620,4570,82,55.73170732,High
49,46 - 55,M,$120K +,Rs1Cr +,High Income,21680,4410,86,51.27906977,High
47,46 - 55,F,Unknown,Unknown,Unknown,2952,2907,60,48.45,High
53,46 - 55,F,Less than $40K,<Rs33L,Low Income,3918,2115,42,50.35714286,High
52,46 - 55,M,$120K +,Rs1Cr +,High Income,12764,3332,64,52.0625,High
29,26 - 35,F,Less than $40K,<Rs33L,Low Income,1438.3,4769,84,56.77380952,High
50,46 - 55,F,Less than $40K,<Rs33L,Low Income,3287,4148,83,49.97590361,High
44,36 - 45,F,$40K - $60K,Rs33L - Rs50L,Low Income,3891,5131,86,59.6627907,High
49,46 - 55,F,$40K - $60K,Rs33L - Rs50L,Low Income,4048,2227,41,54.31707317,High
51,46 - 55,M,$60K - $80K,Rs50L - Rs66L,Mid Income,3559,4498,94,47.85106383,High
47,46 - 55,M,$60K - $80K,Rs50L - Rs66L,Mid Income,2843,3738,77,48.54545455,High
58,55+,F,Less than $40K,<Rs33L,Low Income,2127,4401,65,67.70769231,High
39,36 - 45,F,Less than $40K,<Rs33L,Low Income,4325,4588,77,59.58441558,High
42,36 - 45,F,$40K - $60K,Rs33L - Rs50L,Low Income,1695,2055,46,44.67391304,High
48,46 - 55,F,Less than $40K,<Rs33L,Low Income,2648,4926,89,55.34831461,High
61,55+,F,Less than $40K,<Rs33L,Low Income,2602,4838,85,56.91764706,High
39,36 - 45,F,Unknown,Unknown,Unknown,1811,4934,70,70.48571429,High
56,55+,M,$60K - $80K,Rs50L - Rs66L,Mid Income,1891,5255,77,68.24675325,High
46,46 - 55,F,Less than $40K,<Rs33L,Low Income,2881,2450,49,50,High
42,36 - 45,F,$40K - $60K,Rs33L - Rs50L,Low Income,2827,3891,81,48.03703704,High
48,46 - 55,F,Less than $40K,<Rs33L,Low Income,4095,4175,77,54.22077922,High
34,26 - 35,F,Less than $40K,<Rs33L,Low Income,1666,2312,35,66.05714286,High
42,36 - 45,F,Less than $40K,<Rs33L,Low Income,1438.3,4511,76,59.35526316,High
54,46 - 55,F,$40K - $60K,Rs33L - Rs50L,Low Income,2205,4904,82,59.80487805,High
41,36 - 45,F,Less than $40K,<Rs33L,Low Income,2890,4377,84,52.10714286,High
50,46 - 55,F,Unknown,Unknown,Unknown,10417,4871,75,64.94666667,High
57,55+,F,Unknown,Unknown,Unknown,2363,4984,85,58.63529412,High
48,46 - 55,F,Unknown,Unknown,Unknown,3137,1618,34,47.58823529,Medium
51,46 - 55,F,Less than $40K,<Rs33L,Low Income,1483,2520,40,63,High
35,26 - 35,F,Less than $40K,<Rs33L,Low Income,3009,5329,82,64.98780488,High
45,36 - 45,F,Less than $40K,<Rs33L,Low Income,5087,4682,77,60.80519481,High
46,46 - 55,F,$40K - $60K,Rs33L - Rs50L,Low Income,1925,4343,66,65.8030303,High
56,55+,M,$120K +,Rs1Cr +,High Income,7234,5051,83,60.85542169,High
57,55+,F,Less than $40K,<Rs33L,Low Income,2063,4304,81,53.13580247,High
58,55+,F,$40K - $60K,Rs33L - Rs50L,Low Income,5530,5270,78,67.56410256,High
58,55+,F,Less than $40K,<Rs33L,Low Income,3819,4533,68,66.66176471,High
59,55+,F,Less than $40K,<Rs33L,Low Income,2645,4251,76,55.93421053,High
51,46 - 55,F,Unknown,Unknown,Unknown,5448,4443,75,59.24,High
56,55+,F,Less than $40K,<Rs33L,Low Income,3495,4466,85,52.54117647,High
50,46 - 55,M,$60K - $80K,Rs50L - Rs66L,Mid Income,8074,4347,66,65.86363636,High
44,36 - 45,F,Unknown,Unknown,Unknown,7772,2618,52,50.34615385,High
42,36 - 45,F,Less than $40K,<Rs33L,Low Income,3124,4986,79,63.11392405,High
56,55+,M,$80K - $120K,Rs66L - Rs1Cr,Mid Income,8688,2361,41,57.58536585,High
49,46 - 55,F,Less than $40K,<Rs33L,Low Income,15987,4146,69,60.08695652,High
47,46 - 55,F,Less than $40K,<Rs33L,Low Income,15109,2315,43,53.8372093,High
42,36 - 45,M,$60K - $80K,Rs50L - Rs66L,Mid Income,4953,4026,53,75.96226415,High
50,46 - 55,M,$120K +,Rs1Cr +,High Income,22304,5002,60,83.36666667,High
27,26 - 35,F,Less than $40K,<Rs33L,Low Income,1893,5176,91,56.87912088,High
38,36 - 45,M,$40K - $60K,Rs33L - Rs50L,Low Income,2232,4185,80,52.3125,High
52,46 - 55,F,$40K - $60K,Rs33L - Rs50L,Low Income,1766,4643,76,61.09210526,High
59,55+,M,Less than $40K,<Rs33L,Low Income,3790,4455,85,52.41176471,High
33,26 - 35,M,$40K - $60K,Rs33L - Rs50L,Low Income,6392,4069,66,61.65151515,High
51,46 - 55,F,Unknown,Unknown,Unknown,9989,2053,49,41.89795918,High
56,55+,F,Unknown,Unknown,Unknown,1438.3,2264,37,61.18918919,High
48,46 - 55,F,Less than $40K,<Rs33L,Low Income,2559,4117,69,59.66666667,High
53,46 - 55,M,$80K - $120K,Rs66L - Rs1Cr,Mid Income,34516,4826,70,68.94285714,High
41,36 - 45,F,Less than $40K,<Rs33L,Low Income,1438.3,4897,96,51.01041667,High
50,46 - 55,F,Less than $40K,<Rs33L,Low Income,2473,4203,73,57.57534247,High
34,26 - 35,F,$40K - $60K,Rs33L - Rs50L,Low Income,4022,3776,84,44.95238095,High
59,55+,F,$40K - $60K,Rs33L - Rs50L,Low Income,3510,4833,77,62.76623377,High
57,55+,F,Less than $40K,<Rs33L,Low Income,2347,2447,47,52.06382979,High
56,55+,F,Less than $40K,<Rs33L,Low Income,1632,2509,47,53.38297872,High
49,46 - 55,F,Less than $40K,<Rs33L,Low Income,1522,2241,36,62.25,High
44,36 - 45,F,Less than $40K,<Rs33L,Low Income,2085,3805,79,48.16455696,High
60,55+,F,Unknown,Unknown,Unknown,3803,4575,78,58.65384615,High
47,46 - 55,F,Less than $40K,<Rs33L,Low Income,3165,2751,49,56.14285714,High
60,55+,F,Less than $40K,<Rs33L,Low Income,4628,4226,92,45.93478261,High
52,46 - 55,F,Less than $40K,<Rs33L,Low Income,2253,4758,81,58.74074074,High
49,46 - 55,F,$40K - $60K,Rs33L - Rs50L,Low Income,2655,2386,49,48.69387755,High
54,46 - 55,M,$80K - $120K,Rs66L - Rs1Cr,Mid Income,20882,4765,76,62.69736842,High
41,36 - 45,M,$80K - $120K,Rs66L - Rs1Cr,Mid Income,3306,4772,76,62.78947368,High
45,36 - 45,F,Less than $40K,<Rs33L,Low Income,2052,4289,72,59.56944444,High
42,36 - 45,M,$80K - $120K,Rs66L - Rs1Cr,Mid Income,8480,4070,76,53.55263158,High
53,46 - 55,F,Less than $40K,<Rs33L,Low Income,2081,4428,80,55.35,High
53,46 - 55,F,Unknown,Unknown,Unknown,4637,4583,86,53.29069767,High
53,46 - 55,M,$60K - $80K,Rs50L - Rs66L,Mid Income,1438.3,4722,81,58.2962963,High
38,36 - 45,F,Less than $40K,<Rs33L,Low Income,3420,4267,75,56.89333333,High
26,26 - 35,F,Less than $40K,<Rs33L,Low Income,3416,4614,70,65.91428571,High
46,46 - 55,M,$80K - $120K,Rs66L - Rs1Cr,Mid Income,2171,4531,88,51.48863636,High
57,55+,F,$40K - $60K,Rs33L - Rs50L,Low Income,2791,5440,83,65.54216867,High
32,26 - 35,F,Less than $40K,<Rs33L,Low Income,4445,5373,87,61.75862069,High
43,36 - 45,F,Less than $40K,<Rs33L,Low Income,1530,5138,84,61.16666667,High
48,46 - 55,F,Less than $40K,<Rs33L,Low Income,1438.3,5014,84,59.69047619,High
52,46 - 55,F,Less than $40K,<Rs33L,Low Income,5721,4188,79,53.01265823,High
38,36 - 45,F,Unknown,Unknown,Unknown,3809,4314,81,53.25925926,High
48,46 - 55,F,Less than $40K,<Rs33L,Low Income,3520,3630,78,46.53846154,High
41,36 - 45,F,$40K - $60K,Rs33L - Rs50L,Low Income,1604,2264,47,48.17021277,High
54,46 - 55,F,$40K - $60K,Rs33L - Rs50L,Low Income,1632,2532,43,58.88372093,High
46,46 - 55,M,$40K - $60K,Rs33L - Rs50L,Low Income,3914,4242,64,66.28125,High
36,36 - 45,F,Less than $40K,<Rs33L,Low Income,2328,4373,89,49.13483146,High
41,36 - 45,M,$120K +,Rs1Cr +,High Income,34516,2051,41,50.02439024,High
45,36 - 45,F,Less than $40K,<Rs33L,Low Income,3883,4667,90,51.85555556,High
46,46 - 55,F,$40K - $60K,Rs33L - Rs50L,Low Income,1438.3,2488,44,56.54545455,High
51,46 - 55,F,Less than $40K,<Rs33L,Low Income,3229,4526,95,47.64210526,High
44,36 - 45,F,Less than $40K,<Rs33L,Low Income,3080,5097,77,66.19480519,High
38,36 - 45,F,Less than $40K,<Rs33L,Low Income,2569,4126,56,73.67857143,High
50,46 - 55,F,Less than $40K,<Rs33L,Low Income,4517,4686,81,57.85185185,High
46,46 - 55,F,Less than $40K,<Rs33L,Low Income,2292,2595,31,83.70967742,High
52,46 - 55,F,Less than $40K,<Rs33L,Low Income,2510,4943,70,70.61428571,High
40,36 - 45,M,Less than $40K,<Rs33L,Low Income,2420,2478,43,57.62790698,High
38,36 - 45,F,Less than $40K,<Rs33L,Low Income,2703,2752,43,64,High
44,36 - 45,F,Less than $40K,<Rs33L,Low Income,3047,4961,85,58.36470588,High
54,46 - 55,M,$80K - $120K,Rs66L - Rs1Cr,Mid Income,7570,2599,61,42.60655738,High
34,26 - 35,F,Less than $40K,<Rs33L,Low Income,5795,5674,78,72.74358974,High
46,46 - 55,F,$40K - $60K,Rs33L - Rs50L,Low Income,1441,4894,84,58.26190476,High
50,46 - 55,F,Less than $40K,<Rs33L,Low Income,2999,5119,83,61.6746988,High
38,36 - 45,M,$60K - $80K,Rs50L - Rs66L,Mid Income,1438.3,5066,76,66.65789474,High
44,36 - 45,F,$40K - $60K,Rs33L - Rs50L,Low Income,1438.3,4445,78,56.98717949,High
51,46 - 55,F,$40K - $60K,Rs33L - Rs50L,Low Income,4762,2811,52,54.05769231,High
40,36 - 45,M,$40K - $60K,Rs33L - Rs50L,Low Income,4802,4821,66,73.04545455,High
51,46 - 55,F,Less than $40K,<Rs33L,Low Income,2268,5016,88,57,High
51,46 - 55,F,$40K - $60K,Rs33L - Rs50L,Low Income,1438.3,4425,81,54.62962963,High
56,55+,F,Unknown,Unknown,Unknown,8204,4727,76,62.19736842,High
39,36 - 45,F,Unknown,Unknown,Unknown,1827,4207,86,48.91860465,High
47,46 - 55,F,Unknown,Unknown,Unknown,4072,4317,83,52.01204819,High
31,26 - 35,F,Less than $40K,<Rs33L,Low Income,1984,4794,73,65.67123288,High
48,46 - 55,M,$60K - $80K,Rs50L - Rs66L,Mid Income,8086,4775,78,61.21794872,High
51,46 - 55,F,Less than $40K,<Rs33L,Low Income,1588,4660,68,68.52941176,High
47,46 - 55,M,$40K - $60K,Rs33L - Rs50L,Low Income,1536,4643,89,52.16853933,High
35,26 - 35,F,Unknown,Unknown,Unknown,4460,5473,79,69.27848101,High
46,46 - 55,F,Unknown,Unknown,Unknown,11287,5157,72,71.625,High
48,46 - 55,M,$80K - $120K,Rs66L - Rs1Cr,Mid Income,3430,2639,46,57.36956522,High
51,46 - 55,F,Less than $40K,<Rs33L,Low Income,1759,4351,81,53.71604938,High
41,36 - 45,M,$120K +,Rs1Cr +,High Income,6314,2718,44,61.77272727,High
57,55+,F,Unknown,Unknown,Unknown,7176,5063,83,61,High
58,55+,F,$40K - $60K,Rs33L - Rs50L,Low Income,2295,2140,40,53.5,High
43,36 - 45,M,$60K - $80K,Rs50L - Rs66L,Mid Income,1438.3,2389,49,48.75510204,High
48,46 - 55,F,Less than $40K,<Rs33L,Low Income,1843,5199,73,71.21917808,High
49,46 - 55,M,$40K - $60K,Rs33L - Rs50L,Low Income,2181,4997,89,56.14606742,High
47,46 - 55,M,$80K - $120K,Rs66L - Rs1Cr,Mid Income,4754,2607,41,63.58536585,High
43,36 - 45,M,$80K - $120K,Rs66L - Rs1Cr,Mid Income,11247,4894,85,57.57647059,High
55,46 - 55,M,$120K +,Rs1Cr +,High Income,16258,3761,58,64.84482759,High
49,46 - 55,M,$120K +,Rs1Cr +,High Income,34516,3863,69,55.98550725,High
43,36 - 45,M,$60K - $80K,Rs50L - Rs66L,Mid Income,4255,3607,75,48.09333333,High
48,46 - 55,F,Less than $40K,<Rs33L,Low Income,1438.3,5045,82,61.52439024,High
57,55+,F,Less than $40K,<Rs33L,Low Income,3029,4750,89,53.37078652,High
56,55+,F,Unknown,Unknown,Unknown,9091,4378,86,50.90697674,High
50,46 - 55,M,$60K - $80K,Rs50L - Rs66L,Mid Income,3318,4905,80,61.3125,High
44,36 - 45,F,Less than $40K,<Rs33L,Low Income,1791,2771,36,76.97222222,High
43,36 - 45,F,Less than $40K,<Rs33L,Low Income,1620,4387,91,48.20879121,High
58,55+,F,Less than $40K,<Rs33L,Low Income,1552,4731,71,66.63380282,High
53,46 - 55,F,Less than $40K,<Rs33L,Low Income,3472,4520,84,53.80952381,High
48,46 - 55,F,Less than $40K,<Rs33L,Low Income,10973,4892,94,52.04255319,High
50,46 - 55,M,$120K +,Rs1Cr +,High Income,25645,4302,63,68.28571429,High
59,55+,F,Less than $40K,<Rs33L,Low Income,4257,2828,50,56.56,High
42,36 - 45,F,Less than $40K,<Rs33L,Low Income,3422,4486,74,60.62162162,High
45,36 - 45,F,Less than $40K,<Rs33L,Low Income,4977,4182,85,49.2,High
33,26 - 35,F,$40K - $60K,Rs33L - Rs50L,Low Income,1438.3,4528,86,52.65116279,High
39,36 - 45,F,Less than $40K,<Rs33L,Low Income,1438.3,4386,64,68.53125,High
40,36 - 45,F,Unknown,Unknown,Unknown,3369,4501,96,46.88541667,High
47,46 - 55,F,Unknown,Unknown,Unknown,7114,4758,81,58.74074074,High
38,36 - 45,M,$80K - $120K,Rs66L - Rs1Cr,Mid Income,10972,4401,73,60.28767123,High
45,36 - 45,F,$40K - $60K,Rs33L - Rs50L,Low Income,1438.3,4462,77,57.94805195,High
48,46 - 55,F,$40K - $60K,Rs33L - Rs50L,Low Income,2446,4610,78,59.1025641,High
45,36 - 45,M,$60K - $80K,Rs50L - Rs66L,Mid Income,3439,2661,35,76.02857143,High
56,55+,F,$40K - $60K,Rs33L - Rs50L,Low Income,3005,4586,72,63.69444444,High
50,46 - 55,F,Less than $40K,<Rs33L,Low Income,2033,4360,95,45.89473684,High
53,46 - 55,F,Less than $40K,<Rs33L,Low Income,2415,5063,78,64.91025641,High
40,36 - 45,M,$60K - $80K,Rs50L - Rs66L,Mid Income,5051,2137,45,47.48888889,High
49,46 - 55,M,Unknown,Unknown,Unknown,3519,3552,68,52.23529412,High
26,26 - 35,M,Less than $40K,<Rs33L,Low Income,10254,4258,68,62.61764706,High
48,46 - 55,F,Less than $40K,<Rs33L,Low Income,1853,5331,79,67.48101266,High
51,46 - 55,M,$60K - $80K,Rs50L - Rs66L,Mid Income,28673,3722,69,53.94202899,High
44,36 - 45,F,Less than $40K,<Rs33L,Low Income,1895,2472,40,61.8,High
56,55+,F,Less than $40K,<Rs33L,Low Income,2041,3588,63,56.95238095,High
46,46 - 55,F,Less than $40K,<Rs33L,Low Income,1438.3,5013,81,61.88888889,High
54,46 - 55,F,Less than $40K,<Rs33L,Low Income,1572,4148,54,76.81481481,High
48,46 - 55,F,Unknown,Unknown,Unknown,3187,5111,90,56.78888889,High
59,55+,F,Unknown,Unknown,Unknown,7427,4636,91,50.94505495,High
50,46 - 55,F,Less than $40K,<Rs33L,Low Income,1460,4265,63,67.6984127,High
52,46 - 55,M,$80K - $120K,Rs66L - Rs1Cr,Mid Income,25410,5472,70,78.17142857,High
56,55+,F,Less than $40K,<Rs33L,Low Income,2143,4684,82,57.12195122,High
42,36 - 45,M,$40K - $60K,Rs33L - Rs50L,Low Income,8566,4195,89,47.13483146,High
43,36 - 45,M,$60K - $80K,Rs50L - Rs66L,Mid Income,1438.3,5200,89,58.42696629,High
59,55+,F,Less than $40K,<Rs33L,Low Income,3297,4783,91,52.56043956,High
39,36 - 45,F,Less than $40K,<Rs33L,Low Income,2816,4817,87,55.36781609,High
53,46 - 55,F,Unknown,Unknown,Unknown,10533,2585,48,53.85416667,High
53,46 - 55,F,Less than $40K,<Rs33L,Low Income,2370,2164,45,48.08888889,High
35,26 - 35,F,Less than $40K,<Rs33L,Low Income,1678,2475,61,40.57377049,High
36,36 - 45,F,Less than $40K,<Rs33L,Low Income,1493,2516,63,39.93650794,High
51,46 - 55,F,Less than $40K,<Rs33L,Low Income,2350,4647,86,54.03488372,High
50,46 - 55,F,Less than $40K,<Rs33L,Low Income,2690,2272,57,39.85964912,High
42,36 - 45,F,Unknown,Unknown,Unknown,7226,4653,71,65.53521127,High
54,46 - 55,F,Less than $40K,<Rs33L,Low Income,3173,4883,71,68.77464789,High
43,36 - 45,F,Less than $40K,<Rs33L,Low Income,2890,4233,77,54.97402597,High
46,46 - 55,F,Less than $40K,<Rs33L,Low Income,3313,2135,44,48.52272727,High
40,36 - 45,F,$40K - $60K,Rs33L - Rs50L,Low Income,2625,2480,47,52.76595745,High
44,36 - 45,F,$40K - $60K,Rs33L - Rs50L,Low Income,1834,5402,87,62.09195402,High
43,36 - 45,F,Less than $40K,<Rs33L,Low Income,3226,5066,75,67.54666667,High
56,55+,M,$60K - $80K,Rs50L - Rs66L,Mid Income,3426,4268,81,52.69135802,High
49,46 - 55,F,Less than $40K,<Rs33L,Low Income,2174,3890,78,49.87179487,High
60,55+,F,$40K - $60K,Rs33L - Rs50L,Low Income,3959,4935,92,53.64130435,High
49,46 - 55,F,Less than $40K,<Rs33L,Low Income,2215,4656,72,64.66666667,High
47,46 - 55,F,Less than $40K,<Rs33L,Low Income,2814,4766,87,54.7816092,High
56,55+,M,$60K - $80K,Rs50L - Rs66L,Mid Income,6941,4097,78,52.52564103,High
44,36 - 45,F,Unknown,Unknown,Unknown,3269,5022,85,59.08235294,High
42,36 - 45,F,Less than $40K,<Rs33L,Low Income,3172,4163,83,50.15662651,High
54,46 - 55,F,Less than $40K,<Rs33L,Low Income,2452,2398,29,82.68965517,High
36,36 - 45,F,Less than $40K,<Rs33L,Low Income,5070,4644,85,54.63529412,High
56,55+,M,$40K - $60K,Rs33L - Rs50L,Low Income,1466,5110,86,59.41860465,High
52,46 - 55,F,Less than $40K,<Rs33L,Low Income,2427,4663,85,54.85882353,High
59,55+,M,$120K +,Rs1Cr +,High Income,17999,4740,78,60.76923077,High
44,36 - 45,F,$40K - $60K,Rs33L - Rs50L,Low Income,4553,4999,95,52.62105263,High
55,46 - 55,F,Unknown,Unknown,Unknown,2953,4644,79,58.78481013,High
39,36 - 45,F,$40K - $60K,Rs33L - Rs50L,Low Income,4363,2596,48,54.08333333,High
57,55+,F,Less than $40K,<Rs33L,Low Income,1894,5750,73,78.76712329,High
48,46 - 55,F,Less than $40K,<Rs33L,Low Income,2097,4189,83,50.46987952,High
47,46 - 55,M,$60K - $80K,Rs50L - Rs66L,Mid Income,1983,5065,80,63.3125,High
50,46 - 55,F,Less than $40K,<Rs33L,Low Income,2210,4937,75,65.82666667,High
52,46 - 55,M,$60K - $80K,Rs50L - Rs66L,Mid Income,7879,4844,83,58.36144578,High
46,46 - 55,F,$40K - $60K,Rs33L - Rs50L,Low Income,3336,5577,95,58.70526316,High
34,26 - 35,F,Less than $40K,<Rs33L,Low Income,1726,5228,68,76.88235294,High
45,36 - 45,F,Less than $40K,<Rs33L,Low Income,2917,4878,92,53.02173913,High
39,36 - 45,F,Unknown,Unknown,Unknown,3023,2219,44,50.43181818,High
49,46 - 55,M,$40K - $60K,Rs33L - Rs50L,Low Income,1915,3911,80,48.8875,High
43,36 - 45,M,$40K - $60K,Rs33L - Rs50L,Low Income,4878,5021,84,59.77380952,High
41,36 - 45,F,Less than $40K,<Rs33L,Low Income,2066,4887,76,64.30263158,High
53,46 - 55,F,$40K - $60K,Rs33L - Rs50L,Low Income,2164,4341,69,62.91304348,High
42,36 - 45,F,Less than $40K,<Rs33L,Low Income,6250,4042,60,67.36666667,High
43,36 - 45,F,Less than $40K,<Rs33L,Low Income,1484,4838,81,59.72839506,High
45,36 - 45,M,$40K - $60K,Rs33L - Rs50L,Low Income,4718,4598,80,57.475,High
44,36 - 45,F,Less than $40K,<Rs33L,Low Income,2275,5626,77,73.06493506,High
44,36 - 45,F,Less than $40K,<Rs33L,Low Income,1438.3,4429,78,56.78205128,High
51,46 - 55,F,Less than $40K,<Rs33L,Low Income,3683,4684,86,54.46511628,High
38,36 - 45,F,Less than $40K,<Rs33L,Low Income,2722,4488,88,51,High
43,36 - 45,M,$80K - $120K,Rs66L - Rs1Cr,Mid Income,34516,4081,54,75.57407407,High
48,46 - 55,M,$60K - $80K,Rs50L - Rs66L,Mid Income,2072,4091,71,57.61971831,High
53,46 - 55,M,$120K +,Rs1Cr +,High Income,6383,4985,87,57.29885057,High
39,36 - 45,F,$40K - $60K,Rs33L - Rs50L,Low Income,2725,4714,81,58.19753086,High
47,46 - 55,F,Unknown,Unknown,Unknown,2675,4138,64,64.65625,High
42,36 - 45,M,$60K - $80K,Rs50L - Rs66L,Mid Income,1438.3,4246,83,51.15662651,High
50,46 - 55,M,$120K +,Rs1Cr +,High Income,13478,4738,56,84.60714286,High
46,46 - 55,F,Less than $40K,<Rs33L,Low Income,2841,4144,73,56.76712329,High
33,26 - 35,F,Less than $40K,<Rs33L,Low Income,1830,5271,76,69.35526316,High
37,36 - 45,M,$120K +,Rs1Cr +,High Income,2360,3696,82,45.07317073,High
43,36 - 45,M,$60K - $80K,Rs50L - Rs66L,Mid Income,3717,4667,91,51.28571429,High
56,55+,F,Less than $40K,<Rs33L,Low Income,1438.3,1988,42,47.33333333,Medium
42,36 - 45,M,$60K - $80K,Rs50L - Rs66L,Mid Income,2289,4955,83,59.69879518,High
56,55+,F,Unknown,Unknown,Unknown,5338,4139,69,59.98550725,High
44,36 - 45,F,Less than $40K,<Rs33L,Low Income,1438.3,4687,85,55.14117647,High
40,36 - 45,M,$60K - $80K,Rs50L - Rs66L,Mid Income,2276,4159,67,62.07462687,High
43,36 - 45,F,$40K - $60K,Rs33L - Rs50L,Low Income,4091,5244,87,60.27586207,High
45,36 - 45,M,$80K - $120K,Rs66L - Rs1Cr,Mid Income,3798,4512,80,56.4,High
47,46 - 55,F,Less than $40K,<Rs33L,Low Income,1778,4189,80,52.3625,High
38,36 - 45,F,Less than $40K,<Rs33L,Low Income,2920,2750,41,67.07317073,High
49,46 - 55,F,Less than $40K,<Rs33L,Low Income,1938,2870,49,58.57142857,High
62,55+,F,Less than $40K,<Rs33L,Low Income,4049,3908,80,48.85,High
45,36 - 45,M,$80K - $120K,Rs66L - Rs1Cr,Mid Income,1438.3,4598,86,53.46511628,High
40,36 - 45,M,$60K - $80K,Rs50L - Rs66L,Mid Income,10880,4957,90,55.07777778,High
51,46 - 55,M,$60K - $80K,Rs50L - Rs66L,Mid Income,3451,4097,67,61.14925373,High
41,36 - 45,M,$60K - $80K,Rs50L - Rs66L,Mid Income,20749,4754,77,61.74025974,High
49,46 - 55,F,Less than $40K,<Rs33L,Low Income,2481,4466,69,64.72463768,High
61,55+,M,$60K - $80K,Rs50L - Rs66L,Mid Income,2415,4479,71,63.08450704,High
33,26 - 35,F,Less than $40K,<Rs33L,Low Income,1438.3,4641,85,54.6,High
45,36 - 45,F,Unknown,Unknown,Unknown,7600,4240,67,63.28358209,High
35,26 - 35,F,Less than $40K,<Rs33L,Low Income,1438.3,5020,94,53.40425532,High
41,36 - 45,F,Less than $40K,<Rs33L,Low Income,2601,5111,83,61.57831325,High
48,46 - 55,F,Unknown,Unknown,Unknown,2625,4378,81,54.04938272,High
49,46 - 55,M,$60K - $80K,Rs50L - Rs66L,Mid Income,5578,3459,53,65.26415094,High
52,46 - 55,F,Less than $40K,<Rs33L,Low Income,3698,3763,82,45.8902439,High
51,46 - 55,F,$40K - $60K,Rs33L - Rs50L,Low Income,1438.3,4485,85,52.76470588,High
45,36 - 45,F,Less than $40K,<Rs33L,Low Income,1795,5575,73,76.36986301,High
42,36 - 45,F,Less than $40K,<Rs33L,Low Income,1933,4833,71,68.07042254,High
41,36 - 45,M,$120K +,Rs1Cr +,High Income,27169,3906,87,44.89655172,High
30,26 - 35,F,Less than $40K,<Rs33L,Low Income,2367,5568,90,61.86666667,High
54,46 - 55,F,Less than $40K,<Rs33L,Low Income,5642,4633,84,55.1547619,High
60,55+,F,Less than $40K,<Rs33L,Low Income,3239,4621,91,50.78021978,High
52,46 - 55,F,Less than $40K,<Rs33L,Low Income,3040,4608,61,75.54098361,High
37,36 - 45,F,$40K - $60K,Rs33L - Rs50L,Low Income,3680,4835,77,62.79220779,High
44,36 - 45,M,$60K - $80K,Rs50L - Rs66L,Mid Income,1787,3912,79,49.51898734,High
52,46 - 55,M,$60K - $80K,Rs50L - Rs66L,Mid Income,4752,3946,63,62.63492063,High
46,46 - 55,F,Unknown,Unknown,Unknown,1706,2320,42,55.23809524,High
45,36 - 45,F,Unknown,Unknown,Unknown,8103,5221,82,63.67073171,High
43,36 - 45,M,$60K - $80K,Rs50L - Rs66L,Mid Income,3764,4898,80,61.225,High
40,36 - 45,F,Less than $40K,<Rs33L,Low Income,5492,2416,45,53.68888889,High
39,36 - 45,F,Less than $40K,<Rs33L,Low Income,3554,5152,90,57.24444444,High
44,36 - 45,F,Less than $40K,<Rs33L,Low Income,3170,5357,91,58.86813187,High
49,46 - 55,F,Unknown,Unknown,Unknown,2464,4739,86,55.10465116,High
41,36 - 45,M,Less than $40K,<Rs33L,Low Income,3429,4015,76,52.82894737,High
50,46 - 55,M,$60K - $80K,Rs50L - Rs66L,Mid Income,2021,5298,71,74.61971831,High
54,46 - 55,F,Less than $40K,<Rs33L,Low Income,2444,4609,61,75.55737705,High
39,36 - 45,F,Unknown,Unknown,Unknown,2751,4861,82,59.2804878,High
52,46 - 55,F,$40K - $60K,Rs33L - Rs50L,Low Income,9017,4552,81,56.19753086,High
51,46 - 55,F,$40K - $60K,Rs33L - Rs50L,Low Income,2107,4841,88,55.01136364,High
46,46 - 55,F,Less than $40K,<Rs33L,Low Income,2029,4802,90,53.35555556,High
48,46 - 55,M,$120K +,Rs1Cr +,High Income,32777,4520,75,60.26666667,High
50,46 - 55,M,$120K +,Rs1Cr +,High Income,4607,4793,88,54.46590909,High
52,46 - 55,F,Unknown,Unknown,Unknown,23486,4530,74,61.21621622,High
54,46 - 55,F,Unknown,Unknown,Unknown,1997,4961,82,60.5,High
40,36 - 45,F,$40K - $60K,Rs33L - Rs50L,Low Income,3144,4758,67,71.01492537,High
47,46 - 55,F,$40K - $60K,Rs33L - Rs50L,Low Income,2725,4904,85,57.69411765,High
53,46 - 55,F,Less than $40K,<Rs33L,Low Income,1874,4194,78,53.76923077,High
45,36 - 45,M,$120K +,Rs1Cr +,High Income,7135,2305,42,54.88095238,High
35,26 - 35,F,Unknown,Unknown,Unknown,3379,5121,80,64.0125,High
48,46 - 55,F,$40K - $60K,Rs33L - Rs50L,Low Income,2804,5033,81,62.13580247,High
44,36 - 45,M,$60K - $80K,Rs50L - Rs66L,Mid Income,16553,4797,82,58.5,High
41,36 - 45,F,Unknown,Unknown,Unknown,2246,3607,51,70.7254902,High
42,36 - 45,F,Unknown,Unknown,Unknown,2875,4577,81,56.50617284,High
51,46 - 55,F,Unknown,Unknown,Unknown,3668,4753,87,54.63218391,High
45,36 - 45,F,$40K - $60K,Rs33L - Rs50L,Low Income,2853,4971,65,76.47692308,High
50,46 - 55,F,Less than $40K,<Rs33L,Low Income,2382,4563,89,51.26966292,High
54,46 - 55,F,Less than $40K,<Rs33L,Low Income,2830,4854,74,65.59459459,High
47,46 - 55,F,Unknown,Unknown,Unknown,24987,3995,64,62.421875,High
52,46 - 55,F,Less than $40K,<Rs33L,Low Income,3705,4452,89,50.02247191,High
49,46 - 55,F,Less than $40K,<Rs33L,Low Income,1675,2622,53,49.47169811,High
47,46 - 55,F,$40K - $60K,Rs33L - Rs50L,Low Income,1439,5047,79,63.88607595,High
54,46 - 55,F,$40K - $60K,Rs33L - Rs50L,Low Income,4440,3720,89,41.79775281,High
52,46 - 55,F,Less than $40K,<Rs33L,Low Income,2563,4515,77,58.63636364,High
46,46 - 55,F,Less than $40K,<Rs33L,Low Income,1896,4588,75,61.17333333,High
39,36 - 45,F,Less than $40K,<Rs33L,Low Income,2190,2338,40,58.45,High
55,46 - 55,F,Less than $40K,<Rs33L,Low Income,2596,4726,87,54.32183908,High
44,36 - 45,F,$40K - $60K,Rs33L - Rs50L,Low Income,4196,2558,38,67.31578947,High
43,36 - 45,F,Less than $40K,<Rs33L,Low Income,1616,4774,74,64.51351351,High
42,36 - 45,M,$60K - $80K,Rs50L - Rs66L,Mid Income,6618,5022,76,66.07894737,High
50,46 - 55,F,Less than $40K,<Rs33L,Low Income,2477,2037,43,47.37209302,High
38,36 - 45,F,$40K - $60K,Rs33L - Rs50L,Low Income,3040,5616,73,76.93150685,High
41,36 - 45,M,$60K - $80K,Rs50L - Rs66L,Mid Income,4697,1679,29,57.89655172,Medium
51,46 - 55,M,$40K - $60K,Rs33L - Rs50L,Low Income,4436,4460,85,52.47058824,High
44,36 - 45,F,Less than $40K,<Rs33L,Low Income,13138,3881,77,50.4025974,High
46,46 - 55,M,$60K - $80K,Rs50L - Rs66L,Mid Income,1438.3,2527,38,66.5,High
38,36 - 45,F,Less than $40K,<Rs33L,Low Income,3297,4636,86,53.90697674,High
46,46 - 55,M,$60K - $80K,Rs50L - Rs66L,Mid Income,6272,4514,66,68.39393939,High
54,46 - 55,M,$40K - $60K,Rs33L - Rs50L,Low Income,5608,4325,77,56.16883117,High
42,36 - 45,M,$60K - $80K,Rs50L - Rs66L,Mid Income,9906,4033,76,53.06578947,High
30,26 - 35,F,Less than $40K,<Rs33L,Low Income,1621,5247,84,62.46428571,High
49,46 - 55,F,Less than $40K,<Rs33L,Low Income,2305,5106,74,69,High
54,46 - 55,F,$40K - $60K,Rs33L - Rs50L,Low Income,9525,4804,79,60.81012658,High
41,36 - 45,M,$80K - $120K,Rs66L - Rs1Cr,Mid Income,4742,2422,41,59.07317073,High
51,46 - 55,M,$120K +,Rs1Cr +,High Income,3168,4674,71,65.83098592,High
37,36 - 45,F,Less than $40K,<Rs33L,Low Income,2939,5076,84,60.42857143,High
44,36 - 45,F,Less than $40K,<Rs33L,Low Income,2724,4171,75,55.61333333,High
46,46 - 55,F,Unknown,Unknown,Unknown,6990,4861,77,63.12987013,High
45,36 - 45,M,$60K - $80K,Rs50L - Rs66L,Mid Income,1870,4891,65,75.24615385,High
55,46 - 55,F,$40K - $60K,Rs33L - Rs50L,Low Income,1438.3,4885,88,55.51136364,High
55,46 - 55,F,$40K - $60K,Rs33L - Rs50L,Low Income,4629,2877,49,58.71428571,High
50,46 - 55,M,$120K +,Rs1Cr +,High Income,34516,4520,73,61.91780822,High
36,36 - 45,F,Less than $40K,<Rs33L,Low Income,1558,2424,40,60.6,High
45,36 - 45,M,$60K - $80K,Rs50L - Rs66L,Mid Income,13093,2032,39,52.1025641,High
45,36 - 45,F,$40K - $60K,Rs33L - Rs50L,Low Income,1438.3,5346,84,63.64285714,High
41,36 - 45,F,$40K - $60K,Rs33L - Rs50L,Low Income,4451,4456,75,59.41333333,High
44,36 - 45,M,$60K - $80K,Rs50L - Rs66L,Mid Income,6426,4892,80,61.15,High
47,46 - 55,F,Less than $40K,<Rs33L,Low Income,2761,4510,88,51.25,High
38,36 - 45,F,$40K - $60K,Rs33L - Rs50L,Low Income,2148,4711,64,73.609375,High
49,46 - 55,F,$40K - $60K,Rs33L - Rs50L,Low Income,2485,4208,71,59.26760563,High
39,36 - 45,F,$40K - $60K,Rs33L - Rs50L,Low Income,3394,5421,75,72.28,High
50,46 - 55,F,$40K - $60K,Rs33L - Rs50L,Low Income,3367,5657,91,62.16483516,High
50,46 - 55,F,$40K - $60K,Rs33L - Rs50L,Low Income,4154,4325,86,50.29069767,High
47,46 - 55,F,Less than $40K,<Rs33L,Low Income,2154,4538,74,61.32432432,High
54,46 - 55,F,Less than $40K,<Rs33L,Low Income,2506,4504,80,56.3,High
46,46 - 55,F,Less than $40K,<Rs33L,Low Income,1774,3474,60,57.9,High
43,36 - 45,F,Unknown,Unknown,Unknown,3287,5236,77,68,High
42,36 - 45,F,Unknown,Unknown,Unknown,1821,4786,87,55.01149425,High
49,46 - 55,M,$80K - $120K,Rs66L - Rs1Cr,Mid Income,34516,3990,65,61.38461538,High
45,36 - 45,F,$40K - $60K,Rs33L - Rs50L,Low Income,3918,4700,69,68.11594203,High
49,46 - 55,F,Unknown,Unknown,Unknown,5455,4349,58,74.98275862,High
41,36 - 45,F,Less than $40K,<Rs33L,Low Income,2372,2499,41,60.95121951,High
45,36 - 45,F,Less than $40K,<Rs33L,Low Income,1492,2469,38,64.97368421,High
44,36 - 45,F,Less than $40K,<Rs33L,Low Income,1550,4534,87,52.11494253,High
58,55+,F,Less than $40K,<Rs33L,Low Income,2669,4863,79,61.55696203,High
42,36 - 45,M,$60K - $80K,Rs50L - Rs66L,Mid Income,3311,4559,80,56.9875,High
51,46 - 55,F,Less than $40K,<Rs33L,Low Income,3068,5524,71,77.8028169,High
55,46 - 55,F,Unknown,Unknown,Unknown,2721,5443,73,74.56164384,High
37,36 - 45,F,$40K - $60K,Rs33L - Rs50L,Low Income,3050,4698,75,62.64,High
60,55+,F,Unknown,Unknown,Unknown,3356,5200,81,64.19753086,High
42,36 - 45,F,$40K - $60K,Rs33L - Rs50L,Low Income,2647,4911,82,59.8902439,High
50,46 - 55,F,Less than $40K,<Rs33L,Low Income,2407,4543,71,63.98591549,High
52,46 - 55,F,Unknown,Unknown,Unknown,2233,2888,50,57.76,High
42,36 - 45,M,$80K - $120K,Rs66L - Rs1Cr,Mid Income,32106,4452,83,53.63855422,High
48,46 - 55,F,Less than $40K,<Rs33L,Low Income,2089,5069,76,66.69736842,High
48,46 - 55,F,Less than $40K,<Rs33L,Low Income,2185,4906,83,59.10843373,High
44,36 - 45,F,Less than $40K,<Rs33L,Low Income,4057,4301,58,74.15517241,High
44,36 - 45,F,$40K - $60K,Rs33L - Rs50L,Low Income,3183,4017,63,63.76190476,High
45,36 - 45,F,Less than $40K,<Rs33L,Low Income,2699,4071,75,54.28,High
57,55+,M,$80K - $120K,Rs66L - Rs1Cr,Mid Income,17096,4231,62,68.24193548,High
50,46 - 55,F,Less than $40K,<Rs33L,Low Income,2897,4891,87,56.2183908,High
46,46 - 55,F,Less than $40K,<Rs33L,Low Income,6568,1507,33,45.66666667,Medium
40,36 - 45,F,Unknown,Unknown,Unknown,1622,4216,71,59.38028169,High
51,46 - 55,F,Less than $40K,<Rs33L,Low Income,1438.3,4447,71,62.63380282,High
34,26 - 35,F,$40K - $60K,Rs33L - Rs50L,Low Income,1677,4035,87,46.37931034,High
48,46 - 55,F,Unknown,Unknown,Unknown,7884,4588,74,62,High
57,55+,F,Less than $40K,<Rs33L,Low Income,1860,5109,62,82.40322581,High
48,46 - 55,F,Unknown,Unknown,Unknown,8074,5372,93,57.76344086,High
47,46 - 55,F,Less than $40K,<Rs33L,Low Income,2124,4592,83,55.3253012,High
48,46 - 55,F,Less than $40K,<Rs33L,Low Income,3413,3843,67,57.35820896,High
41,36 - 45,F,Less than $40K,<Rs33L,Low Income,2178,5089,80,63.6125,High
47,46 - 55,F,Unknown,Unknown,Unknown,2446,5347,87,61.45977011,High
37,36 - 45,F,Less than $40K,<Rs33L,Low Income,3967,4490,66,68.03030303,High
45,36 - 45,F,Unknown,Unknown,Unknown,4146,4323,64,67.546875,High
26,26 - 35,F,Unknown,Unknown,Unknown,34516,4174,59,70.74576271,High
58,55+,F,Less than $40K,<Rs33L,Low Income,1869,5269,80,65.8625,High
46,46 - 55,F,Unknown,Unknown,Unknown,2168,4043,73,55.38356164,High
49,46 - 55,F,Less than $40K,<Rs33L,Low Income,2096,4926,82,60.07317073,High
41,36 - 45,M,$60K - $80K,Rs50L - Rs66L,Mid Income,7293,4828,82,58.87804878,High
46,46 - 55,F,Unknown,Unknown,Unknown,1438.3,4659,74,62.95945946,High
42,36 - 45,M,$40K - $60K,Rs33L - Rs50L,Low Income,1438.3,3499,80,43.7375,High
57,55+,F,Less than $40K,<Rs33L,Low Income,2298,5154,81,63.62962963,High
48,46 - 55,F,Unknown,Unknown,Unknown,3829,4313,85,50.74117647,High
58,55+,F,Less than $40K,<Rs33L,Low Income,1517,5067,69,73.43478261,High
46,46 - 55,F,Less than $40K,<Rs33L,Low Income,13427,4266,63,67.71428571,High
53,46 - 55,M,$80K - $120K,Rs66L - Rs1Cr,Mid Income,16747,4350,76,57.23684211,High
58,55+,F,Unknown,Unknown,Unknown,9926,4937,73,67.63013699,High
54,46 - 55,F,Less than $40K,<Rs33L,Low Income,2691,4413,80,55.1625,High
42,36 - 45,F,$40K - $60K,Rs33L - Rs50L,Low Income,1456,2843,42,67.69047619,High
43,36 - 45,F,Less than $40K,<Rs33L,Low Income,2005,4906,80,61.325,High
35,26 - 35,F,Less than $40K,<Rs33L,Low Income,4790,4544,81,56.09876543,High
46,46 - 55,F,Less than $40K,<Rs33L,Low Income,3123,4117,76,54.17105263,High
42,36 - 45,F,Less than $40K,<Rs33L,Low Income,5471,5103,94,54.28723404,High
53,46 - 55,M,$120K +,Rs1Cr +,High Income,13670,4812,81,59.40740741,High
52,46 - 55,M,$60K - $80K,Rs50L - Rs66L,Mid Income,3460,2355,47,50.10638298,High
48,46 - 55,M,$40K - $60K,Rs33L - Rs50L,Low Income,3202,4675,88,53.125,High
31,26 - 35,F,Less than $40K,<Rs33L,Low Income,1438.3,2614,49,53.34693878,High
50,46 - 55,M,$60K - $80K,Rs50L - Rs66L,Mid Income,2296,5483,77,71.20779221,High
54,46 - 55,F,Less than $40K,<Rs33L,Low Income,1476,4462,75,59.49333333,High
35,26 - 35,F,Unknown,Unknown,Unknown,12287,4601,65,70.78461538,High
41,36 - 45,F,Less than $40K,<Rs33L,Low Income,2470,5011,61,82.14754098,High
46,46 - 55,M,$120K +,Rs1Cr +,High Income,24431,3457,66,52.37878788,High
41,36 - 45,M,Less than $40K,<Rs33L,Low Income,1950,4630,84,55.11904762,High
49,46 - 55,F,Less than $40K,<Rs33L,Low Income,6615,4575,75,61,High
47,46 - 55,F,Unknown,Unknown,Unknown,5756,5298,72,73.58333333,High
55,46 - 55,F,Unknown,Unknown,Unknown,1438.3,2278,57,39.96491228,High
32,26 - 35,F,Less than $40K,<Rs33L,Low Income,1438.3,5099,80,63.7375,High
50,46 - 55,F,Less than $40K,<Rs33L,Low Income,1912,4851,87,55.75862069,High
45,36 - 45,F,Unknown,Unknown,Unknown,4549,2240,34,65.88235294,High
45,36 - 45,F,Less than $40K,<Rs33L,Low Income,1979,5458,84,64.97619048,High
40,36 - 45,F,$40K - $60K,Rs33L - Rs50L,Low Income,2803,5089,71,71.67605634,High
45,36 - 45,F,Less than $40K,<Rs33L,Low Income,2548,4747,77,61.64935065,High
45,36 - 45,F,Less than $40K,<Rs33L,Low Income,1457,5401,93,58.07526882,High
32,26 - 35,F,Less than $40K,<Rs33L,Low Income,1438.3,2464,37,66.59459459,High
59,55+,F,$40K - $60K,Rs33L - Rs50L,Low Income,1980,5350,96,55.72916667,High
48,46 - 55,F,Less than $40K,<Rs33L,Low Income,2216,4763,83,57.38554217,High
57,55+,F,$40K - $60K,Rs33L - Rs50L,Low Income,4262,3943,75,52.57333333,High
42,36 - 45,F,Less than $40K,<Rs33L,Low Income,2573,4649,88,52.82954545,High
55,46 - 55,F,$40K - $60K,Rs33L - Rs50L,Low Income,5431,4569,82,55.7195122,High
43,36 - 45,F,Less than $40K,<Rs33L,Low Income,3092,4797,87,55.13793103,High
37,36 - 45,F,Less than $40K,<Rs33L,Low Income,2984,4878,86,56.72093023,High
48,46 - 55,F,Unknown,Unknown,Unknown,2186,4629,77,60.11688312,High
34,26 - 35,M,Less than $40K,<Rs33L,Low Income,2669,4314,74,58.2972973,High
50,46 - 55,F,Less than $40K,<Rs33L,Low Income,1789,5110,75,68.13333333,High
36,36 - 45,F,Less than $40K,<Rs33L,Low Income,2835,4811,77,62.48051948,High
44,36 - 45,F,Less than $40K,<Rs33L,Low Income,1558,4805,86,55.87209302,High
47,46 - 55,M,$80K - $120K,Rs66L - Rs1Cr,Mid Income,7299,4678,83,56.36144578,High
56,55+,F,Less than $40K,<Rs33L,Low Income,3556,2220,45,49.33333333,High
45,36 - 45,F,Less than $40K,<Rs33L,Low Income,1438.3,4976,70,71.08571429,High
35,26 - 35,F,Unknown,Unknown,Unknown,1507,4679,85,55.04705882,High
51,46 - 55,F,Unknown,Unknown,Unknown,7551,2977,46,64.7173913,High
38,36 - 45,F,Less than $40K,<Rs33L,Low Income,2468,4426,76,58.23684211,High
42,36 - 45,F,Less than $40K,<Rs33L,Low Income,2515,4025,74,54.39189189,High
59,55+,F,Unknown,Unknown,Unknown,9076,3048,53,57.50943396,High
45,36 - 45,M,$60K - $80K,Rs50L - Rs66L,Mid Income,10699,5052,61,82.81967213,High
34,26 - 35,M,$80K - $120K,Rs66L - Rs1Cr,Mid Income,1439,2932,44,66.63636364,High
44,36 - 45,F,Unknown,Unknown,Unknown,7212,5169,82,63.03658537,High
54,46 - 55,F,$40K - $60K,Rs33L - Rs50L,Low Income,3089,5237,75,69.82666667,High
46,46 - 55,M,$80K - $120K,Rs66L - Rs1Cr,Mid Income,11250,4514,70,64.48571429,High
53,46 - 55,F,Less than $40K,<Rs33L,Low Income,1665,4881,75,65.08,High
54,46 - 55,M,$120K +,Rs1Cr +,High Income,2456,4468,84,53.19047619,High
47,46 - 55,M,$60K - $80K,Rs50L - Rs66L,Mid Income,11773,5098,58,87.89655172,High
43,36 - 45,F,$40K - $60K,Rs33L - Rs50L,Low Income,1438.3,4494,82,54.80487805,High
41,36 - 45,F,$40K - $60K,Rs33L - Rs50L,Low Income,3104,4699,77,61.02597403,High
48,46 - 55,F,Unknown,Unknown,Unknown,2337,5203,90,57.81111111,High
50,46 - 55,F,Less than $40K,<Rs33L,Low Income,4060,5173,87,59.45977011,High
42,36 - 45,F,Less than $40K,<Rs33L,Low Income,3428,4751,87,54.6091954,High
44,36 - 45,M,$40K - $60K,Rs33L - Rs50L,Low Income,12967,4520,74,61.08108108,High
45,36 - 45,M,Less than $40K,<Rs33L,Low Income,2326,5413,90,60.14444444,High
39,36 - 45,F,Unknown,Unknown,Unknown,4376,2862,52,55.03846154,High
46,46 - 55,M,$60K - $80K,Rs50L - Rs66L,Mid Income,12745,4380,80,54.75,High
39,36 - 45,M,$60K - $80K,Rs50L - Rs66L,Mid Income,1790,4498,96,46.85416667,High
40,36 - 45,F,Less than $40K,<Rs33L,Low Income,2969,4109,70,58.7,High
43,36 - 45,M,$40K - $60K,Rs33L - Rs50L,Low Income,4970,4436,83,53.44578313,High
49,46 - 55,F,$40K - $60K,Rs33L - Rs50L,Low Income,5400,4643,80,58.0375,High
46,46 - 55,F,Unknown,Unknown,Unknown,2069,2754,55,50.07272727,High
52,46 - 55,F,Unknown,Unknown,Unknown,3192,4191,80,52.3875,High
48,46 - 55,F,Less than $40K,<Rs33L,Low Income,2105,4833,81,59.66666667,High
44,36 - 45,M,$80K - $120K,Rs66L - Rs1Cr,Mid Income,1876,5056,82,61.65853659,High
57,55+,F,Less than $40K,<Rs33L,Low Income,1462,2299,42,54.73809524,High
40,36 - 45,F,$40K - $60K,Rs33L - Rs50L,Low Income,2351,5115,84,60.89285714,High
54,46 - 55,F,Less than $40K,<Rs33L,Low Income,1719,4869,65,74.90769231,High
47,46 - 55,F,$40K - $60K,Rs33L - Rs50L,Low Income,1438.3,5216,78,66.87179487,High
26,26 - 35,F,Less than $40K,<Rs33L,Low Income,2516,4746,75,63.28,High
33,26 - 35,F,$40K - $60K,Rs33L - Rs50L,Low Income,4883,4613,82,56.25609756,High
38,36 - 45,M,$80K - $120K,Rs66L - Rs1Cr,Mid Income,3413,3831,45,85.13333333,High
59,55+,F,$40K - $60K,Rs33L - Rs50L,Low Income,1852,2851,49,58.18367347,High
35,26 - 35,F,Unknown,Unknown,Unknown,3339,4725,83,56.92771084,High
45,36 - 45,F,Less than $40K,<Rs33L,Low Income,3785,2401,54,44.46296296,High
61,55+,M,$40K - $60K,Rs33L - Rs50L,Low Income,2228,4431,71,62.4084507,High
55,46 - 55,F,Less than $40K,<Rs33L,Low Income,3626,2954,42,70.33333333,High
58,55+,F,$40K - $60K,Rs33L - Rs50L,Low Income,2194,4962,81,61.25925926,High
41,36 - 45,F,Less than $40K,<Rs33L,Low Income,2665,4500,71,63.38028169,High
42,36 - 45,M,$40K - $60K,Rs33L - Rs50L,Low Income,2444,4220,50,84.4,High
45,36 - 45,F,Less than $40K,<Rs33L,Low Income,3335,5321,78,68.21794872,High
45,36 - 45,F,Less than $40K,<Rs33L,Low Income,2726,5578,89,62.6741573,High
51,46 - 55,F,Less than $40K,<Rs33L,Low Income,1665,2878,45,63.95555556,High
40,36 - 45,F,Less than $40K,<Rs33L,Low Income,2734,4981,90,55.34444444,High
57,55+,F,Less than $40K,<Rs33L,Low Income,1727,5112,82,62.34146341,High
50,46 - 55,F,Unknown,Unknown,Unknown,19349,4351,79,55.07594937,High
53,46 - 55,M,$60K - $80K,Rs50L - Rs66L,Mid Income,13409,4031,82,49.15853659,High
45,36 - 45,F,Less than $40K,<Rs33L,Low Income,1438.3,4928,84,58.66666667,High
42,36 - 45,F,$40K - $60K,Rs33L - Rs50L,Low Income,6330,3029,52,58.25,High
49,46 - 55,F,Less than $40K,<Rs33L,Low Income,2575,1874,40,46.85,Medium
55,46 - 55,F,$40K - $60K,Rs33L - Rs50L,Low Income,3391,4291,77,55.72727273,High
48,46 - 55,F,Less than $40K,<Rs33L,Low Income,5298,4834,80,60.425,High
44,36 - 45,F,Less than $40K,<Rs33L,Low Income,2540,5039,82,61.45121951,High
63,55+,M,$60K - $80K,Rs50L - Rs66L,Mid Income,14324,2083,56,37.19642857,High
48,46 - 55,F,Less than $40K,<Rs33L,Low Income,2876,4752,80,59.4,High
41,36 - 45,F,Less than $40K,<Rs33L,Low Income,1504,2801,51,54.92156863,High
45,36 - 45,F,Less than $40K,<Rs33L,Low Income,1839,4930,91,54.17582418,High
54,46 - 55,F,Less than $40K,<Rs33L,Low Income,1685,4155,85,48.88235294,High
48,46 - 55,F,Less than $40K,<Rs33L,Low Income,4850,4187,86,48.68604651,High
40,36 - 45,F,Less than $40K,<Rs33L,Low Income,2840,4405,82,53.7195122,High
47,46 - 55,F,$40K - $60K,Rs33L - Rs50L,Low Income,2977,5217,88,59.28409091,High
45,36 - 45,F,Unknown,Unknown,Unknown,34516,2198,42,52.33333333,High
39,36 - 45,F,Less than $40K,<Rs33L,Low Income,1961,4846,92,52.67391304,High
53,46 - 55,F,Less than $40K,<Rs33L,Low Income,2156,5092,95,53.6,High
53,46 - 55,F,$40K - $60K,Rs33L - Rs50L,Low Income,2772,5313,68,78.13235294,High
29,26 - 35,F,Less than $40K,<Rs33L,Low Income,2832,4761,75,63.48,High
44,36 - 45,F,Less than $40K,<Rs33L,Low Income,1552,5064,80,63.3,High
46,46 - 55,M,$40K - $60K,Rs33L - Rs50L,Low Income,6362,1968,51,38.58823529,Medium
40,36 - 45,M,Less than $40K,<Rs33L,Low Income,11409,4677,58,80.63793103,High
40,36 - 45,F,Less than $40K,<Rs33L,Low Income,1965,4268,91,46.9010989,High
42,36 - 45,F,$40K - $60K,Rs33L - Rs50L,Low Income,1622,4633,67,69.14925373,High
38,36 - 45,F,Less than $40K,<Rs33L,Low Income,1736,5045,86,58.6627907,High
54,46 - 55,F,Unknown,Unknown,Unknown,8827,2643,50,52.86,High
49,46 - 55,M,$80K - $120K,Rs66L - Rs1Cr,Mid Income,24256,4269,69,61.86956522,High
52,46 - 55,F,$40K - $60K,Rs33L - Rs50L,Low Income,1915,2264,39,58.05128205,High
38,36 - 45,F,Less than $40K,<Rs33L,Low Income,1438.3,4564,79,57.7721519,High
44,36 - 45,F,Unknown,Unknown,Unknown,2006,5337,85,62.78823529,High
44,36 - 45,F,Less than $40K,<Rs33L,Low Income,5594,5220,75,69.6,High
52,46 - 55,F,Unknown,Unknown,Unknown,3505,5034,79,63.72151899,High
56,55+,F,Less than $40K,<Rs33L,Low Income,1667,2424,40,60.6,High
47,46 - 55,F,Less than $40K,<Rs33L,Low Income,1636,2235,35,63.85714286,High
52,46 - 55,F,Less than $40K,<Rs33L,Low Income,3281,4431,67,66.13432836,High
50,46 - 55,F,Less than $40K,<Rs33L,Low Income,1477,4680,80,58.5,High
44,36 - 45,F,Less than $40K,<Rs33L,Low Income,1905,3120,46,67.82608696,High
39,36 - 45,M,$60K - $80K,Rs50L - Rs66L,Mid Income,6146,3645,76,47.96052632,High
53,46 - 55,M,$40K - $60K,Rs33L - Rs50L,Low Income,2672,4766,75,63.54666667,High
42,36 - 45,M,$60K - $80K,Rs50L - Rs66L,Mid Income,13426,4674,66,70.81818182,High
48,46 - 55,M,$40K - $60K,Rs33L - Rs50L,Low Income,9104,2563,34,75.38235294,High
47,46 - 55,M,$80K - $120K,Rs66L - Rs1Cr,Mid Income,30300,4146,64,64.78125,High
51,46 - 55,M,$80K - $120K,Rs66L - Rs1Cr,Mid Income,7088,4691,76,61.72368421,High
56,55+,F,$40K - $60K,Rs33L - Rs50L,Low Income,1872,4970,81,61.35802469,High
33,26 - 35,F,$40K - $60K,Rs33L - Rs50L,Low Income,2874,4794,88,54.47727273,High
36,36 - 45,M,$40K - $60K,Rs33L - Rs50L,Low Income,6763,4972,76,65.42105263,High
57,55+,M,$120K +,Rs1Cr +,High Income,24379,2836,41,69.17073171,High
39,36 - 45,F,Less than $40K,<Rs33L,Low Income,2867,4445,89,49.94382022,High
59,55+,M,$60K - $80K,Rs50L - Rs66L,Mid Income,13172,2598,47,55.27659574,High
41,36 - 45,F,Less than $40K,<Rs33L,Low Income,2201,2408,38,63.36842105,High
29,26 - 35,F,Less than $40K,<Rs33L,Low Income,3261,2461,54,45.57407407,High
39,36 - 45,F,$40K - $60K,Rs33L - Rs50L,Low Income,5027,4850,70,69.28571429,High
47,46 - 55,F,$40K - $60K,Rs33L - Rs50L,Low Income,1811,5390,87,61.95402299,High
49,46 - 55,M,$60K - $80K,Rs50L - Rs66L,Mid Income,2465,4806,83,57.90361446,High
43,36 - 45,F,Less than $40K,<Rs33L,Low Income,7584,4783,65,73.58461538,High
46,46 - 55,F,Less than $40K,<Rs33L,Low Income,4065,2899,51,56.84313725,High
60,55+,M,$80K - $120K,Rs66L - Rs1Cr,Mid Income,28930,2251,27,83.37037037,High
48,46 - 55,M,$80K - $120K,Rs66L - Rs1Cr,Mid Income,4963,4989,78,63.96153846,High
50,46 - 55,M,$60K - $80K,Rs50L - Rs66L,Mid Income,2049,2703,54,50.05555556,High
47,46 - 55,M,$60K - $80K,Rs50L - Rs66L,Mid Income,1943,5108,81,63.0617284,High
56,55+,F,$40K - $60K,Rs33L - Rs50L,Low Income,3485,4776,87,54.89655172,High
43,36 - 45,M,$80K - $120K,Rs66L - Rs1Cr,Mid Income,23459,7279,83,87.69879518,High
51,46 - 55,F,Less than $40K,<Rs33L,Low Income,2306,3776,70,53.94285714,High
42,36 - 45,M,$80K - $120K,Rs66L - Rs1Cr,Mid Income,18177,8512,94,90.55319149,High
49,46 - 55,F,Less than $40K,<Rs33L,Low Income,3252,7418,90,82.42222222,High
47,46 - 55,F,Less than $40K,<Rs33L,Low Income,2894,7471,87,85.87356322,High
44,36 - 45,M,$80K - $120K,Rs66L - Rs1Cr,Mid Income,34516,7663,91,84.20879121,High
44,36 - 45,M,$120K +,Rs1Cr +,High Income,34516,7427,83,89.48192771,High
53,46 - 55,M,$120K +,Rs1Cr +,High Income,34516,7758,98,79.16326531,High
41,36 - 45,M,$40K - $60K,Rs33L - Rs50L,Low Income,7839,7904,83,95.22891566,High
49,46 - 55,M,$120K +,Rs1Cr +,High Income,16494,7761,84,92.39285714,High
49,46 - 55,M,$60K - $80K,Rs50L - Rs66L,Mid Income,6224,7693,70,109.9,High
42,36 - 45,F,Less than $40K,<Rs33L,Low Income,6078,8442,95,88.86315789,High
50,46 - 55,M,$80K - $120K,Rs66L - Rs1Cr,Mid Income,21322,8693,91,95.52747253,High
51,46 - 55,M,$40K - $60K,Rs33L - Rs50L,Low Income,1590,7352,80,91.9,High
52,46 - 55,F,Less than $40K,<Rs33L,Low Income,1986,7249,86,84.29069767,High
48,46 - 55,M,$60K - $80K,Rs50L - Rs66L,Mid Income,15618,7549,77,98.03896104,High
44,36 - 45,M,$80K - $120K,Rs66L - Rs1Cr,Mid Income,34496,8092,80,101.15,High
40,36 - 45,F,$40K - $60K,Rs33L - Rs50L,Low Income,2544,8006,88,90.97727273,High
42,36 - 45,M,$80K - $120K,Rs66L - Rs1Cr,Mid Income,4765,7380,76,97.10526316,High
43,36 - 45,F,Unknown,Unknown,Unknown,16583,7823,87,89.91954023,High
42,36 - 45,M,Less than $40K,<Rs33L,Low Income,6153,7434,92,80.80434783,High
42,36 - 45,F,Less than $40K,<Rs33L,Low Income,15987,7471,88,84.89772727,High
51,46 - 55,F,Less than $40K,<Rs33L,Low Income,5139,7548,89,84.80898876,High
61,55+,F,Less than $40K,<Rs33L,Low Income,3421,6932,75,92.42666667,High
59,55+,M,$40K - $60K,Rs33L - Rs50L,Low Income,11000,7302,86,84.90697674,High
46,46 - 55,F,Less than $40K,<Rs33L,Low Income,2490,8178,91,89.86813187,High
51,46 - 55,M,$80K - $120K,Rs66L - Rs1Cr,Mid Income,34516,7889,98,80.5,High
48,46 - 55,F,Less than $40K,<Rs33L,Low Income,2490,7719,86,89.75581395,High
44,36 - 45,F,$40K - $60K,Rs33L - Rs50L,Low Income,2055,7674,80,95.925,High
56,55+,M,$40K - $60K,Rs33L - Rs50L,Low Income,14344,7359,85,86.57647059,High
42,36 - 45,F,Less than $40K,<Rs33L,Low Income,3453,8108,85,95.38823529,High
40,36 - 45,M,$60K - $80K,Rs50L - Rs66L,Mid Income,20304,7494,85,88.16470588,High
61,55+,F,Less than $40K,<Rs33L,Low Income,8283,7553,104,72.625,High
45,36 - 45,M,$80K - $120K,Rs66L - Rs1Cr,Mid Income,11318,7179,93,77.19354839,High
49,46 - 55,M,$80K - $120K,Rs66L - Rs1Cr,Mid Income,2384,3512,50,70.24,High
47,46 - 55,M,$60K - $80K,Rs50L - Rs66L,Mid Income,11919,8257,96,86.01041667,High
45,36 - 45,F,Less than $40K,<Rs33L,Low Income,2948,7834,86,91.09302326,High
43,36 - 45,M,$60K - $80K,Rs50L - Rs66L,Mid Income,5397,7791,84,92.75,High
42,36 - 45,M,$60K - $80K,Rs50L - Rs66L,Mid Income,12294,7906,87,90.87356322,High
42,36 - 45,M,$80K - $120K,Rs66L - Rs1Cr,Mid Income,7253,7595,83,91.5060241,High
43,36 - 45,F,Unknown,Unknown,Unknown,21922,7409,89,83.24719101,High
40,36 - 45,M,$60K - $80K,Rs50L - Rs66L,Mid Income,13452,7582,69,109.884058,High
50,46 - 55,F,Unknown,Unknown,Unknown,24735,7910,95,83.26315789,High
53,46 - 55,F,$40K - $60K,Rs33L - Rs50L,Low Income,4942,7460,85,87.76470588,High
49,46 - 55,M,$40K - $60K,Rs33L - Rs50L,Low Income,14973,4517,59,76.55932203,High
44,36 - 45,M,$80K - $120K,Rs66L - Rs1Cr,Mid Income,19719,8385,97,86.44329897,High
49,46 - 55,M,$80K - $120K,Rs66L - Rs1Cr,Mid Income,29690,7640,86,88.8372093,High
42,36 - 45,F,Unknown,Unknown,Unknown,6751,7921,93,85.17204301,High
43,36 - 45,F,Less than $40K,<Rs33L,Low Income,9484,7242,95,76.23157895,High
51,46 - 55,F,Less than $40K,<Rs33L,Low Income,4333,7643,85,89.91764706,High
40,36 - 45,F,Less than $40K,<Rs33L,Low Income,2481,8097,88,92.01136364,High
57,55+,F,Less than $40K,<Rs33L,Low Income,3059,7709,89,86.61797753,High
51,46 - 55,M,$120K +,Rs1Cr +,High Income,34516,8012,87,92.09195402,High
49,46 - 55,M,$80K - $120K,Rs66L - Rs1Cr,Mid Income,25178,7836,87,90.06896552,High
61,55+,M,Less than $40K,<Rs33L,Low Income,7169,8216,80,102.7,High
62,55+,M,$60K - $80K,Rs50L - Rs66L,Mid Income,18224,7728,93,83.09677419,High
39,36 - 45,M,$80K - $120K,Rs66L - Rs1Cr,Mid Income,34516,8453,90,93.92222222,High
52,46 - 55,M,$60K - $80K,Rs50L - Rs66L,Mid Income,4813,7477,91,82.16483516,High
38,36 - 45,F,Unknown,Unknown,Unknown,24965,7866,84,93.64285714,High
50,46 - 55,F,Less than $40K,<Rs33L,Low Income,12569,7344,95,77.30526316,High
43,36 - 45,M,$120K +,Rs1Cr +,High Income,34516,7437,86,86.47674419,High
53,46 - 55,F,Less than $40K,<Rs33L,Low Income,8259,7957,88,90.42045455,High
42,36 - 45,M,$60K - $80K,Rs50L - Rs66L,Mid Income,13804,7376,97,76.04123711,High
43,36 - 45,F,Unknown,Unknown,Unknown,5700,7939,95,83.56842105,High
43,36 - 45,F,Less than $40K,<Rs33L,Low Income,6448,7546,88,85.75,High
57,55+,M,$60K - $80K,Rs50L - Rs66L,Mid Income,5479,7960,86,92.55813953,High
50,46 - 55,F,Less than $40K,<Rs33L,Low Income,3749,7990,89,89.7752809,High
48,46 - 55,M,$120K +,Rs1Cr +,High Income,30210,7403,88,84.125,High
41,36 - 45,M,$120K +,Rs1Cr +,High Income,5807,8000,96,83.33333333,High
44,36 - 45,M,$60K - $80K,Rs50L - Rs66L,Mid Income,3605,6800,78,87.17948718,High
44,36 - 45,F,$40K - $60K,Rs33L - Rs50L,Low Income,17077,7391,75,98.54666667,High
43,36 - 45,F,Less than $40K,<Rs33L,Low Income,5380,8947,93,96.20430108,High
51,46 - 55,M,$80K - $120K,Rs66L - Rs1Cr,Mid Income,34516,7499,88,85.21590909,High
47,46 - 55,M,$80K - $120K,Rs66L - Rs1Cr,Mid Income,27720,8520,89,95.73033708,High
47,46 - 55,F,$40K - $60K,Rs33L - Rs50L,Low Income,18341,7584,85,89.22352941,High
38,36 - 45,M,$120K +,Rs1Cr +,High Income,27712,7399,91,81.30769231,High
46,46 - 55,M,$40K - $60K,Rs33L - Rs50L,Low Income,8285,7205,84,85.77380952,High
41,36 - 45,F,$40K - $60K,Rs33L - Rs50L,Low Income,19704,7766,81,95.87654321,High
47,46 - 55,M,$80K - $120K,Rs66L - Rs1Cr,Mid Income,21325,7053,69,102.2173913,High
41,36 - 45,M,$80K - $120K,Rs66L - Rs1Cr,Mid Income,34516,6832,87,78.52873563,High
49,46 - 55,F,$40K - $60K,Rs33L - Rs50L,Low Income,7045,7381,98,75.31632653,High
44,36 - 45,M,$80K - $120K,Rs66L - Rs1Cr,Mid Income,14388,7042,85,82.84705882,High
48,46 - 55,F,Less than $40K,<Rs33L,Low Income,3874,4921,51,96.49019608,High
44,36 - 45,M,$60K - $80K,Rs50L - Rs66L,Mid Income,4752,7517,76,98.90789474,High
50,46 - 55,F,Unknown,Unknown,Unknown,34516,7042,73,96.46575342,High
59,55+,F,Less than $40K,<Rs33L,Low Income,7484,4923,56,87.91071429,High
49,46 - 55,F,Unknown,Unknown,Unknown,34516,4777,51,93.66666667,High
42,36 - 45,M,$80K - $120K,Rs66L - Rs1Cr,Mid Income,34516,7836,93,84.25806452,High
52,46 - 55,M,$60K - $80K,Rs50L - Rs66L,Mid Income,18336,7509,84,89.39285714,High
46,46 - 55,M,$40K - $60K,Rs33L - Rs50L,Low Income,2259,7745,88,88.01136364,High
41,36 - 45,M,$40K - $60K,Rs33L - Rs50L,Low Income,10682,7332,92,79.69565217,High
39,36 - 45,F,Less than $40K,<Rs33L,Low Income,8587,8854,92,96.23913043,High
46,46 - 55,F,Less than $40K,<Rs33L,Low Income,5494,8328,78,106.7692308,High
45,36 - 45,F,Less than $40K,<Rs33L,Low Income,1946,8423,82,102.7195122,High
53,46 - 55,M,$60K - $80K,Rs50L - Rs66L,Mid Income,6228,8284,77,107.5844156,High
42,36 - 45,M,$80K - $120K,Rs66L - Rs1Cr,Mid Income,7537,7613,90,84.58888889,High
44,36 - 45,F,Less than $40K,<Rs33L,Low Income,13609,7796,77,101.2467532,High
47,46 - 55,F,Unknown,Unknown,Unknown,34516,2691,42,64.07142857,High
46,46 - 55,M,$60K - $80K,Rs50L - Rs66L,Mid Income,34516,7750,82,94.51219512,High
38,36 - 45,F,Less than $40K,<Rs33L,Low Income,15987,8195,94,87.18085106,High
46,46 - 55,F,Less than $40K,<Rs33L,Low Income,2391,7649,101,75.73267327,High
39,36 - 45,M,$120K +,Rs1Cr +,High Income,34516,7845,92,85.27173913,High
47,46 - 55,M,$60K - $80K,Rs50L - Rs66L,Mid Income,20811,7192,82,87.70731707,High
46,46 - 55,M,$60K - $80K,Rs50L - Rs66L,Mid Income,34516,7582,95,79.81052632,High
45,36 - 45,M,$40K - $60K,Rs33L - Rs50L,Low Income,3735,7059,82,86.08536585,High
50,46 - 55,F,$40K - $60K,Rs33L - Rs50L,Low Income,2275,7768,83,93.59036145,High
43,36 - 45,F,Less than $40K,<Rs33L,Low Income,7350,7679,64,119.984375,High
48,46 - 55,M,$40K - $60K,Rs33L - Rs50L,Low Income,1913,7265,80,90.8125,High
50,46 - 55,F,Less than $40K,<Rs33L,Low Income,4249,8186,93,88.02150538,High
40,36 - 45,F,$40K - $60K,Rs33L - Rs50L,Low Income,2136,7782,88,88.43181818,High
46,46 - 55,M,$40K - $60K,Rs33L - Rs50L,Low Income,18956,8032,88,91.27272727,High
45,36 - 45,M,$60K - $80K,Rs50L - Rs66L,Mid Income,13445,7377,82,89.96341463,High
53,46 - 55,M,Less than $40K,<Rs33L,Low Income,8979,7422,87,85.31034483,High
49,46 - 55,F,Less than $40K,<Rs33L,Low Income,6674,7468,92,81.17391304,High
52,46 - 55,F,Less than $40K,<Rs33L,Low Income,6265,8162,89,91.70786517,High
47,46 - 55,M,$80K - $120K,Rs66L - Rs1Cr,Mid Income,34516,7535,92,81.90217391,High
47,46 - 55,M,$80K - $120K,Rs66L - Rs1Cr,Mid Income,34516,7827,77,101.6493506,High
43,36 - 45,M,$60K - $80K,Rs50L - Rs66L,Mid Income,13165,8126,95,85.53684211,High
49,46 - 55,M,$80K - $120K,Rs66L - Rs1Cr,Mid Income,9959,7300,77,94.80519481,High
40,36 - 45,F,$40K - $60K,Rs33L - Rs50L,Low Income,9243,7841,82,95.62195122,High
53,46 - 55,F,Less than $40K,<Rs33L,Low Income,4737,7802,88,88.65909091,High
51,46 - 55,F,$40K - $60K,Rs33L - Rs50L,Low Income,2710,4724,60,78.73333333,High
46,46 - 55,M,$40K - $60K,Rs33L - Rs50L,Low Income,2000,7694,85,90.51764706,High
41,36 - 45,M,$80K - $120K,Rs66L - Rs1Cr,Mid Income,34516,6932,87,79.67816092,High
42,36 - 45,F,Less than $40K,<Rs33L,Low Income,8798,8020,74,108.3783784,High
50,46 - 55,M,$120K +,Rs1Cr +,High Income,24670,7772,76,102.2631579,High
51,46 - 55,M,$80K - $120K,Rs66L - Rs1Cr,Mid Income,23453,7555,96,78.69791667,High
44,36 - 45,M,$120K +,Rs1Cr +,High Income,34516,7936,76,104.4210526,High
49,46 - 55,M,$60K - $80K,Rs50L - Rs66L,Mid Income,6139,7906,80,98.825,High
51,46 - 55,F,$40K - $60K,Rs33L - Rs50L,Low Income,14800,8796,94,93.57446809,High
53,46 - 55,F,$40K - $60K,Rs33L - Rs50L,Low Income,9815,7962,89,89.46067416,High
49,46 - 55,F,Less than $40K,<Rs33L,Low Income,3919,7685,85,90.41176471,High
59,55+,M,Unknown,Unknown,Unknown,12265,7470,82,91.09756098,High
47,46 - 55,F,$40K - $60K,Rs33L - Rs50L,Low Income,3256,7075,89,79.49438202,High
50,46 - 55,M,$80K - $120K,Rs66L - Rs1Cr,Mid Income,19000,7664,74,103.5675676,High
44,36 - 45,M,$120K +,Rs1Cr +,High Income,34516,7219,86,83.94186047,High
48,46 - 55,M,$60K - $80K,Rs50L - Rs66L,Mid Income,13197,8424,84,100.2857143,High
47,46 - 55,M,$60K - $80K,Rs50L - Rs66L,Mid Income,22599,4739,55,86.16363636,High
43,36 - 45,M,$60K - $80K,Rs50L - Rs66L,Mid Income,23457,7370,96,76.77083333,High
40,36 - 45,M,$80K - $120K,Rs66L - Rs1Cr,Mid Income,5238,7321,73,100.2876712,High
41,36 - 45,M,$80K - $120K,Rs66L - Rs1Cr,Mid Income,31560,7641,93,82.16129032,High
46,46 - 55,F,Less than $40K,<Rs33L,Low Income,6218,7689,84,91.53571429,High
47,46 - 55,M,Unknown,Unknown,Unknown,34516,7774,95,81.83157895,High
44,36 - 45,M,$60K - $80K,Rs50L - Rs66L,Mid Income,29572,7566,88,85.97727273,High
52,46 - 55,F,Less than $40K,<Rs33L,Low Income,2743,6993,97,72.09278351,High
39,36 - 45,M,$80K - $120K,Rs66L - Rs1Cr,Mid Income,2844,7345,73,100.6164384,High
53,46 - 55,F,Less than $40K,<Rs33L,Low Income,9678,7682,90,85.35555556,High
49,46 - 55,M,$80K - $120K,Rs66L - Rs1Cr,Mid Income,26882,7409,89,83.24719101,High
52,46 - 55,F,Less than $40K,<Rs33L,Low Income,5207,7153,84,85.1547619,High
46,46 - 55,M,$40K - $60K,Rs33L - Rs50L,Low Income,15034,7737,84,92.10714286,High
44,36 - 45,F,$40K - $60K,Rs33L - Rs50L,Low Income,3107,7535,87,86.6091954,High
52,46 - 55,F,$40K - $60K,Rs33L - Rs50L,Low Income,12214,8426,105,80.24761905,High
52,46 - 55,M,$80K - $120K,Rs66L - Rs1Cr,Mid Income,23070,8070,81,99.62962963,High
50,46 - 55,F,Less than $40K,<Rs33L,Low Income,2167,7199,83,86.73493976,High
55,46 - 55,M,$80K - $120K,Rs66L - Rs1Cr,Mid Income,34516,7917,95,83.33684211,High
45,36 - 45,M,$60K - $80K,Rs50L - Rs66L,Mid Income,6895,8778,85,103.2705882,High
44,36 - 45,M,$80K - $120K,Rs66L - Rs1Cr,Mid Income,25894,4847,49,98.91836735,High
46,46 - 55,F,Less than $40K,<Rs33L,Low Income,3138,4724,56,84.35714286,High
49,46 - 55,M,$120K +,Rs1Cr +,High Income,12055,7222,93,77.65591398,High
53,46 - 55,F,Unknown,Unknown,Unknown,16592,7642,89,85.86516854,High
60,55+,F,Unknown,Unknown,Unknown,34516,7443,98,75.94897959,High
47,46 - 55,M,Unknown,Unknown,Unknown,33184,7190,93,77.31182796,High
54,46 - 55,F,$40K - $60K,Rs33L - Rs50L,Low Income,10753,7302,80,91.275,High
39,36 - 45,M,$80K - $120K,Rs66L - Rs1Cr,Mid Income,9959,8505,86,98.89534884,High
46,46 - 55,F,Less than $40K,<Rs33L,Low Income,2069,7307,82,89.1097561,High
43,36 - 45,F,Less than $40K,<Rs33L,Low Income,11362,7849,88,89.19318182,High
53,46 - 55,M,$120K +,Rs1Cr +,High Income,34516,7919,85,93.16470588,High
44,36 - 45,M,$60K - $80K,Rs50L - Rs66L,Mid Income,20001,8094,96,84.3125,High
48,46 - 55,M,$40K - $60K,Rs33L - Rs50L,Low Income,8786,8575,92,93.20652174,High
41,36 - 45,M,$80K - $120K,Rs66L - Rs1Cr,Mid Income,7142,7892,83,95.08433735,High
45,36 - 45,F,Less than $40K,<Rs33L,Low Income,4477,4996,55,90.83636364,High
41,36 - 45,F,$40K - $60K,Rs33L - Rs50L,Low Income,5357,7730,97,79.69072165,High
51,46 - 55,M,$80K - $120K,Rs66L - Rs1Cr,Mid Income,34516,7686,89,86.35955056,High
44,36 - 45,M,$80K - $120K,Rs66L - Rs1Cr,Mid Income,2367,4506,59,76.37288136,High
39,36 - 45,M,$60K - $80K,Rs50L - Rs66L,Mid Income,23402,7570,98,77.24489796,High
40,36 - 45,M,Less than $40K,<Rs33L,Low Income,4587,7479,83,90.10843373,High
41,36 - 45,M,$120K +,Rs1Cr +,High Income,6565,7729,97,79.68041237,High
46,46 - 55,F,Unknown,Unknown,Unknown,6030,4983,62,80.37096774,High
50,46 - 55,M,$120K +,Rs1Cr +,High Income,6982,4830,50,96.6,High
50,46 - 55,M,Less than $40K,<Rs33L,Low Income,5128,7588,98,77.42857143,High
48,46 - 55,M,$60K - $80K,Rs50L - Rs66L,Mid Income,9405,4801,47,102.1489362,High
49,46 - 55,M,$80K - $120K,Rs66L - Rs1Cr,Mid Income,34516,7734,74,104.5135135,High
49,46 - 55,M,$120K +,Rs1Cr +,High Income,14646,8160,92,88.69565217,High
41,36 - 45,M,$80K - $120K,Rs66L - Rs1Cr,Mid Income,12578,8362,82,101.9756098,High
36,36 - 45,F,$40K - $60K,Rs33L - Rs50L,Low Income,4370,7223,90,80.25555556,High
52,46 - 55,F,$40K - $60K,Rs33L - Rs50L,Low Income,3416,8254,75,110.0533333,High
42,36 - 45,M,$60K - $80K,Rs50L - Rs66L,Mid Income,6224,7612,82,92.82926829,High
49,46 - 55,F,Less than $40K,<Rs33L,Low Income,10741,8352,71,117.6338028,High
41,36 - 45,M,$60K - $80K,Rs50L - Rs66L,Mid Income,34516,4822,57,84.59649123,High
50,46 - 55,M,$120K +,Rs1Cr +,High Income,34516,7333,72,101.8472222,High
53,46 - 55,F,$40K - $60K,Rs33L - Rs50L,Low Income,6058,4754,60,79.23333333,High
49,46 - 55,M,$80K - $120K,Rs66L - Rs1Cr,Mid Income,8561,7341,79,92.92405063,High
46,46 - 55,M,$80K - $120K,Rs66L - Rs1Cr,Mid Income,9959,4859,64,75.921875,High
51,46 - 55,F,Less than $40K,<Rs33L,Low Income,7645,7710,75,102.8,High
51,46 - 55,M,$60K - $80K,Rs50L - Rs66L,Mid Income,1922,8049,76,105.9078947,High
51,46 - 55,F,Less than $40K,<Rs33L,Low Income,5625,7890,75,105.2,High
54,46 - 55,F,Less than $40K,<Rs33L,Low Income,2274,7735,74,104.527027,High
46,46 - 55,M,$120K +,Rs1Cr +,High Income,34516,7936,101,78.57425743,High
43,36 - 45,M,$40K - $60K,Rs33L - Rs50L,Low Income,9422,4633,58,79.87931034,High
48,46 - 55,F,Unknown,Unknown,Unknown,7469,8213,86,95.5,High
43,36 - 45,F,Less than $40K,<Rs33L,Low Income,3849,7930,90,88.11111111,High
41,36 - 45,M,$120K +,Rs1Cr +,High Income,34516,4734,57,83.05263158,High
49,46 - 55,M,$80K - $120K,Rs66L - Rs1Cr,Mid Income,4778,7590,74,102.5675676,High
51,46 - 55,F,Unknown,Unknown,Unknown,34516,7703,104,74.06730769,High
47,46 - 55,F,$40K - $60K,Rs33L - Rs50L,Low Income,5168,8211,80,102.6375,High
53,46 - 55,F,Less than $40K,<Rs33L,Low Income,3199,4805,59,81.44067797,High
55,46 - 55,F,Unknown,Unknown,Unknown,21046,7653,95,80.55789474,High
51,46 - 55,M,$120K +,Rs1Cr +,High Income,34516,7111,82,86.7195122,High
40,36 - 45,F,Less than $40K,<Rs33L,Low Income,6540,7919,88,89.98863636,High
60,55+,F,Less than $40K,<Rs33L,Low Income,8141,5043,53,95.1509434,High
40,36 - 45,F,Unknown,Unknown,Unknown,33441,8452,83,101.8313253,High
46,46 - 55,F,Unknown,Unknown,Unknown,5496,7985,93,85.86021505,High
42,36 - 45,F,Less than $40K,<Rs33L,Low Income,3794,7872,80,98.4,High
46,46 - 55,F,Less than $40K,<Rs33L,Low Income,5785,7950,86,92.44186047,High
51,46 - 55,F,Unknown,Unknown,Unknown,19387,7604,87,87.40229885,High
43,36 - 45,F,Unknown,Unknown,Unknown,2838,8644,87,99.35632184,High
41,36 - 45,F,Less than $40K,<Rs33L,Low Income,4086,7932,87,91.17241379,High
47,46 - 55,M,$80K - $120K,Rs66L - Rs1Cr,Mid Income,31987,7926,83,95.4939759,High
43,36 - 45,M,$40K - $60K,Rs33L - Rs50L,Low Income,9043,4638,48,96.625,High
47,46 - 55,F,Less than $40K,<Rs33L,Low Income,11128,8526,93,91.67741935,High
51,46 - 55,M,$40K - $60K,Rs33L - Rs50L,Low Income,3062,7289,75,97.18666667,High
44,36 - 45,F,$40K - $60K,Rs33L - Rs50L,Low Income,23981,7885,86,91.68604651,High
44,36 - 45,M,$80K - $120K,Rs66L - Rs1Cr,Mid Income,34516,7665,86,89.12790698,High
39,36 - 45,F,$40K - $60K,Rs33L - Rs50L,Low Income,22054,8055,82,98.23170732,High
53,46 - 55,F,Less than $40K,<Rs33L,Low Income,2199,7342,86,85.37209302,High
45,36 - 45,M,$80K - $120K,Rs66L - Rs1Cr,Mid Income,9303,7825,87,89.94252874,High
47,46 - 55,M,$120K +,Rs1Cr +,High Income,34516,7283,89,81.83146067,High
40,36 - 45,M,$40K - $60K,Rs33L - Rs50L,Low Income,7566,7570,88,86.02272727,High
50,46 - 55,F,Unknown,Unknown,Unknown,11343,8027,94,85.39361702,High
47,46 - 55,F,Unknown,Unknown,Unknown,15155,7724,79,97.7721519,High
55,46 - 55,M,$80K - $120K,Rs66L - Rs1Cr,Mid Income,10795,7855,81,96.97530864,High
44,36 - 45,F,Less than $40K,<Rs33L,Low Income,6633,8396,106,79.20754717,High
54,46 - 55,F,Unknown,Unknown,Unknown,8572,7850,94,83.5106383,High
40,36 - 45,M,$80K - $120K,Rs66L - Rs1Cr,Mid Income,34516,7635,75,101.8,High
50,46 - 55,M,$80K - $120K,Rs66L - Rs1Cr,Mid Income,34516,8186,85,96.30588235,High
49,46 - 55,M,$60K - $80K,Rs50L - Rs66L,Mid Income,14895,5147,53,97.11320755,High
49,46 - 55,F,Less than $40K,<Rs33L,Low Income,2636,7136,82,87.02439024,High
39,36 - 45,F,Less than $40K,<Rs33L,Low Income,9511,7041,95,74.11578947,High
43,36 - 45,M,$120K +,Rs1Cr +,High Income,10896,4935,58,85.0862069,High
43,36 - 45,F,Less than $40K,<Rs33L,Low Income,8401,7697,98,78.54081633,High
45,36 - 45,F,Unknown,Unknown,Unknown,12406,8113,90,90.14444444,High
47,46 - 55,F,Unknown,Unknown,Unknown,6769,4885,54,90.46296296,High
45,36 - 45,F,Less than $40K,<Rs33L,Low Income,2737,7587,80,94.8375,High
34,26 - 35,F,Unknown,Unknown,Unknown,32292,7564,76,99.52631579,High
52,46 - 55,M,$120K +,Rs1Cr +,High Income,34516,7512,81,92.74074074,High
33,26 - 35,F,Less than $40K,<Rs33L,Low Income,15987,8302,81,102.4938272,High
43,36 - 45,M,$60K - $80K,Rs50L - Rs66L,Mid Income,34516,4805,54,88.98148148,High
42,36 - 45,M,$40K - $60K,Rs33L - Rs50L,Low Income,2437,8028,77,104.2597403,High
49,46 - 55,M,$80K - $120K,Rs66L - Rs1Cr,Mid Income,4557,7333,91,80.58241758,High
55,46 - 55,M,$40K - $60K,Rs33L - Rs50L,Low Income,10949,7685,91,84.45054945,High
39,36 - 45,F,Less than $40K,<Rs33L,Low Income,10398,7702,81,95.08641975,High
40,36 - 45,F,$40K - $60K,Rs33L - Rs50L,Low Income,22361,7586,94,80.70212766,High
46,46 - 55,M,$80K - $120K,Rs66L - Rs1Cr,Mid Income,3841,8444,81,104.2469136,High
46,46 - 55,M,$80K - $120K,Rs66L - Rs1Cr,Mid Income,34516,7594,69,110.057971,High
58,55+,M,$120K +,Rs1Cr +,High Income,34516,4864,48,101.3333333,High
44,36 - 45,F,Less than $40K,<Rs33L,Low Income,10877,7974,90,88.6,High
42,36 - 45,M,$40K - $60K,Rs33L - Rs50L,Low Income,5848,8417,95,88.6,High
50,46 - 55,M,$60K - $80K,Rs50L - Rs66L,Mid Income,11552,7180,96,74.79166667,High
46,46 - 55,M,$80K - $120K,Rs66L - Rs1Cr,Mid Income,11901,7998,82,97.53658537,High
37,36 - 45,M,$80K - $120K,Rs66L - Rs1Cr,Mid Income,2273,7899,79,99.98734177,High
57,55+,F,Less than $40K,<Rs33L,Low Income,3082,7787,89,87.49438202,High
52,46 - 55,M,$40K - $60K,Rs33L - Rs50L,Low Income,9298,8427,87,96.86206897,High
62,55+,F,$40K - $60K,Rs33L - Rs50L,Low Income,4136,7739,97,79.78350515,High
45,36 - 45,M,$60K - $80K,Rs50L - Rs66L,Mid Income,12399,7855,82,95.79268293,High
57,55+,M,$80K - $120K,Rs66L - Rs1Cr,Mid Income,15030,7603,81,93.86419753,High
44,36 - 45,F,Less than $40K,<Rs33L,Low Income,6441,7123,94,75.77659574,High
42,36 - 45,F,Unknown,Unknown,Unknown,7469,8281,80,103.5125,High
40,36 - 45,F,Less than $40K,<Rs33L,Low Income,3569,7963,85,93.68235294,High
47,46 - 55,M,Less than $40K,<Rs33L,Low Income,2781,9331,93,100.3333333,High
51,46 - 55,M,$120K +,Rs1Cr +,High Income,34516,7520,79,95.18987342,High
45,36 - 45,F,Less than $40K,<Rs33L,Low Income,4174,7905,86,91.91860465,High
50,46 - 55,M,$60K - $80K,Rs50L - Rs66L,Mid Income,23223,7358,87,84.57471264,High
46,46 - 55,M,Less than $40K,<Rs33L,Low Income,6954,7510,89,84.38202247,High
47,46 - 55,F,Less than $40K,<Rs33L,Low Income,7136,7729,86,89.87209302,High
43,36 - 45,F,Less than $40K,<Rs33L,Low Income,1820,7714,91,84.76923077,High
52,46 - 55,M,$40K - $60K,Rs33L - Rs50L,Low Income,2937,8235,102,80.73529412,High
46,46 - 55,F,Less than $40K,<Rs33L,Low Income,6636,7023,86,81.6627907,High
41,36 - 45,M,$60K - $80K,Rs50L - Rs66L,Mid Income,31497,7685,92,83.5326087,High
52,46 - 55,M,$120K +,Rs1Cr +,High Income,34516,4863,56,86.83928571,High
52,46 - 55,F,Less than $40K,<Rs33L,Low Income,1959,7847,65,120.7230769,High
51,46 - 55,M,$80K - $120K,Rs66L - Rs1Cr,Mid Income,34516,4810,55,87.45454545,High
49,46 - 55,M,$60K - $80K,Rs50L - Rs66L,Mid Income,7801,7561,91,83.08791209,High
55,46 - 55,M,$120K +,Rs1Cr +,High Income,6455,8001,99,80.81818182,High
46,46 - 55,M,$40K - $60K,Rs33L - Rs50L,Low Income,11343,8313,107,77.69158879,High
43,36 - 45,M,$40K - $60K,Rs33L - Rs50L,Low Income,23981,4758,65,73.2,High
46,46 - 55,F,Less than $40K,<Rs33L,Low Income,2879,4684,56,83.64285714,High
49,46 - 55,M,$80K - $120K,Rs66L - Rs1Cr,Mid Income,7667,7886,94,83.89361702,High
41,36 - 45,M,$120K +,Rs1Cr +,High Income,34516,8202,88,93.20454545,High
37,36 - 45,M,$80K - $120K,Rs66L - Rs1Cr,Mid Income,6713,7946,85,93.48235294,High
51,46 - 55,M,$120K +,Rs1Cr +,High Income,10984,7850,85,92.35294118,High
50,46 - 55,M,$120K +,Rs1Cr +,High Income,34516,8087,86,94.03488372,High
57,55+,M,$60K - $80K,Rs50L - Rs66L,Mid Income,23058,7009,82,85.47560976,High
40,36 - 45,M,$120K +,Rs1Cr +,High Income,17606,8104,83,97.63855422,High
52,46 - 55,M,$120K +,Rs1Cr +,High Income,34516,7690,87,88.3908046,High
45,36 - 45,F,$40K - $60K,Rs33L - Rs50L,Low Income,18000,7149,86,83.12790698,High
48,46 - 55,F,Less than $40K,<Rs33L,Low Income,5550,6984,85,82.16470588,High
39,36 - 45,F,Less than $40K,<Rs33L,Low Income,1621,7400,86,86.04651163,High
49,46 - 55,F,Less than $40K,<Rs33L,Low Income,3244,7495,97,77.26804124,High
45,36 - 45,M,$40K - $60K,Rs33L - Rs50L,Low Income,5800,8202,89,92.15730337,High
43,36 - 45,F,Less than $40K,<Rs33L,Low Income,2550,8063,72,111.9861111,High
45,36 - 45,M,$60K - $80K,Rs50L - Rs66L,Mid Income,34516,7167,91,78.75824176,High
38,36 - 45,M,$120K +,Rs1Cr +,High Income,10874,4619,59,78.28813559,High
54,46 - 55,M,$80K - $120K,Rs66L - Rs1Cr,Mid Income,13769,4738,53,89.39622642,High
39,36 - 45,M,$40K - $60K,Rs33L - Rs50L,Low Income,17894,4691,63,74.46031746,High
49,46 - 55,F,Less than $40K,<Rs33L,Low Income,15016,7685,84,91.48809524,High
45,36 - 45,M,$120K +,Rs1Cr +,High Income,9036,8356,79,105.7721519,High
54,46 - 55,M,$80K - $120K,Rs66L - Rs1Cr,Mid Income,12813,7803,81,96.33333333,High
40,36 - 45,F,Less than $40K,<Rs33L,Low Income,4660,8571,84,102.0357143,High
49,46 - 55,M,$60K - $80K,Rs50L - Rs66L,Mid Income,34516,8095,81,99.9382716,High
48,46 - 55,M,$80K - $120K,Rs66L - Rs1Cr,Mid Income,13174,4890,49,99.79591837,High
43,36 - 45,M,Unknown,Unknown,Unknown,11210,7206,86,83.79069767,High
42,36 - 45,M,$120K +,Rs1Cr +,High Income,31639,7119,86,82.77906977,High
49,46 - 55,M,$120K +,Rs1Cr +,High Income,34516,7788,94,82.85106383,High
43,36 - 45,M,$120K +,Rs1Cr +,High Income,34516,7360,82,89.75609756,High
44,36 - 45,F,Less than $40K,<Rs33L,Low Income,2490,8065,88,91.64772727,High
45,36 - 45,M,$80K - $120K,Rs66L - Rs1Cr,Mid Income,26438,8029,81,99.12345679,High
38,36 - 45,F,Less than $40K,<Rs33L,Low Income,7504,7525,100,75.25,High
44,36 - 45,M,$120K +,Rs1Cr +,High Income,34516,7412,84,88.23809524,High
45,36 - 45,M,$120K +,Rs1Cr +,High Income,34516,7281,95,76.64210526,High
51,46 - 55,F,Unknown,Unknown,Unknown,15048,7592,96,79.08333333,High
41,36 - 45,M,$80K - $120K,Rs66L - Rs1Cr,Mid Income,9357,7971,84,94.89285714,High
51,46 - 55,M,$60K - $80K,Rs50L - Rs66L,Mid Income,11548,7781,72,108.0694444,High
56,55+,F,Less than $40K,<Rs33L,Low Income,8767,8066,79,102.1012658,High
42,36 - 45,M,$40K - $60K,Rs33L - Rs50L,Low Income,5306,7437,94,79.11702128,High
52,46 - 55,F,Unknown,Unknown,Unknown,3608,4907,53,92.58490566,High
49,46 - 55,F,Less than $40K,<Rs33L,Low Income,15987,7395,100,73.95,High
50,46 - 55,M,$120K +,Rs1Cr +,High Income,31782,4800,53,90.56603774,High
42,36 - 45,M,$120K +,Rs1Cr +,High Income,34516,7168,88,81.45454545,High
45,36 - 45,F,$40K - $60K,Rs33L - Rs50L,Low Income,19107,8987,89,100.9775281,High
50,46 - 55,M,$80K - $120K,Rs66L - Rs1Cr,Mid Income,34516,7223,87,83.02298851,High
41,36 - 45,M,$80K - $120K,Rs66L - Rs1Cr,Mid Income,21751,8332,102,81.68627451,High
44,36 - 45,F,Less than $40K,<Rs33L,Low Income,7926,7677,87,88.24137931,High
51,46 - 55,M,$120K +,Rs1Cr +,High Income,34516,4615,49,94.18367347,High
48,46 - 55,M,$80K - $120K,Rs66L - Rs1Cr,Mid Income,27984,8147,81,100.5802469,High
40,36 - 45,M,$60K - $80K,Rs50L - Rs66L,Mid Income,24499,7667,84,91.27380952,High
49,46 - 55,M,$80K - $120K,Rs66L - Rs1Cr,Mid Income,2221,8618,98,87.93877551,High
43,36 - 45,M,$80K - $120K,Rs66L - Rs1Cr,Mid Income,5858,7916,82,96.53658537,High
51,46 - 55,M,$80K - $120K,Rs66L - Rs1Cr,Mid Income,27318,7481,96,77.92708333,High
44,36 - 45,F,Unknown,Unknown,Unknown,9766,7605,101,75.2970297,High
59,55+,M,$60K - $80K,Rs50L - Rs66L,Mid Income,26692,8780,86,102.0930233,High
49,46 - 55,M,$60K - $80K,Rs50L - Rs66L,Mid Income,34516,7711,80,96.3875,High
38,36 - 45,M,$120K +,Rs1Cr +,High Income,14938,7385,90,82.05555556,High
52,46 - 55,M,$80K - $120K,Rs66L - Rs1Cr,Mid Income,33256,7796,97,80.37113402,High
49,46 - 55,M,$120K +,Rs1Cr +,High Income,34516,7962,99,80.42424242,High
47,46 - 55,M,$40K - $60K,Rs33L - Rs50L,Low Income,5791,7823,93,84.11827957,High
51,46 - 55,F,Unknown,Unknown,Unknown,2319,7558,85,88.91764706,High
46,46 - 55,M,$80K - $120K,Rs66L - Rs1Cr,Mid Income,17698,8056,95,84.8,High
52,46 - 55,M,$80K - $120K,Rs66L - Rs1Cr,Mid Income,34516,7707,99,77.84848485,High
57,55+,F,Less than $40K,<Rs33L,Low Income,6482,7544,101,74.69306931,High
40,36 - 45,M,$60K - $80K,Rs50L - Rs66L,Mid Income,18975,4803,65,73.89230769,High
44,36 - 45,M,$60K - $80K,Rs50L - Rs66L,Mid Income,34516,8450,90,93.88888889,High
47,46 - 55,M,$40K - $60K,Rs33L - Rs50L,Low Income,2479,8042,85,94.61176471,High
41,36 - 45,F,Less than $40K,<Rs33L,Low Income,4941,7631,91,83.85714286,High
42,36 - 45,M,$60K - $80K,Rs50L - Rs66L,Mid Income,34516,7485,90,83.16666667,High
44,36 - 45,F,Unknown,Unknown,Unknown,8230,7736,84,92.0952381,High
44,36 - 45,M,$40K - $60K,Rs33L - Rs50L,Low Income,22226,8753,97,90.2371134,High
47,46 - 55,M,$120K +,Rs1Cr +,High Income,28852,7432,90,82.57777778,High
36,36 - 45,M,$40K - $60K,Rs33L - Rs50L,Low Income,6893,4782,50,95.64,High
45,36 - 45,M,$60K - $80K,Rs50L - Rs66L,Mid Income,7653,7508,93,80.7311828,High
50,46 - 55,M,$80K - $120K,Rs66L - Rs1Cr,Mid Income,26840,7969,93,85.68817204,High
41,36 - 45,M,$60K - $80K,Rs50L - Rs66L,Mid Income,4549,8642,85,101.6705882,High
55,46 - 55,M,$120K +,Rs1Cr +,High Income,16828,4939,63,78.3968254,High
45,36 - 45,M,$40K - $60K,Rs33L - Rs50L,Low Income,6530,8904,101,88.15841584,High
40,36 - 45,F,$40K - $60K,Rs33L - Rs50L,Low Income,11642,9137,92,99.31521739,High
43,36 - 45,M,$80K - $120K,Rs66L - Rs1Cr,Mid Income,5390,7739,106,73.00943396,High
49,46 - 55,F,Less than $40K,<Rs33L,Low Income,7037,7678,93,82.55913978,High
47,46 - 55,M,Less than $40K,<Rs33L,Low Income,8390,8316,92,90.39130435,High
49,46 - 55,M,$60K - $80K,Rs50L - Rs66L,Mid Income,2122,7404,103,71.88349515,High
43,36 - 45,M,$40K - $60K,Rs33L - Rs50L,Low Income,3442,7801,74,105.4189189,High
44,36 - 45,F,Less than $40K,<Rs33L,Low Income,6680,7632,95,80.33684211,High
42,36 - 45,F,Unknown,Unknown,Unknown,34516,8657,98,88.33673469,High
44,36 - 45,F,$40K - $60K,Rs33L - Rs50L,Low Income,7244,7925,90,88.05555556,High
52,46 - 55,M,$80K - $120K,Rs66L - Rs1Cr,Mid Income,34516,7745,82,94.45121951,High
42,36 - 45,M,$60K - $80K,Rs50L - Rs66L,Mid Income,2476,4659,48,97.0625,High
40,36 - 45,F,Less than $40K,<Rs33L,Low Income,2019,8426,102,82.60784314,High
54,46 - 55,F,Less than $40K,<Rs33L,Low Income,8758,7680,89,86.29213483,High
62,55+,M,$60K - $80K,Rs50L - Rs66L,Mid Income,6103,8080,92,87.82608696,High
52,46 - 55,F,Less than $40K,<Rs33L,Low Income,2166,8215,109,75.36697248,High
50,46 - 55,F,Less than $40K,<Rs33L,Low Income,3449,8300,94,88.29787234,High
51,46 - 55,F,Less than $40K,<Rs33L,Low Income,2984,8296,91,91.16483516,High
54,46 - 55,F,Less than $40K,<Rs33L,Low Income,13432,4909,50,98.18,High
39,36 - 45,F,$40K - $60K,Rs33L - Rs50L,Low Income,10830,8814,88,100.1590909,High
50,46 - 55,M,$80K - $120K,Rs66L - Rs1Cr,Mid Income,2673,4929,54,91.27777778,High
46,46 - 55,M,$120K +,Rs1Cr +,High Income,34516,7552,87,86.8045977,High
45,36 - 45,M,$60K - $80K,Rs50L - Rs66L,Mid Income,20633,7570,91,83.18681319,High
61,55+,M,Unknown,Unknown,Unknown,9070,8440,102,82.74509804,High
51,46 - 55,M,$120K +,Rs1Cr +,High Income,11954,7345,93,78.97849462,High
50,46 - 55,M,$80K - $120K,Rs66L - Rs1Cr,Mid Income,34516,7755,84,92.32142857,High
48,46 - 55,M,$80K - $120K,Rs66L - Rs1Cr,Mid Income,4479,4520,63,71.74603175,High
50,46 - 55,M,Less than $40K,<Rs33L,Low Income,3968,12535,118,106.2288136,High
58,55+,F,Unknown,Unknown,Unknown,2599,8061,98,82.25510204,High
46,46 - 55,M,$60K - $80K,Rs50L - Rs66L,Mid Income,10074,8256,99,83.39393939,High
46,46 - 55,F,$40K - $60K,Rs33L - Rs50L,Low Income,10901,7498,90,83.31111111,High
42,36 - 45,F,Less than $40K,<Rs33L,Low Income,8325,8198,90,91.08888889,High
38,36 - 45,M,$80K - $120K,Rs66L - Rs1Cr,Mid Income,34516,8872,86,103.1627907,High
40,36 - 45,M,$120K +,Rs1Cr +,High Income,34516,6453,89,72.50561798,High
43,36 - 45,M,$80K - $120K,Rs66L - Rs1Cr,Mid Income,7196,8689,93,93.43010753,High
48,46 - 55,M,$60K - $80K,Rs50L - Rs66L,Mid Income,34516,7396,100,73.96,High
38,36 - 45,M,$80K - $120K,Rs66L - Rs1Cr,Mid Income,34516,8871,97,91.45360825,High
46,46 - 55,M,$120K +,Rs1Cr +,High Income,32926,8231,98,83.98979592,High
44,36 - 45,M,$40K - $60K,Rs33L - Rs50L,Low Income,18072,8199,98,83.66326531,High
50,46 - 55,M,$80K - $120K,Rs66L - Rs1Cr,Mid Income,24533,8436,77,109.5584416,High
39,36 - 45,M,$40K - $60K,Rs33L - Rs50L,Low Income,4874,7776,98,79.34693878,High
50,46 - 55,M,$60K - $80K,Rs50L - Rs66L,Mid Income,12889,8272,79,104.7088608,High
41,36 - 45,F,Less than $40K,<Rs33L,Low Income,7531,7768,92,84.43478261,High
49,46 - 55,F,Less than $40K,<Rs33L,Low Income,1838,7688,93,82.66666667,High
42,36 - 45,M,$80K - $120K,Rs66L - Rs1Cr,Mid Income,30117,7930,91,87.14285714,High
46,46 - 55,M,$60K - $80K,Rs50L - Rs66L,Mid Income,5131,7432,92,80.7826087,High
44,36 - 45,M,$80K - $120K,Rs66L - Rs1Cr,Mid Income,34516,7640,87,87.81609195,High
53,46 - 55,M,$80K - $120K,Rs66L - Rs1Cr,Mid Income,24262,8241,105,78.48571429,High
51,46 - 55,M,$80K - $120K,Rs66L - Rs1Cr,Mid Income,34516,7854,89,88.24719101,High
38,36 - 45,F,Less than $40K,<Rs33L,Low Income,7385,5070,50,101.4,High
50,46 - 55,M,$60K - $80K,Rs50L - Rs66L,Mid Income,20708,8503,88,96.625,High
47,46 - 55,F,Less than $40K,<Rs33L,Low Income,14057,4729,54,87.57407407,High
38,36 - 45,M,$80K - $120K,Rs66L - Rs1Cr,Mid Income,34516,9389,106,88.5754717,High
45,36 - 45,M,$60K - $80K,Rs50L - Rs66L,Mid Income,17072,8591,99,86.77777778,High
52,46 - 55,M,$80K - $120K,Rs66L - Rs1Cr,Mid Income,25737,7722,94,82.14893617,High
44,36 - 45,F,Less than $40K,<Rs33L,Low Income,2211,7527,88,85.53409091,High
35,26 - 35,F,Unknown,Unknown,Unknown,16950,7821,97,80.62886598,High
44,36 - 45,M,$60K - $80K,Rs50L - Rs66L,Mid Income,15043,7234,83,87.15662651,High
40,36 - 45,M,$80K - $120K,Rs66L - Rs1Cr,Mid Income,29338,4983,40,124.575,High
57,55+,M,$120K +,Rs1Cr +,High Income,25808,7794,94,82.91489362,High
43,36 - 45,F,Less than $40K,<Rs33L,Low Income,2248,7739,101,76.62376238,High
45,36 - 45,F,$40K - $60K,Rs33L - Rs50L,Low Income,3670,8608,100,86.08,High
44,36 - 45,F,Less than $40K,<Rs33L,Low Income,8861,8387,102,82.2254902,High
47,46 - 55,M,$120K +,Rs1Cr +,High Income,34516,8212,100,82.12,High
50,46 - 55,M,$60K - $80K,Rs50L - Rs66L,Mid Income,8014,6950,84,82.73809524,High
44,36 - 45,F,Less than $40K,<Rs33L,Low Income,2771,8268,73,113.260274,High
51,46 - 55,M,$120K +,Rs1Cr +,High Income,34516,8652,98,88.28571429,High
45,36 - 45,F,Unknown,Unknown,Unknown,8383,5460,63,86.66666667,High
44,36 - 45,F,Less than $40K,<Rs33L,Low Income,15365,7890,91,86.7032967,High
48,46 - 55,F,Less than $40K,<Rs33L,Low Income,2913,4955,56,88.48214286,High
40,36 - 45,F,Less than $40K,<Rs33L,Low Income,4748,7288,88,82.81818182,High
50,46 - 55,M,$80K - $120K,Rs66L - Rs1Cr,Mid Income,34516,7745,83,93.31325301,High
38,36 - 45,F,Less than $40K,<Rs33L,Low Income,2609,8677,96,90.38541667,High
43,36 - 45,F,$40K - $60K,Rs33L - Rs50L,Low Income,11508,5242,74,70.83783784,High
45,36 - 45,F,Less than $40K,<Rs33L,Low Income,2396,7480,84,89.04761905,High
49,46 - 55,M,$120K +,Rs1Cr +,High Income,18991,7716,83,92.96385542,High
44,36 - 45,M,$80K - $120K,Rs66L - Rs1Cr,Mid Income,10908,4883,42,116.2619048,High
53,46 - 55,M,$40K - $60K,Rs33L - Rs50L,Low Income,14627,7766,82,94.70731707,High
46,46 - 55,M,$40K - $60K,Rs33L - Rs50L,Low Income,2219,8686,91,95.45054945,High
56,55+,M,$80K - $120K,Rs66L - Rs1Cr,Mid Income,25736,7209,91,79.21978022,High
63,55+,M,$60K - $80K,Rs50L - Rs66L,Mid Income,7997,7747,104,74.49038462,High
40,36 - 45,M,$40K - $60K,Rs33L - Rs50L,Low Income,2849,8669,99,87.56565657,High
45,36 - 45,M,$80K - $120K,Rs66L - Rs1Cr,Mid Income,29227,8420,100,84.2,High
52,46 - 55,M,$120K +,Rs1Cr +,High Income,34516,8604,108,79.66666667,High
50,46 - 55,M,$40K - $60K,Rs33L - Rs50L,Low Income,12458,8752,95,92.12631579,High
62,55+,M,$60K - $80K,Rs50L - Rs66L,Mid Income,7547,5294,73,72.52054795,High
44,36 - 45,M,$120K +,Rs1Cr +,High Income,34516,5425,60,90.41666667,High
45,36 - 45,F,Less than $40K,<Rs33L,Low Income,10677,8637,94,91.88297872,High
53,46 - 55,M,$80K - $120K,Rs66L - Rs1Cr,Mid Income,2340,8851,88,100.5795455,High
38,36 - 45,F,$40K - $60K,Rs33L - Rs50L,Low Income,23981,7872,103,76.42718447,High
44,36 - 45,F,$40K - $60K,Rs33L - Rs50L,Low Income,6329,8514,109,78.11009174,High
42,36 - 45,M,$40K - $60K,Rs33L - Rs50L,Low Income,4960,8218,88,93.38636364,High
44,36 - 45,M,$60K - $80K,Rs50L - Rs66L,Mid Income,34516,7491,86,87.10465116,High
55,46 - 55,F,Less than $40K,<Rs33L,Low Income,15987,7345,98,74.94897959,High
52,46 - 55,F,Less than $40K,<Rs33L,Low Income,3244,8087,95,85.12631579,High
48,46 - 55,M,$60K - $80K,Rs50L - Rs66L,Mid Income,7298,7973,88,90.60227273,High
48,46 - 55,M,$80K - $120K,Rs66L - Rs1Cr,Mid Income,28307,9042,122,74.1147541,High
47,46 - 55,M,$40K - $60K,Rs33L - Rs50L,Low Income,2430,8444,100,84.44,High
49,46 - 55,M,$120K +,Rs1Cr +,High Income,7650,8609,109,78.98165138,High
47,46 - 55,F,$40K - $60K,Rs33L - Rs50L,Low Income,6443,9277,92,100.8369565,High
47,46 - 55,M,$80K - $120K,Rs66L - Rs1Cr,Mid Income,13356,8963,105,85.36190476,High
56,55+,M,$120K +,Rs1Cr +,High Income,4675,8037,100,80.37,High
61,55+,M,$40K - $60K,Rs33L - Rs50L,Low Income,2177,7037,82,85.81707317,High
45,36 - 45,M,$120K +,Rs1Cr +,High Income,34516,8007,96,83.40625,High
49,46 - 55,F,Less than $40K,<Rs33L,Low Income,2821,8220,103,79.80582524,High
44,36 - 45,F,Less than $40K,<Rs33L,Low Income,6769,7986,88,90.75,High
50,46 - 55,M,$80K - $120K,Rs66L - Rs1Cr,Mid Income,34516,5547,75,73.96,High
51,46 - 55,M,$120K +,Rs1Cr +,High Income,30172,8879,101,87.91089109,High
44,36 - 45,F,Less than $40K,<Rs33L,Low Income,7742,9081,100,90.81,High
46,46 - 55,M,$80K - $120K,Rs66L - Rs1Cr,Mid Income,11814,9185,100,91.85,High
41,36 - 45,M,$80K - $120K,Rs66L - Rs1Cr,Mid Income,28687,7523,90,83.58888889,High
51,46 - 55,M,$60K - $80K,Rs50L - Rs66L,Mid Income,25653,8305,103,80.63106796,High
52,46 - 55,F,$40K - $60K,Rs33L - Rs50L,Low Income,4705,8226,97,84.80412371,High
39,36 - 45,M,$80K - $120K,Rs66L - Rs1Cr,Mid Income,19150,8327,85,97.96470588,High
38,36 - 45,M,$60K - $80K,Rs50L - Rs66L,Mid Income,34516,7885,85,92.76470588,High
51,46 - 55,M,$80K - $120K,Rs66L - Rs1Cr,Mid Income,11765,8914,99,90.04040404,High
41,36 - 45,M,$80K - $120K,Rs66L - Rs1Cr,Mid Income,16627,7996,99,80.76767677,High
43,36 - 45,M,$60K - $80K,Rs50L - Rs66L,Mid Income,13553,8751,94,93.09574468,High
40,36 - 45,M,$60K - $80K,Rs50L - Rs66L,Mid Income,11476,8110,113,71.7699115,High
58,55+,M,$80K - $120K,Rs66L - Rs1Cr,Mid Income,5182,7960,112,71.07142857,High
44,36 - 45,M,$60K - $80K,Rs50L - Rs66L,Mid Income,23026,4909,52,94.40384615,High
48,46 - 55,M,$60K - $80K,Rs50L - Rs66L,Mid Income,18477,8695,95,91.52631579,High
49,46 - 55,M,$80K - $120K,Rs66L - Rs1Cr,Mid Income,29890,3315,47,70.53191489,High
48,46 - 55,M,$60K - $80K,Rs50L - Rs66L,Mid Income,8290,8980,93,96.55913978,High
44,36 - 45,M,$40K - $60K,Rs33L - Rs50L,Low Income,16199,8150,106,76.88679245,High
54,46 - 55,F,Unknown,Unknown,Unknown,3723,8554,99,86.4040404,High
45,36 - 45,M,Less than $40K,<Rs33L,Low Income,12695,8328,94,88.59574468,High
54,46 - 55,F,Unknown,Unknown,Unknown,34516,3901,54,72.24074074,High
46,46 - 55,M,$60K - $80K,Rs50L - Rs66L,Mid Income,30379,9059,100,90.59,High
37,36 - 45,F,$40K - $60K,Rs33L - Rs50L,Low Income,9875,8920,105,84.95238095,High
41,36 - 45,M,$60K - $80K,Rs50L - Rs66L,Mid Income,34516,8888,104,85.46153846,High
43,36 - 45,M,$60K - $80K,Rs50L - Rs66L,Mid Income,2600,8804,111,79.31531532,High
39,36 - 45,M,$80K - $120K,Rs66L - Rs1Cr,Mid Income,34516,9179,113,81.2300885,High
61,55+,M,$60K - $80K,Rs50L - Rs66L,Mid Income,12218,5272,62,85.03225806,High
51,46 - 55,M,$80K - $120K,Rs66L - Rs1Cr,Mid Income,34516,8736,97,90.06185567,High
48,46 - 55,F,$40K - $60K,Rs33L - Rs50L,Low Income,21754,9105,104,87.54807692,High
46,46 - 55,M,$60K - $80K,Rs50L - Rs66L,Mid Income,8396,8329,101,82.46534653,High
39,36 - 45,F,Less than $40K,<Rs33L,Low Income,15987,8438,92,91.7173913,High
55,46 - 55,F,Less than $40K,<Rs33L,Low Income,12094,8285,106,78.16037736,High
44,36 - 45,M,$60K - $80K,Rs50L - Rs66L,Mid Income,2946,8553,88,97.19318182,High
48,46 - 55,M,$40K - $60K,Rs33L - Rs50L,Low Income,17812,8379,106,79.04716981,High
46,46 - 55,F,$40K - $60K,Rs33L - Rs50L,Low Income,13743,9406,106,88.73584906,High
39,36 - 45,F,$40K - $60K,Rs33L - Rs50L,Low Income,23981,8646,97,89.13402062,High
45,36 - 45,F,$40K - $60K,Rs33L - Rs50L,Low Income,15785,8097,105,77.11428571,High
43,36 - 45,F,Less than $40K,<Rs33L,Low Income,3015,5372,75,71.62666667,High
40,36 - 45,F,$40K - $60K,Rs33L - Rs50L,Low Income,19000,8443,97,87.04123711,High
49,46 - 55,M,$120K +,Rs1Cr +,High Income,11714,5366,68,78.91176471,High
39,36 - 45,F,$40K - $60K,Rs33L - Rs50L,Low Income,11135,8777,112,78.36607143,High
47,46 - 55,M,$60K - $80K,Rs50L - Rs66L,Mid Income,34516,8582,106,80.96226415,High
42,36 - 45,M,$80K - $120K,Rs66L - Rs1Cr,Mid Income,34516,8502,103,82.54368932,High
44,36 - 45,F,Less than $40K,<Rs33L,Low Income,13259,8998,102,88.21568627,High
47,46 - 55,M,$80K - $120K,Rs66L - Rs1Cr,Mid Income,5660,7867,100,78.67,High
63,55+,M,$60K - $80K,Rs50L - Rs66L,Mid Income,23355,8634,95,90.88421053,High
49,46 - 55,M,$80K - $120K,Rs66L - Rs1Cr,Mid Income,20734,8888,103,86.29126214,High
43,36 - 45,F,$40K - $60K,Rs33L - Rs50L,Low Income,2476,8785,111,79.14414414,High
55,46 - 55,M,$120K +,Rs1Cr +,High Income,34516,8765,105,83.47619048,High
46,46 - 55,F,Less than $40K,<Rs33L,Low Income,7552,5537,63,87.88888889,High
42,36 - 45,M,Less than $40K,<Rs33L,Low Income,14630,8217,99,83,High
43,36 - 45,M,$40K - $60K,Rs33L - Rs50L,Low Income,6080,4866,56,86.89285714,High
51,46 - 55,M,$80K - $120K,Rs66L - Rs1Cr,Mid Income,28605,5524,67,82.44776119,High
49,46 - 55,M,$80K - $120K,Rs66L - Rs1Cr,Mid Income,2886,5481,58,94.5,High
51,46 - 55,F,Unknown,Unknown,Unknown,34516,5418,65,83.35384615,High
31,26 - 35,F,Less than $40K,<Rs33L,Low Income,10850,13794,127,108.6141732,High
43,36 - 45,M,$80K - $120K,Rs66L - Rs1Cr,Mid Income,24244,8074,84,96.11904762,High
59,55+,M,$60K - $80K,Rs50L - Rs66L,Mid Income,17218,7971,97,82.17525773,High
41,36 - 45,F,Unknown,Unknown,Unknown,14746,14771,127,116.3070866,High
53,46 - 55,M,$120K +,Rs1Cr +,High Income,34516,8938,114,78.40350877,High
39,36 - 45,M,$80K - $120K,Rs66L - Rs1Cr,Mid Income,34458,8271,94,87.9893617,High
57,55+,M,$120K +,Rs1Cr +,High Income,34516,8596,102,84.2745098,High
60,55+,M,$40K - $60K,Rs33L - Rs50L,Low Income,9369,7699,101,76.22772277,High
51,46 - 55,M,$80K - $120K,Rs66L - Rs1Cr,Mid Income,22741,8438,100,84.38,High
46,46 - 55,F,$40K - $60K,Rs33L - Rs50L,Low Income,9110,5290,69,76.66666667,High
45,36 - 45,M,$60K - $80K,Rs50L - Rs66L,Mid Income,34516,8773,105,83.55238095,High
41,36 - 45,M,$60K - $80K,Rs50L - Rs66L,Mid Income,17277,8838,97,91.11340206,High
56,55+,M,$120K +,Rs1Cr +,High Income,34516,8766,78,112.3846154,High
39,36 - 45,F,Unknown,Unknown,Unknown,33565,8360,94,88.93617021,High
49,46 - 55,F,$40K - $60K,Rs33L - Rs50L,Low Income,20176,8255,86,95.98837209,High
45,36 - 45,M,$40K - $60K,Rs33L - Rs50L,Low Income,3751,9497,106,89.59433962,High
47,46 - 55,F,Less than $40K,<Rs33L,Low Income,2519,8852,95,93.17894737,High
50,46 - 55,M,$40K - $60K,Rs33L - Rs50L,Low Income,13067,5468,71,77.01408451,High
45,36 - 45,F,$40K - $60K,Rs33L - Rs50L,Low Income,3399,5529,78,70.88461538,High
45,36 - 45,M,$40K - $60K,Rs33L - Rs50L,Low Income,11529,8135,97,83.86597938,High
40,36 - 45,F,Less than $40K,<Rs33L,Low Income,8694,9523,105,90.6952381,High
52,46 - 55,F,Less than $40K,<Rs33L,Low Income,6616,9065,85,106.6470588,High
51,46 - 55,M,$40K - $60K,Rs33L - Rs50L,Low Income,11467,14373,97,148.1752577,High
44,36 - 45,M,$80K - $120K,Rs66L - Rs1Cr,Mid Income,15821,8927,103,86.66990291,High
56,55+,F,Unknown,Unknown,Unknown,34516,8416,93,90.49462366,High
30,26 - 35,M,$60K - $80K,Rs50L - Rs66L,Mid Income,15795,13173,96,137.21875,High
62,55+,F,Less than $40K,<Rs33L,Low Income,3109,5470,72,75.97222222,High
47,46 - 55,F,Less than $40K,<Rs33L,Low Income,8837,8210,100,82.1,High
42,36 - 45,F,Less than $40K,<Rs33L,Low Income,6551,13363,99,134.979798,High
52,46 - 55,F,$40K - $60K,Rs33L - Rs50L,Low Income,2540,9339,99,94.33333333,High
46,46 - 55,F,Unknown,Unknown,Unknown,8110,8033,94,85.45744681,High
54,46 - 55,F,Unknown,Unknown,Unknown,6146,12956,97,133.5670103,High
58,55+,M,$60K - $80K,Rs50L - Rs66L,Mid Income,2236,2562,38,67.42105263,High
34,26 - 35,M,$80K - $120K,Rs66L - Rs1Cr,Mid Income,3711,3922,51,76.90196078,High
43,36 - 45,F,Less than $40K,<Rs33L,Low Income,2082,3423,48,71.3125,High
49,46 - 55,M,$80K - $120K,Rs66L - Rs1Cr,Mid Income,9959,15139,90,168.2111111,High
55,46 - 55,M,$60K - $80K,Rs50L - Rs66L,Mid Income,18980,8295,113,73.40707965,High
47,46 - 55,F,$40K - $60K,Rs33L - Rs50L,Low Income,15472,14132,103,137.2038835,High
50,46 - 55,F,Unknown,Unknown,Unknown,21498,13015,104,125.1442308,High
41,36 - 45,F,$40K - $60K,Rs33L - Rs50L,Low Income,2667,4399,54,81.46296296,High
44,36 - 45,F,Less than $40K,<Rs33L,Low Income,4291,15511,101,153.5742574,High
39,36 - 45,M,$60K - $80K,Rs50L - Rs66L,Mid Income,3879,7786,81,96.12345679,High
43,36 - 45,M,$60K - $80K,Rs50L - Rs66L,Mid Income,12773,14833,114,130.1140351,High
32,26 - 35,M,$60K - $80K,Rs50L - Rs66L,Mid Income,6224,13630,124,109.9193548,High
40,36 - 45,M,$60K - $80K,Rs50L - Rs66L,Mid Income,9594,14213,100,142.13,High
49,46 - 55,M,Less than $40K,<Rs33L,Low Income,12518,14276,96,148.7083333,High
56,55+,F,Less than $40K,<Rs33L,Low Income,2783,3967,42,94.45238095,High
60,55+,F,Less than $40K,<Rs33L,Low Income,3773,14264,118,120.8813559,High
41,36 - 45,F,$40K - $60K,Rs33L - Rs50L,Low Income,19281,15423,110,140.2090909,High
43,36 - 45,F,Less than $40K,<Rs33L,Low Income,14806,4804,57,84.28070175,High
32,26 - 35,M,$40K - $60K,Rs33L - Rs50L,Low Income,7473,13400,104,128.8461538,High
47,46 - 55,F,Less than $40K,<Rs33L,Low Income,3108,14965,127,117.8346457,High
46,46 - 55,M,$80K - $120K,Rs66L - Rs1Cr,Mid Income,34516,12871,104,123.7596154,High
41,36 - 45,M,$120K +,Rs1Cr +,High Income,27742,8646,85,101.7176471,High
51,46 - 55,F,Less than $40K,<Rs33L,Low Income,14563,6408,70,91.54285714,High
58,55+,M,$80K - $120K,Rs66L - Rs1Cr,Mid Income,10286,8199,59,138.9661017,High
48,46 - 55,F,Unknown,Unknown,Unknown,7791,13945,107,130.3271028,High
53,46 - 55,F,Less than $40K,<Rs33L,Low Income,3733,15200,118,128.8135593,High
52,46 - 55,M,$80K - $120K,Rs66L - Rs1Cr,Mid Income,34516,11603,109,106.4495413,High
45,36 - 45,F,Less than $40K,<Rs33L,Low Income,14416,13820,99,139.5959596,High
41,36 - 45,M,$120K +,Rs1Cr +,High Income,34516,5603,56,100.0535714,High
37,36 - 45,F,Less than $40K,<Rs33L,Low Income,12033,12603,106,118.8962264,High
44,36 - 45,M,$60K - $80K,Rs50L - Rs66L,Mid Income,34516,12478,97,128.6391753,High
49,46 - 55,F,Less than $40K,<Rs33L,Low Income,3243,6059,71,85.33802817,High
32,26 - 35,F,Less than $40K,<Rs33L,Low Income,9761,14334,97,147.7731959,High
36,36 - 45,F,Less than $40K,<Rs33L,Low Income,5723,12403,120,103.3583333,High
47,46 - 55,F,Less than $40K,<Rs33L,Low Income,9947,14576,110,132.5090909,High
49,46 - 55,M,$60K - $80K,Rs50L - Rs66L,Mid Income,3599,13324,110,121.1272727,High
58,55+,M,$120K +,Rs1Cr +,High Income,12648,14465,125,115.72,High
45,36 - 45,M,$40K - $60K,Rs33L - Rs50L,Low Income,4572,3555,42,84.64285714,High
53,46 - 55,F,Less than $40K,<Rs33L,Low Income,4021,14567,120,121.3916667,High
45,36 - 45,M,$80K - $120K,Rs66L - Rs1Cr,Mid Income,25601,12896,100,128.96,High
44,36 - 45,M,$80K - $120K,Rs66L - Rs1Cr,Mid Income,25428,13360,97,137.7319588,High
54,46 - 55,M,$40K - $60K,Rs33L - Rs50L,Low Income,4216,13787,121,113.9421488,High
38,36 - 45,F,$40K - $60K,Rs33L - Rs50L,Low Income,3140,13677,122,112.1065574,High
46,46 - 55,M,$60K - $80K,Rs50L - Rs66L,Mid Income,21161,13119,104,126.1442308,High
41,36 - 45,F,Unknown,Unknown,Unknown,5877,15106,91,166,High
48,46 - 55,F,$40K - $60K,Rs33L - Rs50L,Low Income,9074,14084,110,128.0363636,High
53,46 - 55,M,$60K - $80K,Rs50L - Rs66L,Mid Income,4142,15078,117,128.8717949,High
39,36 - 45,M,$40K - $60K,Rs33L - Rs50L,Low Income,3152,13670,117,116.8376068,High
48,46 - 55,F,Less than $40K,<Rs33L,Low Income,15987,7681,71,108.1830986,High
41,36 - 45,M,$40K - $60K,Rs33L - Rs50L,Low Income,8919,13719,96,142.90625,High
54,46 - 55,F,Unknown,Unknown,Unknown,24927,14603,113,129.2300885,High
49,46 - 55,M,$40K - $60K,Rs33L - Rs50L,Low Income,3308,15019,101,148.7029703,High
61,55+,M,$60K - $80K,Rs50L - Rs66L,Mid Income,6157,4041,65,62.16923077,High
41,36 - 45,M,$60K - $80K,Rs50L - Rs66L,Mid Income,33889,14954,112,133.5178571,High
52,46 - 55,M,$120K +,Rs1Cr +,High Income,33552,14490,98,147.8571429,High
44,36 - 45,M,$120K +,Rs1Cr +,High Income,34516,14242,107,133.1028037,High
33,26 - 35,F,$40K - $60K,Rs33L - Rs50L,Low Income,19594,12429,111,111.972973,High
37,36 - 45,M,$60K - $80K,Rs50L - Rs66L,Mid Income,7349,13970,109,128.1651376,High
52,46 - 55,F,$40K - $60K,Rs33L - Rs50L,Low Income,14803,14426,87,165.816092,High
51,46 - 55,F,Less than $40K,<Rs33L,Low Income,3536,3281,39,84.12820513,High
43,36 - 45,M,$80K - $120K,Rs66L - Rs1Cr,Mid Income,19333,7847,63,124.5555556,High
54,46 - 55,F,Less than $40K,<Rs33L,Low Income,11605,12592,117,107.6239316,High
31,26 - 35,F,Less than $40K,<Rs33L,Low Income,3329,13109,114,114.9912281,High
40,36 - 45,F,Less than $40K,<Rs33L,Low Income,3961,12631,100,126.31,High
49,46 - 55,F,Less than $40K,<Rs33L,Low Income,5975,13090,102,128.3333333,High
60,55+,M,$40K - $60K,Rs33L - Rs50L,Low Income,3735,8193,66,124.1363636,High
62,55+,F,Less than $40K,<Rs33L,Low Income,5780,6613,40,165.325,High
44,36 - 45,M,$80K - $120K,Rs66L - Rs1Cr,Mid Income,19141,15203,114,133.3596491,High
43,36 - 45,F,Less than $40K,<Rs33L,Low Income,3461,13179,122,108.0245902,High
56,55+,M,$80K - $120K,Rs66L - Rs1Cr,Mid Income,29394,14901,92,161.9673913,High
35,26 - 35,M,$80K - $120K,Rs66L - Rs1Cr,Mid Income,24250,12593,99,127.2020202,High
40,36 - 45,F,$40K - $60K,Rs33L - Rs50L,Low Income,16191,13452,107,125.7196262,High
52,46 - 55,M,$60K - $80K,Rs50L - Rs66L,Mid Income,7261,14533,108,134.5648148,High
29,26 - 35,M,$40K - $60K,Rs33L - Rs50L,Low Income,4023,12510,96,130.3125,High
52,46 - 55,M,$60K - $80K,Rs50L - Rs66L,Mid Income,3764,6574,69,95.27536232,High
49,46 - 55,F,Less than $40K,<Rs33L,Low Income,3767,15578,126,123.6349206,High
37,36 - 45,M,$60K - $80K,Rs50L - Rs66L,Mid Income,6407,9322,77,121.0649351,High
47,46 - 55,F,$40K - $60K,Rs33L - Rs50L,Low Income,5822,3240,38,85.26315789,High
32,26 - 35,M,$60K - $80K,Rs50L - Rs66L,Mid Income,33711,14880,134,111.0447761,High
44,36 - 45,F,Unknown,Unknown,Unknown,31699,13653,113,120.8230088,High
47,46 - 55,M,$80K - $120K,Rs66L - Rs1Cr,Mid Income,3429,14107,99,142.4949495,High
45,36 - 45,M,$120K +,Rs1Cr +,High Income,8858,14223,103,138.0873786,High
46,46 - 55,M,$60K - $80K,Rs50L - Rs66L,Mid Income,7064,13791,103,133.8932039,High
34,26 - 35,F,Less than $40K,<Rs33L,Low Income,15487,7031,67,104.9402985,High
39,36 - 45,F,Less than $40K,<Rs33L,Low Income,3600,14137,116,121.8706897,High
46,46 - 55,M,$120K +,Rs1Cr +,High Income,34516,14319,96,149.15625,High
50,46 - 55,M,$80K - $120K,Rs66L - Rs1Cr,Mid Income,34516,8045,71,113.3098592,High
45,36 - 45,F,Less than $40K,<Rs33L,Low Income,2490,12257,101,121.3564356,High
56,55+,M,$80K - $120K,Rs66L - Rs1Cr,Mid Income,33870,7661,61,125.5901639,High
50,46 - 55,M,$120K +,Rs1Cr +,High Income,34516,7454,81,92.02469136,High
30,26 - 35,M,$60K - $80K,Rs50L - Rs66L,Mid Income,23760,13124,103,127.4174757,High
53,46 - 55,F,Less than $40K,<Rs33L,Low Income,4005,7022,75,93.62666667,High
60,55+,M,$80K - $120K,Rs66L - Rs1Cr,Mid Income,29239,8169,65,125.6769231,High
41,36 - 45,M,$80K - $120K,Rs66L - Rs1Cr,Mid Income,34516,3526,53,66.52830189,High
42,36 - 45,F,Less than $40K,<Rs33L,Low Income,3391,13212,107,123.4766355,High
31,26 - 35,F,Less than $40K,<Rs33L,Low Income,4598,6317,77,82.03896104,High
51,46 - 55,M,$80K - $120K,Rs66L - Rs1Cr,Mid Income,34516,8629,65,132.7538462,High
45,36 - 45,M,$80K - $120K,Rs66L - Rs1Cr,Mid Income,3435,5567,51,109.1568627,High
55,46 - 55,M,$60K - $80K,Rs50L - Rs66L,Mid Income,17540,14244,96,148.375,High
51,46 - 55,M,$80K - $120K,Rs66L - Rs1Cr,Mid Income,31346,13303,92,144.5978261,High
28,26 - 35,M,Less than $40K,<Rs33L,Low Income,4342,17064,116,147.1034483,High
44,36 - 45,F,Less than $40K,<Rs33L,Low Income,3842,13598,119,114.2689076,High
51,46 - 55,F,$40K - $60K,Rs33L - Rs50L,Low Income,3785,15209,104,146.2403846,High
48,46 - 55,M,Less than $40K,<Rs33L,Low Income,6797,16171,112,144.3839286,High
44,36 - 45,M,$60K - $80K,Rs50L - Rs66L,Mid Income,9682,14991,95,157.8,High
40,36 - 45,F,Less than $40K,<Rs33L,Low Income,3319,4840,44,110,High
34,26 - 35,M,Less than $40K,<Rs33L,Low Income,7664,15077,126,119.6587302,High
47,46 - 55,M,$60K - $80K,Rs50L - Rs66L,Mid Income,30498,16202,120,135.0166667,High
50,46 - 55,F,Unknown,Unknown,Unknown,19962,14703,119,123.5546218,High
61,55+,M,$80K - $120K,Rs66L - Rs1Cr,Mid Income,21398,3119,53,58.8490566,High
56,55+,F,Less than $40K,<Rs33L,Low Income,4746,7154,66,108.3939394,High
46,46 - 55,M,$80K - $120K,Rs66L - Rs1Cr,Mid Income,20434,13280,106,125.2830189,High
49,46 - 55,M,$60K - $80K,Rs50L - Rs66L,Mid Income,29531,15039,120,125.325,High
56,55+,M,$120K +,Rs1Cr +,High Income,3730,13997,102,137.2254902,High
41,36 - 45,M,$40K - $60K,Rs33L - Rs50L,Low Income,10688,13866,98,141.4897959,High
56,55+,F,Less than $40K,<Rs33L,Low Income,4668,8331,63,132.2380952,High
35,26 - 35,M,$40K - $60K,Rs33L - Rs50L,Low Income,22725,13847,120,115.3916667,High
40,36 - 45,M,$40K - $60K,Rs33L - Rs50L,Low Income,8155,14955,102,146.6176471,High
41,36 - 45,F,$40K - $60K,Rs33L - Rs50L,Low Income,18266,14615,124,117.8629032,High
46,46 - 55,M,$80K - $120K,Rs66L - Rs1Cr,Mid Income,10492,13764,104,132.3461538,High
56,55+,F,$40K - $60K,Rs33L - Rs50L,Low Income,6380,13945,97,143.7628866,High
37,36 - 45,F,$40K - $60K,Rs33L - Rs50L,Low Income,19055,15091,124,121.7016129,High
51,46 - 55,M,$120K +,Rs1Cr +,High Income,3477,13627,120,113.5583333,High
36,36 - 45,F,Less than $40K,<Rs33L,Low Income,3277,14252,127,112.2204724,High
49,46 - 55,M,$120K +,Rs1Cr +,High Income,34516,13376,129,103.6899225,High
35,26 - 35,F,Less than $40K,<Rs33L,Low Income,3616,15391,94,163.7340426,High
46,46 - 55,F,Less than $40K,<Rs33L,Low Income,3973,13740,131,104.8854962,High
45,36 - 45,F,$40K - $60K,Rs33L - Rs50L,Low Income,4318,12867,118,109.0423729,High
48,46 - 55,F,Unknown,Unknown,Unknown,7660,14844,100,148.44,High
46,46 - 55,F,Unknown,Unknown,Unknown,3515,15079,116,129.9913793,High
36,36 - 45,F,Less than $40K,<Rs33L,Low Income,13313,15549,121,128.5041322,High
30,26 - 35,F,Less than $40K,<Rs33L,Low Income,4541,7996,80,99.95,High
49,46 - 55,F,Less than $40K,<Rs33L,Low Income,8284,13092,102,128.3529412,High
31,26 - 35,M,Less than $40K,<Rs33L,Low Income,3768,6639,71,93.50704225,High
35,26 - 35,M,$40K - $60K,Rs33L - Rs50L,Low Income,14382,12941,131,98.78625954,High
54,46 - 55,F,Unknown,Unknown,Unknown,10798,13681,105,130.2952381,High
49,46 - 55,M,$40K - $60K,Rs33L - Rs50L,Low Income,23981,14455,96,150.5729167,High
40,36 - 45,M,$60K - $80K,Rs50L - Rs66L,Mid Income,22729,13672,110,124.2909091,High
41,36 - 45,F,Unknown,Unknown,Unknown,27670,13854,124,111.7258065,High
37,36 - 45,F,Less than $40K,<Rs33L,Low Income,3423,14308,124,115.3870968,High
46,46 - 55,F,Unknown,Unknown,Unknown,33874,13753,98,140.3367347,High
61,55+,F,Less than $40K,<Rs33L,Low Income,3175,14071,101,139.3168317,High
45,36 - 45,M,$40K - $60K,Rs33L - Rs50L,Low Income,7979,5056,63,80.25396825,High
41,36 - 45,M,$80K - $120K,Rs66L - Rs1Cr,Mid Income,13679,15180,103,147.3786408,High
47,46 - 55,F,Less than $40K,<Rs33L,Low Income,14767,13090,104,125.8653846,High
44,36 - 45,M,$80K - $120K,Rs66L - Rs1Cr,Mid Income,34516,8570,68,126.0294118,High
61,55+,M,$120K +,Rs1Cr +,High Income,4650,7976,74,107.7837838,High
45,36 - 45,F,$40K - $60K,Rs33L - Rs50L,Low Income,3592,12777,95,134.4947368,High
31,26 - 35,M,$60K - $80K,Rs50L - Rs66L,Mid Income,32535,15738,116,135.6724138,High
42,36 - 45,M,$120K +,Rs1Cr +,High Income,3214,14557,114,127.6929825,High
32,26 - 35,M,$40K - $60K,Rs33L - Rs50L,Low Income,4819,9330,64,145.78125,High
42,36 - 45,M,$80K - $120K,Rs66L - Rs1Cr,Mid Income,16433,13678,125,109.424,High
49,46 - 55,M,$80K - $120K,Rs66L - Rs1Cr,Mid Income,12174,14743,121,121.8429752,High
52,46 - 55,F,Less than $40K,<Rs33L,Low Income,9230,14082,99,142.2424242,High
39,36 - 45,M,$60K - $80K,Rs50L - Rs66L,Mid Income,6867,14119,97,145.556701,High
51,46 - 55,M,$120K +,Rs1Cr +,High Income,34516,14149,103,137.368932,High
52,46 - 55,M,$80K - $120K,Rs66L - Rs1Cr,Mid Income,18046,13758,104,132.2884615,High
40,36 - 45,M,$40K - $60K,Rs33L - Rs50L,Low Income,7680,13617,105,129.6857143,High
38,36 - 45,F,Less than $40K,<Rs33L,Low Income,7825,14326,100,143.26,High
41,36 - 45,M,$60K - $80K,Rs50L - Rs66L,Mid Income,5002,16161,109,148.266055,High
27,26 - 35,M,$80K - $120K,Rs66L - Rs1Cr,Mid Income,34516,14716,112,131.3928571,High
50,46 - 55,F,$40K - $60K,Rs33L - Rs50L,Low Income,4755,15999,109,146.7798165,High
58,55+,M,$80K - $120K,Rs66L - Rs1Cr,Mid Income,22104,13830,112,123.4821429,High
53,46 - 55,M,$60K - $80K,Rs50L - Rs66L,Mid Income,29038,12025,103,116.7475728,High
40,36 - 45,M,$80K - $120K,Rs66L - Rs1Cr,Mid Income,4620,6644,61,108.9180328,High
58,55+,M,$80K - $120K,Rs66L - Rs1Cr,Mid Income,34516,13988,127,110.1417323,High
41,36 - 45,F,Less than $40K,<Rs33L,Low Income,11463,14511,105,138.2,High
59,55+,M,$60K - $80K,Rs50L - Rs66L,Mid Income,6224,8291,69,120.1594203,High
53,46 - 55,M,$120K +,Rs1Cr +,High Income,19252,14074,112,125.6607143,High
53,46 - 55,M,$80K - $120K,Rs66L - Rs1Cr,Mid Income,34516,12906,100,129.06,High
31,26 - 35,M,$40K - $60K,Rs33L - Rs50L,Low Income,3232,13142,112,117.3392857,High
44,36 - 45,M,$120K +,Rs1Cr +,High Income,34516,14465,114,126.8859649,High
47,46 - 55,F,$40K - $60K,Rs33L - Rs50L,Low Income,23981,4536,61,74.36065574,High
47,46 - 55,F,Less than $40K,<Rs33L,Low Income,4822,13816,121,114.1818182,High
46,46 - 55,M,$120K +,Rs1Cr +,High Income,34516,14696,114,128.9122807,High
53,46 - 55,F,Less than $40K,<Rs33L,Low Income,12100,13138,115,114.2434783,High
40,36 - 45,M,$60K - $80K,Rs50L - Rs66L,Mid Income,20466,15121,97,155.8865979,High
42,36 - 45,M,$60K - $80K,Rs50L - Rs66L,Mid Income,17887,14544,116,125.3793103,High
33,26 - 35,M,$60K - $80K,Rs50L - Rs66L,Mid Income,23399,9356,74,126.4324324,High
45,36 - 45,F,Less than $40K,<Rs33L,Low Income,13026,14747,100,147.47,High
61,55+,F,$40K - $60K,Rs33L - Rs50L,Low Income,15698,12980,82,158.2926829,High
31,26 - 35,M,$40K - $60K,Rs33L - Rs50L,Low Income,5590,14643,127,115.2992126,High
47,46 - 55,M,$60K - $80K,Rs50L - Rs66L,Mid Income,17575,15473,128,120.8828125,High
46,46 - 55,M,$80K - $120K,Rs66L - Rs1Cr,Mid Income,29528,14428,119,121.2436975,High
54,46 - 55,M,$60K - $80K,Rs50L - Rs66L,Mid Income,34516,15033,114,131.8684211,High
60,55+,F,Less than $40K,<Rs33L,Low Income,4147,14624,111,131.7477477,High
55,46 - 55,F,Unknown,Unknown,Unknown,12494,7026,69,101.826087,High
32,26 - 35,M,$120K +,Rs1Cr +,High Income,34516,7486,64,116.96875,High
49,46 - 55,F,Less than $40K,<Rs33L,Low Income,13411,12493,113,110.5575221,High
41,36 - 45,M,$120K +,Rs1Cr +,High Income,34516,13085,139,94.13669065,High
45,36 - 45,M,$60K - $80K,Rs50L - Rs66L,Mid Income,17646,15527,106,146.4811321,High
45,36 - 45,M,$60K - $80K,Rs50L - Rs66L,Mid Income,11121,13814,81,170.5432099,High
30,26 - 35,M,$60K - $80K,Rs50L - Rs66L,Mid Income,4109,8642,77,112.2337662,High
44,36 - 45,M,$120K +,Rs1Cr +,High Income,6176,15102,95,158.9684211,High
40,36 - 45,F,Less than $40K,<Rs33L,Low Income,4512,14414,98,147.0816327,High
31,26 - 35,M,$80K - $120K,Rs66L - Rs1Cr,Mid Income,32791,13177,106,124.3113208,High
40,36 - 45,F,Less than $40K,<Rs33L,Low Income,4772,14748,118,124.9830508,High
56,55+,M,$60K - $80K,Rs50L - Rs66L,Mid Income,10602,14084,91,154.7692308,High
47,46 - 55,M,$80K - $120K,Rs66L - Rs1Cr,Mid Income,7953,8670,74,117.1621622,High
29,26 - 35,M,$60K - $80K,Rs50L - Rs66L,Mid Income,8022,5660,59,95.93220339,High
38,36 - 45,M,$120K +,Rs1Cr +,High Income,34516,13781,106,130.009434,High
56,55+,F,Less than $40K,<Rs33L,Low Income,9092,14779,94,157.2234043,High
53,46 - 55,F,Less than $40K,<Rs33L,Low Income,5541,9195,73,125.9589041,High
56,55+,M,$80K - $120K,Rs66L - Rs1Cr,Mid Income,7204,14042,113,124.2654867,High
27,26 - 35,F,Less than $40K,<Rs33L,Low Income,4548,14330,131,109.389313,High
38,36 - 45,F,Less than $40K,<Rs33L,Low Income,3860,14474,118,122.6610169,High
48,46 - 55,M,Less than $40K,<Rs33L,Low Income,14581,17628,109,161.7247706,High
44,36 - 45,F,Less than $40K,<Rs33L,Low Income,3084,12739,96,132.6979167,High
49,46 - 55,M,$60K - $80K,Rs50L - Rs66L,Mid Income,12375,14500,106,136.7924528,High
36,36 - 45,M,$40K - $60K,Rs33L - Rs50L,Low Income,23981,15236,120,126.9666667,High
30,26 - 35,M,$60K - $80K,Rs50L - Rs66L,Mid Income,19534,15634,118,132.4915254,High
42,36 - 45,M,$80K - $120K,Rs66L - Rs1Cr,Mid Income,22993,7867,75,104.8933333,High
51,46 - 55,M,$120K +,Rs1Cr +,High Income,34516,13534,104,130.1346154,High
59,55+,M,$40K - $60K,Rs33L - Rs50L,Low Income,15164,13062,103,126.815534,High
45,36 - 45,M,Less than $40K,<Rs33L,Low Income,7231,15571,115,135.4,High
56,55+,M,$60K - $80K,Rs50L - Rs66L,Mid Income,34516,13633,116,117.5258621,High
31,26 - 35,M,$80K - $120K,Rs66L - Rs1Cr,Mid Income,34516,14185,98,144.744898,High
48,46 - 55,F,$40K - $60K,Rs33L - Rs50L,Low Income,9215,13345,114,117.0614035,High
32,26 - 35,M,$80K - $120K,Rs66L - Rs1Cr,Mid Income,25438,16485,104,158.5096154,High
46,46 - 55,F,Less than $40K,<Rs33L,Low Income,3759,15331,106,144.6320755,High
52,46 - 55,F,Less than $40K,<Rs33L,Low Income,3029,14934,113,132.159292,High
30,26 - 35,F,Less than $40K,<Rs33L,Low Income,4203,7292,68,107.2352941,High
48,46 - 55,M,$80K - $120K,Rs66L - Rs1Cr,Mid Income,21526,14441,105,137.5333333,High
55,46 - 55,F,Less than $40K,<Rs33L,Low Income,12207,5838,74,78.89189189,High
39,36 - 45,F,Unknown,Unknown,Unknown,32089,13796,121,114.0165289,High
43,36 - 45,F,Less than $40K,<Rs33L,Low Income,3541,14511,123,117.9756098,High
43,36 - 45,M,$40K - $60K,Rs33L - Rs50L,Low Income,7139,14802,112,132.1607143,High
47,46 - 55,F,Less than $40K,<Rs33L,Low Income,3669,13931,112,124.3839286,High
57,55+,M,$60K - $80K,Rs50L - Rs66L,Mid Income,5859,8004,82,97.6097561,High
53,46 - 55,M,$80K - $120K,Rs66L - Rs1Cr,Mid Income,15594,13016,118,110.3050847,High
48,46 - 55,M,$120K +,Rs1Cr +,High Income,34516,15552,108,144,High
50,46 - 55,F,Less than $40K,<Rs33L,Low Income,6704,12576,103,122.0970874,High
53,46 - 55,M,$60K - $80K,Rs50L - Rs66L,Mid Income,32417,14381,121,118.8512397,High
48,46 - 55,M,$80K - $120K,Rs66L - Rs1Cr,Mid Income,2754,13991,125,111.928,High
41,36 - 45,M,$60K - $80K,Rs50L - Rs66L,Mid Income,27945,8345,70,119.2142857,High
51,46 - 55,M,$120K +,Rs1Cr +,High Income,34516,16428,123,133.5609756,High
51,46 - 55,F,Less than $40K,<Rs33L,Low Income,7098,13139,102,128.8137255,High
39,36 - 45,F,Less than $40K,<Rs33L,Low Income,12338,15869,109,145.587156,High
51,46 - 55,M,$60K - $80K,Rs50L - Rs66L,Mid Income,16703,15472,122,126.8196721,High
43,36 - 45,M,$80K - $120K,Rs66L - Rs1Cr,Mid Income,16667,15301,115,133.0521739,High
54,46 - 55,M,$80K - $120K,Rs66L - Rs1Cr,Mid Income,18512,8019,57,140.6842105,High
47,46 - 55,M,$60K - $80K,Rs50L - Rs66L,Mid Income,14131,12779,103,124.0679612,High
51,46 - 55,F,Less than $40K,<Rs33L,Low Income,3276,14212,116,122.5172414,High
38,36 - 45,M,$80K - $120K,Rs66L - Rs1Cr,Mid Income,34516,15584,114,136.7017544,High
38,36 - 45,F,Less than $40K,<Rs33L,Low Income,3629,15982,113,141.4336283,High
44,36 - 45,F,Less than $40K,<Rs33L,Low Income,13067,15172,118,128.5762712,High
32,26 - 35,M,$40K - $60K,Rs33L - Rs50L,Low Income,3845,14593,110,132.6636364,High
41,36 - 45,M,$80K - $120K,Rs66L - Rs1Cr,Mid Income,12094,8607,90,95.63333333,High
50,46 - 55,M,$120K +,Rs1Cr +,High Income,34516,14474,121,119.6198347,High
60,55+,F,Unknown,Unknown,Unknown,13312,14336,106,135.245283,High
38,36 - 45,F,Less than $40K,<Rs33L,Low Income,3466,13140,94,139.787234,High
59,55+,M,$40K - $60K,Rs33L - Rs50L,Low Income,15223,14230,111,128.1981982,High
53,46 - 55,M,$120K +,Rs1Cr +,High Income,34516,13247,107,123.8037383,High
40,36 - 45,F,Less than $40K,<Rs33L,Low Income,5989,5843,60,97.38333333,High
45,36 - 45,M,$120K +,Rs1Cr +,High Income,5287,8392,69,121.6231884,High
53,46 - 55,M,$40K - $60K,Rs33L - Rs50L,Low Income,9060,14305,102,140.245098,High
56,55+,M,$80K - $120K,Rs66L - Rs1Cr,Mid Income,4731,14952,118,126.7118644,High
60,55+,F,$40K - $60K,Rs33L - Rs50L,Low Income,9502,14418,100,144.18,High
42,36 - 45,M,$80K - $120K,Rs66L - Rs1Cr,Mid Income,29738,14270,97,147.1134021,High
48,46 - 55,F,Less than $40K,<Rs33L,Low Income,3918,15867,103,154.0485437,High
58,55+,F,Less than $40K,<Rs33L,Low Income,3944,15315,124,123.5080645,High
55,46 - 55,M,$120K +,Rs1Cr +,High Income,6577,14229,120,118.575,High
51,46 - 55,M,$120K +,Rs1Cr +,High Income,34516,13021,117,111.2905983,High
46,46 - 55,M,$80K - $120K,Rs66L - Rs1Cr,Mid Income,34516,14279,97,147.2061856,High
45,36 - 45,M,$60K - $80K,Rs50L - Rs66L,Mid Income,8670,13767,96,143.40625,High
40,36 - 45,M,$80K - $120K,Rs66L - Rs1Cr,Mid Income,32554,8528,87,98.02298851,High
56,55+,F,$40K - $60K,Rs33L - Rs50L,Low Income,8331,14324,103,139.0679612,High
34,26 - 35,F,Unknown,Unknown,Unknown,32056,12595,106,118.8207547,High
48,46 - 55,M,$60K - $80K,Rs50L - Rs66L,Mid Income,15524,13819,106,130.3679245,High
45,36 - 45,F,Less than $40K,<Rs33L,Low Income,4010,14354,101,142.1188119,High
42,36 - 45,M,$60K - $80K,Rs50L - Rs66L,Mid Income,3275,14830,112,132.4107143,High
49,46 - 55,M,$60K - $80K,Rs50L - Rs66L,Mid Income,18349,16422,110,149.2909091,High
35,26 - 35,M,$60K - $80K,Rs50L - Rs66L,Mid Income,3388,13557,100,135.57,High
32,26 - 35,M,$40K - $60K,Rs33L - Rs50L,Low Income,4015,8363,65,128.6615385,High
34,26 - 35,M,$60K - $80K,Rs50L - Rs66L,Mid Income,9719,9183,51,180.0588235,High
33,26 - 35,M,$80K - $120K,Rs66L - Rs1Cr,Mid Income,4178,16216,107,151.5514019,High
40,36 - 45,M,$40K - $60K,Rs33L - Rs50L,Low Income,3735,15039,130,115.6846154,High
43,36 - 45,M,$60K - $80K,Rs50L - Rs66L,Mid Income,29856,14887,119,125.1008403,High
29,26 - 35,M,$40K - $60K,Rs33L - Rs50L,Low Income,11522,13720,119,115.2941176,High
42,36 - 45,M,$40K - $60K,Rs33L - Rs50L,Low Income,3161,13692,117,117.025641,High
48,46 - 55,M,$80K - $120K,Rs66L - Rs1Cr,Mid Income,14774,8293,63,131.6349206,High
39,36 - 45,M,$60K - $80K,Rs50L - Rs66L,Mid Income,34516,8248,66,124.969697,High
51,46 - 55,F,Less than $40K,<Rs33L,Low Income,5118,14593,109,133.8807339,High
41,36 - 45,M,$80K - $120K,Rs66L - Rs1Cr,Mid Income,14682,8193,72,113.7916667,High
42,36 - 45,M,$40K - $60K,Rs33L - Rs50L,Low Income,3108,14763,99,149.1212121,High
32,26 - 35,M,$60K - $80K,Rs50L - Rs66L,Mid Income,3223,13648,103,132.5048544,High
43,36 - 45,M,$120K +,Rs1Cr +,High Income,28612,14727,105,140.2571429,High
50,46 - 55,M,$60K - $80K,Rs50L - Rs66L,Mid Income,6224,13503,112,120.5625,High
44,36 - 45,M,$80K - $120K,Rs66L - Rs1Cr,Mid Income,24134,13311,110,121.0090909,High
36,36 - 45,M,$120K +,Rs1Cr +,High Income,27929,14755,123,119.9593496,High
44,36 - 45,F,$40K - $60K,Rs33L - Rs50L,Low Income,3657,14802,95,155.8105263,High
47,46 - 55,F,Less than $40K,<Rs33L,Low Income,8257,13769,104,132.3942308,High
45,36 - 45,F,$40K - $60K,Rs33L - Rs50L,Low Income,23051,14393,107,134.5140187,High
53,46 - 55,F,$40K - $60K,Rs33L - Rs50L,Low Income,14839,14625,115,127.173913,High
43,36 - 45,M,$60K - $80K,Rs50L - Rs66L,Mid Income,3755,14402,110,130.9272727,High
48,46 - 55,M,$60K - $80K,Rs50L - Rs66L,Mid Income,3862,15282,125,122.256,High
37,36 - 45,M,$60K - $80K,Rs50L - Rs66L,Mid Income,7539,15293,129,118.5503876,High
43,36 - 45,M,$80K - $120K,Rs66L - Rs1Cr,Mid Income,10588,7886,70,112.6571429,High
59,55+,M,$40K - $60K,Rs33L - Rs50L,Low Income,11808,13751,113,121.6902655,High
31,26 - 35,M,$40K - $60K,Rs33L - Rs50L,Low Income,15504,14181,126,112.547619,High
52,46 - 55,F,Unknown,Unknown,Unknown,12091,8127,74,109.8243243,High
41,36 - 45,M,$80K - $120K,Rs66L - Rs1Cr,Mid Income,13818,13209,101,130.7821782,High
53,46 - 55,F,$40K - $60K,Rs33L - Rs50L,Low Income,4442,14437,109,132.4495413,High
55,46 - 55,M,$60K - $80K,Rs50L - Rs66L,Mid Income,5282,13513,115,117.5043478,High
41,36 - 45,M,$80K - $120K,Rs66L - Rs1Cr,Mid Income,34516,13083,93,140.6774194,High
55,46 - 55,M,$80K - $120K,Rs66L - Rs1Cr,Mid Income,34516,12192,112,108.8571429,High
31,26 - 35,F,Less than $40K,<Rs33L,Low Income,10353,15028,124,121.1935484,High
48,46 - 55,M,$80K - $120K,Rs66L - Rs1Cr,Mid Income,9959,14948,125,119.584,High
42,36 - 45,M,$60K - $80K,Rs50L - Rs66L,Mid Income,6280,14109,92,153.3586957,High
57,55+,M,$120K +,Rs1Cr +,High Income,13694,9040,63,143.4920635,High
34,26 - 35,M,Less than $40K,<Rs33L,Low Income,8940,14459,97,149.0618557,High
54,46 - 55,M,$60K - $80K,Rs50L - Rs66L,Mid Income,6546,14103,112,125.9196429,High
46,46 - 55,F,Unknown,Unknown,Unknown,32587,15958,113,141.2212389,High
38,36 - 45,M,$60K - $80K,Rs50L - Rs66L,Mid Income,11474,13041,98,133.0714286,High
40,36 - 45,M,$120K +,Rs1Cr +,High Income,34516,14204,96,147.9583333,High
56,55+,F,Less than $40K,<Rs33L,Low Income,9463,7106,61,116.4918033,High
44,36 - 45,M,$40K - $60K,Rs33L - Rs50L,Low Income,12552,15508,95,163.2421053,High
39,36 - 45,M,$60K - $80K,Rs50L - Rs66L,Mid Income,21679,15581,115,135.4869565,High
42,36 - 45,M,$40K - $60K,Rs33L - Rs50L,Low Income,10531,14955,118,126.7372881,High
60,55+,F,Less than $40K,<Rs33L,Low Income,4905,15478,109,142,High
35,26 - 35,M,$80K - $120K,Rs66L - Rs1Cr,Mid Income,34516,12847,106,121.1981132,High
42,36 - 45,M,$80K - $120K,Rs66L - Rs1Cr,Mid Income,34516,14626,97,150.7835052,High
30,26 - 35,M,Less than $40K,<Rs33L,Low Income,10017,9299,68,136.75,High
37,36 - 45,M,$80K - $120K,Rs66L - Rs1Cr,Mid Income,31832,10201,59,172.8983051,High
37,36 - 45,F,Less than $40K,<Rs33L,Low Income,5843,13299,95,139.9894737,High
43,36 - 45,M,$80K - $120K,Rs66L - Rs1Cr,Mid Income,34427,13545,112,120.9375,High
34,26 - 35,M,$80K - $120K,Rs66L - Rs1Cr,Mid Income,34516,9177,50,183.54,High
48,46 - 55,M,$80K - $120K,Rs66L - Rs1Cr,Mid Income,34516,13853,98,141.3571429,High
31,26 - 35,M,$80K - $120K,Rs66L - Rs1Cr,Mid Income,34516,14969,96,155.9270833,High
47,46 - 55,F,Less than $40K,<Rs33L,Low Income,4779,8912,63,141.4603175,High
51,46 - 55,M,$60K - $80K,Rs50L - Rs66L,Mid Income,4248,13958,116,120.3275862,High
43,36 - 45,M,$40K - $60K,Rs33L - Rs50L,Low Income,7872,13746,104,132.1730769,High
41,36 - 45,F,Less than $40K,<Rs33L,Low Income,6077,12489,97,128.7525773,High
48,46 - 55,F,Less than $40K,<Rs33L,Low Income,3882,13980,128,109.21875,High
41,36 - 45,F,Less than $40K,<Rs33L,Low Income,7207,13730,96,143.0208333,High
48,46 - 55,F,$40K - $60K,Rs33L - Rs50L,Low Income,6121,14224,117,121.5726496,High
40,36 - 45,M,$80K - $120K,Rs66L - Rs1Cr,Mid Income,34516,8659,81,106.9012346,High
32,26 - 35,M,$40K - $60K,Rs33L - Rs50L,Low Income,3535,14080,85,165.6470588,High
55,46 - 55,F,Unknown,Unknown,Unknown,34516,8472,80,105.9,High
50,46 - 55,M,$80K - $120K,Rs66L - Rs1Cr,Mid Income,34516,9045,72,125.625,High
49,46 - 55,M,$60K - $80K,Rs50L - Rs66L,Mid Income,6224,14238,93,153.0967742,High
37,36 - 45,F,Less than $40K,<Rs33L,Low Income,9178,14932,110,135.7454545,High
31,26 - 35,M,$60K - $80K,Rs50L - Rs66L,Mid Income,4328,14731,120,122.7583333,High
52,46 - 55,M,$80K - $120K,Rs66L - Rs1Cr,Mid Income,9959,15195,99,153.4848485,High
60,55+,F,Less than $40K,<Rs33L,Low Income,9634,14218,102,139.3921569,High
35,26 - 35,F,Unknown,Unknown,Unknown,19033,16033,116,138.2155172,High
48,46 - 55,M,$60K - $80K,Rs50L - Rs66L,Mid Income,8624,15738,111,141.7837838,High
44,36 - 45,M,$40K - $60K,Rs33L - Rs50L,Low Income,3575,7672,66,116.2424242,High
44,36 - 45,F,$40K - $60K,Rs33L - Rs50L,Low Income,5508,7507,78,96.24358974,High
31,26 - 35,M,Less than $40K,<Rs33L,Low Income,5871,15645,117,133.7179487,High
56,55+,M,$60K - $80K,Rs50L - Rs66L,Mid Income,15219,7625,78,97.75641026,High
46,46 - 55,M,$120K +,Rs1Cr +,High Income,34516,15754,121,130.1983471,High
29,26 - 35,M,$40K - $60K,Rs33L - Rs50L,Low Income,8147,14912,114,130.8070175,High
37,36 - 45,F,Less than $40K,<Rs33L,Low Income,3525,13625,110,123.8636364,High
32,26 - 35,M,$40K - $60K,Rs33L - Rs50L,Low Income,9711,14926,115,129.7913043,High
52,46 - 55,M,$80K - $120K,Rs66L - Rs1Cr,Mid Income,11358,14327,92,155.7282609,High
58,55+,F,Less than $40K,<Rs33L,Low Income,6765,14133,124,113.9758065,High
41,36 - 45,M,$80K - $120K,Rs66L - Rs1Cr,Mid Income,4725,9134,77,118.6233766,High
50,46 - 55,F,Less than $40K,<Rs33L,Low Income,3699,7297,71,102.7746479,High
29,26 - 35,M,$80K - $120K,Rs66L - Rs1Cr,Mid Income,34516,13971,116,120.4396552,High
32,26 - 35,F,Less than $40K,<Rs33L,Low Income,8851,14783,110,134.3909091,High
52,46 - 55,F,Less than $40K,<Rs33L,Low Income,8506,14289,113,126.4513274,High
48,46 - 55,M,Less than $40K,<Rs33L,Low Income,3442,14618,100,146.18,High
33,26 - 35,F,Less than $40K,<Rs33L,Low Income,3731,13234,92,143.8478261,High
51,46 - 55,F,Less than $40K,<Rs33L,Low Income,7744,16059,124,129.5080645,High
46,46 - 55,M,$40K - $60K,Rs33L - Rs50L,Low Income,5972,14227,116,122.6465517,High
47,46 - 55,M,$80K - $120K,Rs66L - Rs1Cr,Mid Income,21714,13270,104,127.5961538,High
32,26 - 35,M,$80K - $120K,Rs66L - Rs1Cr,Mid Income,3371,13432,118,113.8305085,High
50,46 - 55,F,Less than $40K,<Rs33L,Low Income,9546,14211,111,128.027027,High
28,26 - 35,F,Less than $40K,<Rs33L,Low Income,3848,14054,105,133.847619,High
44,36 - 45,M,$40K - $60K,Rs33L - Rs50L,Low Income,9199,15367,123,124.9349593,High
43,36 - 45,M,$60K - $80K,Rs50L - Rs66L,Mid Income,13381,14532,116,125.2758621,High
50,46 - 55,F,$40K - $60K,Rs33L - Rs50L,Low Income,2833,14341,101,141.990099,High
53,46 - 55,F,Unknown,Unknown,Unknown,15101,13545,96,141.09375,High
58,55+,F,Less than $40K,<Rs33L,Low Income,3603,14235,101,140.9405941,High
51,46 - 55,F,Less than $40K,<Rs33L,Low Income,4132,13820,129,107.1317829,High
39,36 - 45,F,Less than $40K,<Rs33L,Low Income,4366,15451,127,121.6614173,High
42,36 - 45,M,$40K - $60K,Rs33L - Rs50L,Low Income,6128,13505,116,116.4224138,High
44,36 - 45,M,$60K - $80K,Rs50L - Rs66L,Mid Income,34516,6782,67,101.2238806,High
44,36 - 45,F,Less than $40K,<Rs33L,Low Income,6882,13836,113,122.4424779,High
46,46 - 55,M,$80K - $120K,Rs66L - Rs1Cr,Mid Income,13490,13159,105,125.3238095,High
39,36 - 45,M,$80K - $120K,Rs66L - Rs1Cr,Mid Income,17978,15657,114,137.3421053,High
45,36 - 45,M,$40K - $60K,Rs33L - Rs50L,Low Income,3821,15005,89,168.5955056,High
41,36 - 45,F,Less than $40K,<Rs33L,Low Income,3624,15824,121,130.7768595,High
42,36 - 45,F,Less than $40K,<Rs33L,Low Income,3787,16220,120,135.1666667,High
38,36 - 45,F,Less than $40K,<Rs33L,Low Income,4623,14730,118,124.8305085,High
36,36 - 45,M,$80K - $120K,Rs66L - Rs1Cr,Mid Income,4343,14463,119,121.5378151,High
43,36 - 45,F,$40K - $60K,Rs33L - Rs50L,Low Income,17328,15367,105,146.352381,High
51,46 - 55,F,Less than $40K,<Rs33L,Low Income,3803,14397,117,123.0512821,High
52,46 - 55,M,$60K - $80K,Rs50L - Rs66L,Mid Income,23889,13360,124,107.7419355,High
50,46 - 55,F,Unknown,Unknown,Unknown,34516,15071,103,146.3203883,High
49,46 - 55,M,$80K - $120K,Rs66L - Rs1Cr,Mid Income,3999,7567,76,99.56578947,High
44,36 - 45,M,$80K - $120K,Rs66L - Rs1Cr,Mid Income,11782,16605,110,150.9545455,High
43,36 - 45,F,Less than $40K,<Rs33L,Low Income,3220,13339,90,148.2111111,High
48,46 - 55,F,$40K - $60K,Rs33L - Rs50L,Low Income,9742,13082,92,142.1956522,High
55,46 - 55,M,$60K - $80K,Rs50L - Rs66L,Mid Income,4178,7914,54,146.5555556,High
48,46 - 55,M,$80K - $120K,Rs66L - Rs1Cr,Mid Income,34516,15143,121,125.1487603,High
45,36 - 45,M,$80K - $120K,Rs66L - Rs1Cr,Mid Income,26819,14450,111,130.1801802,High
54,46 - 55,M,$80K - $120K,Rs66L - Rs1Cr,Mid Income,9580,5385,51,105.5882353,High
47,46 - 55,F,Less than $40K,<Rs33L,Low Income,7940,15445,118,130.8898305,High
39,36 - 45,M,$60K - $80K,Rs50L - Rs66L,Mid Income,34516,13578,105,129.3142857,High
47,46 - 55,M,$40K - $60K,Rs33L - Rs50L,Low Income,3471,14381,115,125.0521739,High
51,46 - 55,M,$120K +,Rs1Cr +,High Income,14938,8192,80,102.4,High
49,46 - 55,F,Unknown,Unknown,Unknown,14072,13432,107,125.5327103,High
58,55+,F,$40K - $60K,Rs33L - Rs50L,Low Income,15928,14678,125,117.424,High
40,36 - 45,M,$80K - $120K,Rs66L - Rs1Cr,Mid Income,20798,8038,90,89.31111111,High
60,55+,F,Less than $40K,<Rs33L,Low Income,9752,14220,108,131.6666667,High
53,46 - 55,M,$40K - $60K,Rs33L - Rs50L,Low Income,3234,13803,100,138.03,High
45,36 - 45,M,$80K - $120K,Rs66L - Rs1Cr,Mid Income,24844,6549,75,87.32,High
49,46 - 55,M,$80K - $120K,Rs66L - Rs1Cr,Mid Income,3090,14198,101,140.5742574,High
48,46 - 55,F,Less than $40K,<Rs33L,Low Income,9943,8325,54,154.1666667,High
44,36 - 45,M,$60K - $80K,Rs50L - Rs66L,Mid Income,3384,13152,100,131.52,High
29,26 - 35,F,Less than $40K,<Rs33L,Low Income,3640,13306,99,134.4040404,High
42,36 - 45,M,$80K - $120K,Rs66L - Rs1Cr,Mid Income,34516,14672,110,133.3818182,High
45,36 - 45,F,Less than $40K,<Rs33L,Low Income,10186,14023,106,132.2924528,High
45,36 - 45,F,Less than $40K,<Rs33L,Low Income,15987,15513,127,122.1496063,High
46,46 - 55,M,$80K - $120K,Rs66L - Rs1Cr,Mid Income,16983,8526,79,107.9240506,High
39,36 - 45,M,$120K +,Rs1Cr +,High Income,34516,7866,63,124.8571429,High
32,26 - 35,M,$80K - $120K,Rs66L - Rs1Cr,Mid Income,34516,14667,119,123.2521008,High
38,36 - 45,M,$80K - $120K,Rs66L - Rs1Cr,Mid Income,34516,14036,99,141.7777778,High
50,46 - 55,F,$40K - $60K,Rs33L - Rs50L,Low Income,4268,14351,112,128.1339286,High
50,46 - 55,F,Unknown,Unknown,Unknown,10748,16541,126,131.2777778,High
37,36 - 45,F,Unknown,Unknown,Unknown,31718,7432,64,116.125,High
42,36 - 45,M,$80K - $120K,Rs66L - Rs1Cr,Mid Income,9959,8847,85,104.0823529,High
53,46 - 55,M,$80K - $120K,Rs66L - Rs1Cr,Mid Income,34516,16373,114,143.622807,High
52,46 - 55,M,$60K - $80K,Rs50L - Rs66L,Mid Income,11898,15798,128,123.421875,High
57,55+,M,$80K - $120K,Rs66L - Rs1Cr,Mid Income,34516,7842,61,128.557377,High
46,46 - 55,M,$60K - $80K,Rs50L - Rs66L,Mid Income,13056,14280,102,140,High
60,55+,M,Less than $40K,<Rs33L,Low Income,14002,13849,128,108.1953125,High
40,36 - 45,M,$60K - $80K,Rs50L - Rs66L,Mid Income,5500,7720,67,115.2238806,High
49,46 - 55,M,$120K +,Rs1Cr +,High Income,8549,9192,77,119.3766234,High
56,55+,M,Less than $40K,<Rs33L,Low Income,4390,8454,69,122.5217391,High
55,46 - 55,M,$80K - $120K,Rs66L - Rs1Cr,Mid Income,24884,5107,53,96.35849057,High
55,46 - 55,F,Unknown,Unknown,Unknown,3591,13289,121,109.8264463,High
55,46 - 55,F,Less than $40K,<Rs33L,Low Income,4841,8918,87,102.5057471,High
31,26 - 35,M,$80K - $120K,Rs66L - Rs1Cr,Mid Income,4246,8102,66,122.7575758,High
44,36 - 45,F,Unknown,Unknown,Unknown,7469,15225,108,140.9722222,High
54,46 - 55,M,$80K - $120K,Rs66L - Rs1Cr,Mid Income,29974,15190,115,132.0869565,High
58,55+,M,$60K - $80K,Rs50L - Rs66L,Mid Income,20724,14215,109,130.412844,High
53,46 - 55,M,$120K +,Rs1Cr +,High Income,21079,13930,96,145.1041667,High
59,55+,F,$40K - $60K,Rs33L - Rs50L,Low Income,3720,16208,129,125.6434109,High
54,46 - 55,M,$80K - $120K,Rs66L - Rs1Cr,Mid Income,11077,8165,87,93.85057471,High
32,26 - 35,M,$40K - $60K,Rs33L - Rs50L,Low Income,12024,14551,105,138.5809524,High
48,46 - 55,M,$40K - $60K,Rs33L - Rs50L,Low Income,4446,8753,76,115.1710526,High
54,46 - 55,M,$120K +,Rs1Cr +,High Income,34516,15034,111,135.4414414,High
32,26 - 35,M,Less than $40K,<Rs33L,Low Income,11511,14436,123,117.3658537,High
42,36 - 45,M,$80K - $120K,Rs66L - Rs1Cr,Mid Income,34516,12878,104,123.8269231,High
42,36 - 45,M,$120K +,Rs1Cr +,High Income,19192,15615,125,124.92,High
29,26 - 35,M,Less than $40K,<Rs33L,Low Income,3076,15514,123,126.1300813,High
43,36 - 45,M,$80K - $120K,Rs66L - Rs1Cr,Mid Income,4196,14545,116,125.387931,High
45,36 - 45,M,$60K - $80K,Rs50L - Rs66L,Mid Income,3243,15710,122,128.7704918,High
56,55+,F,Unknown,Unknown,Unknown,17542,13939,138,101.0072464,High
46,46 - 55,M,$80K - $120K,Rs66L - Rs1Cr,Mid Income,32949,14892,113,131.7876106,High
41,36 - 45,F,Unknown,Unknown,Unknown,32250,15785,100,157.85,High
50,46 - 55,F,Unknown,Unknown,Unknown,34516,14994,121,123.9173554,High
52,46 - 55,F,$40K - $60K,Rs33L - Rs50L,Low Income,23981,15281,100,152.81,High
52,46 - 55,F,$40K - $60K,Rs33L - Rs50L,Low Income,4090,15497,92,168.4456522,High
32,26 - 35,F,Unknown,Unknown,Unknown,4251,15574,115,135.426087,High
52,46 - 55,F,Less than $40K,<Rs33L,Low Income,4119,15215,121,125.7438017,High
60,55+,M,Less than $40K,<Rs33L,Low Income,13399,16493,122,135.1885246,High
44,36 - 45,F,Less than $40K,<Rs33L,Low Income,9070,15211,129,117.9147287,High
48,46 - 55,F,Unknown,Unknown,Unknown,7469,13614,104,130.9038462,High
57,55+,M,$80K - $120K,Rs66L - Rs1Cr,Mid Income,23714,8463,62,136.5,High
52,46 - 55,F,Less than $40K,<Rs33L,Low Income,5240,14161,105,134.8666667,High
34,26 - 35,M,$40K - $60K,Rs33L - Rs50L,Low Income,3744,8202,69,118.8695652,High
40,36 - 45,M,$80K - $120K,Rs66L - Rs1Cr,Mid Income,15594,16101,127,126.7795276,High
45,36 - 45,M,$60K - $80K,Rs50L - Rs66L,Mid Income,8449,17634,120,146.95,High
59,55+,M,$80K - $120K,Rs66L - Rs1Cr,Mid Income,34516,8480,71,119.4366197,High
43,36 - 45,M,$80K - $120K,Rs66L - Rs1Cr,Mid Income,9959,16732,116,144.2413793,High
30,26 - 35,M,$60K - $80K,Rs50L - Rs66L,Mid Income,4192,13345,106,125.8962264,High
38,36 - 45,F,Less than $40K,<Rs33L,Low Income,3416,14230,105,135.5238095,High
42,36 - 45,M,$60K - $80K,Rs50L - Rs66L,Mid Income,3322,13784,108,127.6296296,High
50,46 - 55,M,$60K - $80K,Rs50L - Rs66L,Mid Income,14217,15554,99,157.1111111,High
49,46 - 55,M,$60K - $80K,Rs50L - Rs66L,Mid Income,17350,16132,118,136.7118644,High
58,55+,M,$60K - $80K,Rs50L - Rs66L,Mid Income,13784,13120,91,144.1758242,High
54,46 - 55,F,Less than $40K,<Rs33L,Low Income,3181,13392,92,145.5652174,High
39,36 - 45,F,Less than $40K,<Rs33L,Low Income,5325,13674,101,135.3861386,High
48,46 - 55,F,$40K - $60K,Rs33L - Rs50L,Low Income,23981,9140,64,142.8125,High
36,36 - 45,M,Less than $40K,<Rs33L,Low Income,3920,16500,102,161.7647059,High
56,55+,F,Less than $40K,<Rs33L,Low Income,5158,13113,128,102.4453125,High
57,55+,F,$40K - $60K,Rs33L - Rs50L,Low Income,5073,13420,122,110,High
47,46 - 55,F,$40K - $60K,Rs33L - Rs50L,Low Income,4074,15005,118,127.1610169,High
27,26 - 35,M,$40K - $60K,Rs33L - Rs50L,Low Income,10284,13355,92,145.1630435,High
42,36 - 45,M,$120K +,Rs1Cr +,High Income,34516,13781,102,135.1078431,High
53,46 - 55,M,$80K - $120K,Rs66L - Rs1Cr,Mid Income,34516,6361,74,85.95945946,High
57,55+,F,Less than $40K,<Rs33L,Low Income,3999,15443,102,151.4019608,High
50,46 - 55,F,Less than $40K,<Rs33L,Low Income,3468,14222,122,116.5737705,High
50,46 - 55,M,$80K - $120K,Rs66L - Rs1Cr,Mid Income,11900,14666,101,145.2079208,High
51,46 - 55,F,Unknown,Unknown,Unknown,9701,9404,62,151.6774194,High
61,55+,M,$80K - $120K,Rs66L - Rs1Cr,Mid Income,34516,13722,124,110.6612903,High
30,26 - 35,F,Less than $40K,<Rs33L,Low Income,6075,9242,63,146.6984127,High
60,55+,M,$40K - $60K,Rs33L - Rs50L,Low Income,13035,14585,97,150.3608247,High
43,36 - 45,M,$60K - $80K,Rs50L - Rs66L,Mid Income,17306,6205,65,95.46153846,High
41,36 - 45,F,Less than $40K,<Rs33L,Low Income,15987,7832,73,107.2876712,High
42,36 - 45,M,$60K - $80K,Rs50L - Rs66L,Mid Income,34516,12920,132,97.87878788,High
36,36 - 45,M,$120K +,Rs1Cr +,High Income,34516,15552,107,145.3457944,High
27,26 - 35,F,Unknown,Unknown,Unknown,7469,16730,122,137.1311475,High
59,55+,M,$80K - $120K,Rs66L - Rs1Cr,Mid Income,12918,9138,76,120.2368421,High
59,55+,F,Less than $40K,<Rs33L,Low Income,4085,7597,71,107,High
55,46 - 55,M,$40K - $60K,Rs33L - Rs50L,Low Income,3705,16089,119,135.2016807,High
56,55+,F,Less than $40K,<Rs33L,Low Income,5319,15048,110,136.8,High
34,26 - 35,M,$40K - $60K,Rs33L - Rs50L,Low Income,4549,13804,123,112.2276423,High
49,46 - 55,M,$80K - $120K,Rs66L - Rs1Cr,Mid Income,15894,14256,118,120.8135593,High
32,26 - 35,M,$40K - $60K,Rs33L - Rs50L,Low Income,17894,15305,111,137.8828829,High
49,46 - 55,F,Less than $40K,<Rs33L,Low Income,5855,9202,80,115.025,High
60,55+,F,Less than $40K,<Rs33L,Low Income,13062,13609,108,126.0092593,High
51,46 - 55,F,Less than $40K,<Rs33L,Low Income,7428,8078,62,130.2903226,High
39,36 - 45,M,Less than $40K,<Rs33L,Low Income,8848,15352,117,131.2136752,High
54,46 - 55,F,$40K - $60K,Rs33L - Rs50L,Low Income,7362,17390,130,133.7692308,High
53,46 - 55,M,$120K +,Rs1Cr +,High Income,34516,15290,123,124.3089431,High
35,26 - 35,M,$80K - $120K,Rs66L - Rs1Cr,Mid Income,4380,17258,121,142.6280992,High
47,46 - 55,M,$60K - $80K,Rs50L - Rs66L,Mid Income,12510,14018,128,109.515625,High
52,46 - 55,M,$60K - $80K,Rs50L - Rs66L,Mid Income,23712,16258,115,141.373913,High
57,55+,F,Less than $40K,<Rs33L,Low Income,9149,14401,100,144.01,High
47,46 - 55,F,Unknown,Unknown,Unknown,34516,16369,125,130.952,High
54,46 - 55,F,Less than $40K,<Rs33L,Low Income,3784,15199,96,158.3229167,High
39,36 - 45,M,$80K - $120K,Rs66L - Rs1Cr,Mid Income,9680,15152,100,151.52,High
50,46 - 55,M,$120K +,Rs1Cr +,High Income,34516,15214,129,117.9379845,High
60,55+,F,Less than $40K,<Rs33L,Low Income,3845,14432,106,136.1509434,High
41,36 - 45,M,$40K - $60K,Rs33L - Rs50L,Low Income,13409,15573,99,157.3030303,High
50,46 - 55,M,$80K - $120K,Rs66L - Rs1Cr,Mid Income,34516,7661,79,96.97468354,High
51,46 - 55,M,$80K - $120K,Rs66L - Rs1Cr,Mid Income,8065,14807,115,128.7565217,High
56,55+,M,$60K - $80K,Rs50L - Rs66L,Mid Income,20501,15162,99,153.1515152,High
41,36 - 45,M,$60K - $80K,Rs50L - Rs66L,Mid Income,23260,15140,105,144.1904762,High
44,36 - 45,F,Less than $40K,<Rs33L,Low Income,9073,6793,60,113.2166667,High
36,36 - 45,M,$60K - $80K,Rs50L - Rs66L,Mid Income,20101,14732,115,128.1043478,High
31,26 - 35,M,Less than $40K,<Rs33L,Low Income,6911,8123,71,114.4084507,High
49,46 - 55,F,Less than $40K,<Rs33L,Low Income,3423,14037,120,116.975,High
40,36 - 45,F,Less than $40K,<Rs33L,Low Income,10729,14364,108,133,High
49,46 - 55,F,Unknown,Unknown,Unknown,34516,13174,86,153.1860465,High
46,46 - 55,M,$80K - $120K,Rs66L - Rs1Cr,Mid Income,34516,8964,76,117.9473684,High
54,46 - 55,M,$80K - $120K,Rs66L - Rs1Cr,Mid Income,28570,15130,102,148.3333333,High
29,26 - 35,M,$60K - $80K,Rs50L - Rs66L,Mid Income,12495,14524,106,137.0188679,High
46,46 - 55,M,$60K - $80K,Rs50L - Rs66L,Mid Income,13344,8534,86,99.23255814,High
50,46 - 55,M,$120K +,Rs1Cr +,High Income,32563,9220,81,113.8271605,High
49,46 - 55,F,Unknown,Unknown,Unknown,3375,13992,103,135.8446602,High
50,46 - 55,M,$60K - $80K,Rs50L - Rs66L,Mid Income,12299,15060,90,167.3333333,High
60,55+,M,Less than $40K,<Rs33L,Low Income,4613,8970,78,115,High
55,46 - 55,F,Less than $40K,<Rs33L,Low Income,10858,14475,111,130.4054054,High
57,55+,M,$80K - $120K,Rs66L - Rs1Cr,Mid Income,34516,14287,114,125.3245614,High
47,46 - 55,M,$60K - $80K,Rs50L - Rs66L,Mid Income,4207,15312,122,125.5081967,High
45,36 - 45,F,Less than $40K,<Rs33L,Low Income,3336,13989,105,133.2285714,High
45,36 - 45,F,Less than $40K,<Rs33L,Low Income,5465,14192,115,123.4086957,High
55,46 - 55,F,Less than $40K,<Rs33L,Low Income,12633,14378,98,146.7142857,High
39,36 - 45,M,$80K - $120K,Rs66L - Rs1Cr,Mid Income,34516,14576,95,153.4315789,High
35,26 - 35,F,Less than $40K,<Rs33L,Low Income,3876,7712,73,105.6438356,High
40,36 - 45,F,Unknown,Unknown,Unknown,3326,13583,110,123.4818182,High
49,46 - 55,M,$120K +,Rs1Cr +,High Income,34516,14212,100,142.12,High
32,26 - 35,M,$40K - $60K,Rs33L - Rs50L,Low Income,3264,6439,63,102.2063492,High
46,46 - 55,M,$40K - $60K,Rs33L - Rs50L,Low Income,6903,15751,107,147.2056075,High
42,36 - 45,F,Less than $40K,<Rs33L,Low Income,2940,14792,120,123.2666667,High
51,46 - 55,M,$60K - $80K,Rs50L - Rs66L,Mid Income,13731,14826,99,149.7575758,High
52,46 - 55,M,$40K - $60K,Rs33L - Rs50L,Low Income,4826,8585,62,138.4677419,High
43,36 - 45,M,$60K - $80K,Rs50L - Rs66L,Mid Income,4259,7993,71,112.5774648,High
38,36 - 45,M,$40K - $60K,Rs33L - Rs50L,Low Income,3523,15108,118,128.0338983,High
44,36 - 45,M,$60K - $80K,Rs50L - Rs66L,Mid Income,34516,13967,101,138.2871287,High
47,46 - 55,F,Unknown,Unknown,Unknown,16998,13977,127,110.0551181,High
56,55+,M,$120K +,Rs1Cr +,High Income,11714,13956,122,114.3934426,High
32,26 - 35,M,$60K - $80K,Rs50L - Rs66L,Mid Income,4097,8376,64,130.875,High
41,36 - 45,F,Less than $40K,<Rs33L,Low Income,3952,8241,82,100.5,High
41,36 - 45,F,Unknown,Unknown,Unknown,29295,9865,65,151.7692308,High
31,26 - 35,F,Unknown,Unknown,Unknown,26423,13575,108,125.6944444,High
45,36 - 45,F,Less than $40K,<Rs33L,Low Income,3196,13300,104,127.8846154,High
50,46 - 55,F,Less than $40K,<Rs33L,Low Income,4935,8527,84,101.5119048,High
31,26 - 35,M,$60K - $80K,Rs50L - Rs66L,Mid Income,34516,15347,109,140.7981651,High
47,46 - 55,M,$80K - $120K,Rs66L - Rs1Cr,Mid Income,12933,6564,56,117.2142857,High
42,36 - 45,M,$60K - $80K,Rs50L - Rs66L,Mid Income,29937,14863,109,136.3577982,High
48,46 - 55,F,Less than $40K,<Rs33L,Low Income,8881,15530,110,141.1818182,High
52,46 - 55,M,$80K - $120K,Rs66L - Rs1Cr,Mid Income,27514,12841,100,128.41,High
45,36 - 45,M,$80K - $120K,Rs66L - Rs1Cr,Mid Income,32275,14917,88,169.5113636,High
48,46 - 55,F,Less than $40K,<Rs33L,Low Income,4107,16027,112,143.0982143,High
53,46 - 55,F,Unknown,Unknown,Unknown,7469,15212,124,122.6774194,High
58,55+,F,Less than $40K,<Rs33L,Low Income,5023,14111,98,143.9897959,High
36,36 - 45,F,Less than $40K,<Rs33L,Low Income,6071,9338,59,158.2711864,High
45,36 - 45,M,$60K - $80K,Rs50L - Rs66L,Mid Income,27494,14375,112,128.3482143,High
41,36 - 45,F,Less than $40K,<Rs33L,Low Income,7106,16377,124,132.0725806,High
43,36 - 45,M,$60K - $80K,Rs50L - Rs66L,Mid Income,17230,14781,130,113.7,High
49,46 - 55,M,$80K - $120K,Rs66L - Rs1Cr,Mid Income,30885,17350,115,150.8695652,High
53,46 - 55,F,Less than $40K,<Rs33L,Low Income,3629,14205,102,139.2647059,High
39,36 - 45,M,$120K +,Rs1Cr +,High Income,34516,7721,75,102.9466667,High
50,46 - 55,F,Unknown,Unknown,Unknown,17970,13204,97,136.1237113,High
38,36 - 45,M,Less than $40K,<Rs33L,Low Income,10343,14805,115,128.7391304,High
43,36 - 45,M,$40K - $60K,Rs33L - Rs50L,Low Income,9267,7991,90,88.78888889,High
55,46 - 55,F,$40K - $60K,Rs33L - Rs50L,Low Income,2985,14187,103,137.7378641,High
39,36 - 45,F,Less than $40K,<Rs33L,Low Income,14386,13377,114,117.3421053,High
38,36 - 45,M,$40K - $60K,Rs33L - Rs50L,Low Income,3581,14637,109,134.2844037,High
37,36 - 45,M,Less than $40K,<Rs33L,Low Income,3079,14540,104,139.8076923,High
48,46 - 55,F,Less than $40K,<Rs33L,Low Income,3594,14881,109,136.5229358,High
34,26 - 35,M,$60K - $80K,Rs50L - Rs66L,Mid Income,10488,14719,116,126.887931,High
50,46 - 55,M,$80K - $120K,Rs66L - Rs1Cr,Mid Income,34516,7155,66,108.4090909,High
41,36 - 45,M,$80K - $120K,Rs66L - Rs1Cr,Mid Income,24001,9102,75,121.36,High
49,46 - 55,F,Less than $40K,<Rs33L,Low Income,5500,14357,110,130.5181818,High
37,36 - 45,M,$120K +,Rs1Cr +,High Income,34516,14127,116,121.7844828,High
46,46 - 55,M,$120K +,Rs1Cr +,High Income,7790,14567,131,111.1984733,High
53,46 - 55,M,$80K - $120K,Rs66L - Rs1Cr,Mid Income,10301,16359,111,147.3783784,High
48,46 - 55,F,Unknown,Unknown,Unknown,23939,14812,101,146.6534653,High
31,26 - 35,M,$80K - $120K,Rs66L - Rs1Cr,Mid Income,21615,16464,103,159.8446602,High
40,36 - 45,F,Less than $40K,<Rs33L,Low Income,8712,14512,115,126.1913043,High
37,36 - 45,F,Less than $40K,<Rs33L,Low Income,12203,8600,94,91.4893617,High
61,55+,M,$60K - $80K,Rs50L - Rs66L,Mid Income,15483,14463,94,153.8617021,High
45,36 - 45,M,$80K - $120K,Rs66L - Rs1Cr,Mid Income,20356,15180,121,125.4545455,High
32,26 - 35,F,Less than $40K,<Rs33L,Low Income,3548,15157,97,156.257732,High
31,26 - 35,M,$40K - $60K,Rs33L - Rs50L,Low Income,4661,14257,110,129.6090909,High
43,36 - 45,F,Less than $40K,<Rs33L,Low Income,15987,15058,109,138.146789,High
57,55+,M,$80K - $120K,Rs66L - Rs1Cr,Mid Income,30543,7784,63,123.5555556,High
42,36 - 45,F,Less than $40K,<Rs33L,Low Income,5230,9495,61,155.6557377,High
43,36 - 45,M,$80K - $120K,Rs66L - Rs1Cr,Mid Income,34516,14160,124,114.1935484,High
39,36 - 45,F,Less than $40K,<Rs33L,Low Income,3246,13671,103,132.7281553,High
46,46 - 55,F,$40K - $60K,Rs33L - Rs50L,Low Income,10018,13819,114,121.2192982,High
43,36 - 45,F,Less than $40K,<Rs33L,Low Income,10272,14321,113,126.7345133,High
32,26 - 35,F,Less than $40K,<Rs33L,Low Income,4097,15925,100,159.25,High
49,46 - 55,F,Unknown,Unknown,Unknown,19846,16908,122,138.5901639,High
32,26 - 35,M,$60K - $80K,Rs50L - Rs66L,Mid Income,4469,8314,67,124.0895522,High
49,46 - 55,M,$80K - $120K,Rs66L - Rs1Cr,Mid Income,20701,14374,113,127.2035398,High
54,46 - 55,M,$120K +,Rs1Cr +,High Income,8426,14378,103,139.592233,High
38,36 - 45,M,$80K - $120K,Rs66L - Rs1Cr,Mid Income,16722,15110,113,133.7168142,High
60,55+,M,$80K - $120K,Rs66L - Rs1Cr,Mid Income,34516,13434,102,131.7058824,High
47,46 - 55,M,$40K - $60K,Rs33L - Rs50L,Low Income,4413,7869,76,103.5394737,High
31,26 - 35,F,Less than $40K,<Rs33L,Low Income,5342,14738,94,156.787234,High
52,46 - 55,M,$40K - $60K,Rs33L - Rs50L,Low Income,8455,8124,73,111.2876712,High
49,46 - 55,M,Less than $40K,<Rs33L,Low Income,7659,15860,105,151.047619,High
49,46 - 55,F,Less than $40K,<Rs33L,Low Income,11059,9524,80,119.05,High
31,26 - 35,M,Less than $40K,<Rs33L,Low Income,4093,15495,112,138.3482143,High
39,36 - 45,M,$80K - $120K,Rs66L - Rs1Cr,Mid Income,24239,8549,73,117.109589,High
44,36 - 45,M,$120K +,Rs1Cr +,High Income,7793,8260,54,152.962963,High
32,26 - 35,M,$80K - $120K,Rs66L - Rs1Cr,Mid Income,6407,14471,93,155.6021505,High
57,55+,M,$60K - $80K,Rs50L - Rs66L,Mid Income,6024,15763,97,162.5051546,High
48,46 - 55,F,Less than $40K,<Rs33L,Low Income,3352,14802,106,139.6415094,High
44,36 - 45,M,$80K - $120K,Rs66L - Rs1Cr,Mid Income,32222,14220,95,149.6842105,High
31,26 - 35,F,Unknown,Unknown,Unknown,34516,14544,104,139.8461538,High
44,36 - 45,F,Unknown,Unknown,Unknown,34516,12042,117,102.9230769,High
49,46 - 55,M,$80K - $120K,Rs66L - Rs1Cr,Mid Income,31091,14565,108,134.8611111,High
54,46 - 55,M,$80K - $120K,Rs66L - Rs1Cr,Mid Income,7464,9071,74,122.5810811,High
29,26 - 35,M,$120K +,Rs1Cr +,High Income,11722,8302,78,106.4358974,High
41,36 - 45,M,Less than $40K,<Rs33L,Low Income,7769,8109,74,109.5810811,High
46,46 - 55,M,$120K +,Rs1Cr +,High Income,3569,16695,116,143.9224138,High
47,46 - 55,F,Less than $40K,<Rs33L,Low Income,3216,14178,123,115.2682927,High
30,26 - 35,M,Less than $40K,<Rs33L,Low Income,3789,15670,116,135.0862069,High
31,26 - 35,F,Less than $40K,<Rs33L,Low Income,3533,16339,120,136.1583333,High
43,36 - 45,M,$120K +,Rs1Cr +,High Income,34516,15226,113,134.7433628,High
52,46 - 55,M,$80K - $120K,Rs66L - Rs1Cr,Mid Income,27229,13264,120,110.5333333,High
52,46 - 55,M,$80K - $120K,Rs66L - Rs1Cr,Mid Income,34516,5806,40,145.15,High
43,36 - 45,F,Less than $40K,<Rs33L,Low Income,6261,8132,64,127.0625,High
57,55+,F,Less than $40K,<Rs33L,Low Income,6996,15017,120,125.1416667,High
52,46 - 55,F,Less than $40K,<Rs33L,Low Income,4440,14973,112,133.6875,High
55,46 - 55,F,Less than $40K,<Rs33L,Low Income,3150,14750,96,153.6458333,High
57,55+,F,$40K - $60K,Rs33L - Rs50L,Low Income,4288,15505,113,137.2123894,High
54,46 - 55,M,$80K - $120K,Rs66L - Rs1Cr,Mid Income,34516,8444,68,124.1764706,High
51,46 - 55,F,Less than $40K,<Rs33L,Low Income,5189,16563,94,176.2021277,High
59,55+,M,$40K - $60K,Rs33L - Rs50L,Low Income,14458,8696,72,120.7777778,High
43,36 - 45,M,$120K +,Rs1Cr +,High Income,16909,15740,120,131.1666667,High
41,36 - 45,F,Less than $40K,<Rs33L,Low Income,6739,15471,115,134.5304348,High
45,36 - 45,M,$40K - $60K,Rs33L - Rs50L,Low Income,4982,8586,58,148.0344828,High
31,26 - 35,M,Less than $40K,<Rs33L,Low Income,12359,7528,70,107.5428571,High
51,46 - 55,M,$80K - $120K,Rs66L - Rs1Cr,Mid Income,9959,13810,124,111.3709677,High
53,46 - 55,M,$120K +,Rs1Cr +,High Income,8507,14949,114,131.1315789,High
48,46 - 55,M,$60K - $80K,Rs50L - Rs66L,Mid Income,15355,15053,111,135.6126126,High
59,55+,F,Unknown,Unknown,Unknown,23731,13647,93,146.7419355,High
42,36 - 45,F,$40K - $60K,Rs33L - Rs50L,Low Income,17909,5977,58,103.0517241,High
34,26 - 35,M,$40K - $60K,Rs33L - Rs50L,Low Income,3995,12575,99,127.020202,High
46,46 - 55,M,$60K - $80K,Rs50L - Rs66L,Mid Income,34516,9314,89,104.6516854,High
51,46 - 55,M,$120K +,Rs1Cr +,High Income,34516,8173,91,89.81318681,High
48,46 - 55,F,Less than $40K,<Rs33L,Low Income,8297,9819,74,132.6891892,High
52,46 - 55,M,$80K - $120K,Rs66L - Rs1Cr,Mid Income,5520,14330,116,123.5344828,High
58,55+,F,Unknown,Unknown,Unknown,3736,15886,118,134.6271186,High
38,36 - 45,M,$40K - $60K,Rs33L - Rs50L,Low Income,9664,7995,56,142.7678571,High
56,55+,F,Less than $40K,<Rs33L,Low Income,4132,14781,108,136.8611111,High
38,36 - 45,M,$120K +,Rs1Cr +,High Income,28043,14521,109,133.2201835,High
41,36 - 45,M,$80K - $120K,Rs66L - Rs1Cr,Mid Income,9959,15594,114,136.7894737,High
45,36 - 45,M,$120K +,Rs1Cr +,High Income,16453,14762,108,136.6851852,High
43,36 - 45,F,Less than $40K,<Rs33L,Low Income,8256,8104,64,126.625,High
31,26 - 35,M,$40K - $60K,Rs33L - Rs50L,Low Income,13427,13117,108,121.4537037,High
47,46 - 55,M,$40K - $60K,Rs33L - Rs50L,Low Income,3263,14649,110,133.1727273,High
34,26 - 35,M,$80K - $120K,Rs66L - Rs1Cr,Mid Income,34516,5112,49,104.3265306,High
40,36 - 45,M,$80K - $120K,Rs66L - Rs1Cr,Mid Income,23502,7957,60,132.6166667,High
35,26 - 35,M,$80K - $120K,Rs66L - Rs1Cr,Mid Income,7685,13604,116,117.2758621,High
32,26 - 35,F,Less than $40K,<Rs33L,Low Income,4065,7844,64,122.5625,High
41,36 - 45,M,$40K - $60K,Rs33L - Rs50L,Low Income,9815,15475,94,164.6276596,High
50,46 - 55,M,$120K +,Rs1Cr +,High Income,17374,15473,128,120.8828125,High
39,36 - 45,F,$40K - $60K,Rs33L - Rs50L,Low Income,7093,13937,120,116.1416667,High
33,26 - 35,M,$80K - $120K,Rs66L - Rs1Cr,Mid Income,34516,14202,114,124.5789474,High
48,46 - 55,F,Less than $40K,<Rs33L,Low Income,3329,14893,98,151.9693878,High
37,36 - 45,M,$80K - $120K,Rs66L - Rs1Cr,Mid Income,4116,8667,70,123.8142857,High
28,26 - 35,M,Unknown,Unknown,Unknown,20030,15862,127,124.8976378,High
49,46 - 55,F,Less than $40K,<Rs33L,Low Income,8687,16824,123,136.7804878,High
39,36 - 45,M,$80K - $120K,Rs66L - Rs1Cr,Mid Income,8656,8056,89,90.51685393,High
45,36 - 45,F,Less than $40K,<Rs33L,Low Income,3544,15149,111,136.4774775,High
29,26 - 35,M,$40K - $60K,Rs33L - Rs50L,Low Income,5988,10211,68,150.1617647,High
54,46 - 55,F,Less than $40K,<Rs33L,Low Income,4917,9442,69,136.8405797,High
53,46 - 55,M,$80K - $120K,Rs66L - Rs1Cr,Mid Income,18591,15063,108,139.4722222,High
39,36 - 45,M,$40K - $60K,Rs33L - Rs50L,Low Income,3297,15580,120,129.8333333,High
43,36 - 45,F,Less than $40K,<Rs33L,Low Income,5702,14970,120,124.75,High
27,26 - 35,F,Less than $40K,<Rs33L,Low Income,10982,13563,97,139.8247423,High
43,36 - 45,M,$60K - $80K,Rs50L - Rs66L,Mid Income,34516,13966,115,121.4434783,High
37,36 - 45,M,$60K - $80K,Rs50L - Rs66L,Mid Income,20144,14287,106,134.7830189,High
47,46 - 55,F,Unknown,Unknown,Unknown,16349,16207,114,142.1666667,High
48,46 - 55,F,Less than $40K,<Rs33L,Low Income,10610,15050,108,139.3518519,High
43,36 - 45,M,$40K - $60K,Rs33L - Rs50L,Low Income,7386,15691,126,124.531746,High
41,36 - 45,F,Less than $40K,<Rs33L,Low Income,4720,8798,67,131.3134328,High
49,46 - 55,M,$80K - $120K,Rs66L - Rs1Cr,Mid Income,3660,14515,122,118.9754098,High
46,46 - 55,M,$80K - $120K,Rs66L - Rs1Cr,Mid Income,12932,15372,97,158.4742268,High
60,55+,F,Less than $40K,<Rs33L,Low Income,6089,14112,123,114.7317073,High
53,46 - 55,M,$60K - $80K,Rs50L - Rs66L,Mid Income,5905,8883,83,107.0240964,High
28,26 - 35,F,Unknown,Unknown,Unknown,23103,14049,120,117.075,High
52,46 - 55,F,Less than $40K,<Rs33L,Low Income,11280,16237,128,126.8515625,High
38,36 - 45,M,$60K - $80K,Rs50L - Rs66L,Mid Income,16565,16736,99,169.0505051,High
50,46 - 55,M,$120K +,Rs1Cr +,High Income,34516,16692,131,127.4198473,High
31,26 - 35,F,Less than $40K,<Rs33L,Low Income,14305,14769,119,124.1092437,High
35,26 - 35,M,Less than $40K,<Rs33L,Low Income,6104,15240,102,149.4117647,High
48,46 - 55,F,$40K - $60K,Rs33L - Rs50L,Low Income,4207,15124,108,140.037037,High
51,46 - 55,M,$120K +,Rs1Cr +,High Income,34516,14145,119,118.8655462,High
52,46 - 55,M,$120K +,Rs1Cr +,High Income,34516,7341,71,103.3943662,High
52,46 - 55,M,$60K - $80K,Rs50L - Rs66L,Mid Income,34516,14738,116,127.0517241,High
30,26 - 35,M,$40K - $60K,Rs33L - Rs50L,Low Income,4063,7463,70,106.6142857,High
36,36 - 45,M,$120K +,Rs1Cr +,High Income,11791,14885,101,147.3762376,High
29,26 - 35,M,$60K - $80K,Rs50L - Rs66L,Mid Income,17744,9658,78,123.8205128,High
58,55+,M,$120K +,Rs1Cr +,High Income,34516,15560,100,155.6,High
55,46 - 55,M,$80K - $120K,Rs66L - Rs1Cr,Mid Income,21032,15584,105,148.4190476,High
61,55+,M,$60K - $80K,Rs50L - Rs66L,Mid Income,18571,15802,118,133.9152542,High
51,46 - 55,F,$40K - $60K,Rs33L - Rs50L,Low Income,3735,6826,61,111.9016393,High
53,46 - 55,F,$40K - $60K,Rs33L - Rs50L,Low Income,10948,16230,111,146.2162162,High
44,36 - 45,M,$60K - $80K,Rs50L - Rs66L,Mid Income,29076,8765,84,104.3452381,High
47,46 - 55,M,$60K - $80K,Rs50L - Rs66L,Mid Income,20237,15041,102,147.4607843,High
51,46 - 55,F,Unknown,Unknown,Unknown,34516,16712,123,135.8699187,High
53,46 - 55,M,$120K +,Rs1Cr +,High Income,34516,8417,72,116.9027778,High
45,36 - 45,F,$40K - $60K,Rs33L - Rs50L,Low Income,4307,8697,62,140.2741935,High
38,36 - 45,M,$120K +,Rs1Cr +,High Income,34516,15611,127,122.9212598,High
42,36 - 45,F,Unknown,Unknown,Unknown,14828,15572,113,137.8053097,High
29,26 - 35,M,Less than $40K,<Rs33L,Low Income,3839,14791,124,119.2822581,High
37,36 - 45,F,Less than $40K,<Rs33L,Low Income,3727,14786,101,146.3960396,High
45,36 - 45,M,$80K - $120K,Rs66L - Rs1Cr,Mid Income,14290,14709,125,117.672,High
34,26 - 35,F,$40K - $60K,Rs33L - Rs50L,Low Income,7594,15026,99,151.7777778,High
50,46 - 55,F,Less than $40K,<Rs33L,Low Income,8416,13988,124,112.8064516,High
44,36 - 45,M,$60K - $80K,Rs50L - Rs66L,Mid Income,34140,8177,76,107.5921053,High
42,36 - 45,F,$40K - $60K,Rs33L - Rs50L,Low Income,13753,7464,66,113.0909091,High
44,36 - 45,M,$80K - $120K,Rs66L - Rs1Cr,Mid Income,3472,13999,119,117.6386555,High
42,36 - 45,M,$40K - $60K,Rs33L - Rs50L,Low Income,15315,14728,100,147.28,High
54,46 - 55,M,$120K +,Rs1Cr +,High Income,12086,15559,91,170.978022,High
60,55+,M,$60K - $80K,Rs50L - Rs66L,Mid Income,34516,14954,95,157.4105263,High
47,46 - 55,F,Less than $40K,<Rs33L,Low Income,5016,17038,122,139.6557377,High
42,36 - 45,M,$40K - $60K,Rs33L - Rs50L,Low Income,4333,15903,100,159.03,High
46,46 - 55,M,$60K - $80K,Rs50L - Rs66L,Mid Income,10325,16856,122,138.1639344,High
49,46 - 55,M,$60K - $80K,Rs50L - Rs66L,Mid Income,18418,9980,68,146.7647059,High
43,36 - 45,F,$40K - $60K,Rs33L - Rs50L,Low Income,9633,14829,90,164.7666667,High
47,46 - 55,M,$60K - $80K,Rs50L - Rs66L,Mid Income,3842,14751,107,137.8598131,High
45,36 - 45,M,$80K - $120K,Rs66L - Rs1Cr,Mid Income,20958,14314,99,144.5858586,High
45,36 - 45,F,Unknown,Unknown,Unknown,3024,14220,108,131.6666667,High
34,26 - 35,F,$40K - $60K,Rs33L - Rs50L,Low Income,8698,15683,94,166.8404255,High
43,36 - 45,M,$80K - $120K,Rs66L - Rs1Cr,Mid Income,6824,9045,67,135,High
50,46 - 55,M,$80K - $120K,Rs66L - Rs1Cr,Mid Income,34516,16019,105,152.5619048,High
44,36 - 45,M,$80K - $120K,Rs66L - Rs1Cr,Mid Income,34516,14335,116,123.5775862,High
38,36 - 45,F,Less than $40K,<Rs33L,Low Income,3311,14470,103,140.4854369,High
54,46 - 55,M,$60K - $80K,Rs50L - Rs66L,Mid Income,4752,15678,103,152.2135922,High
51,46 - 55,M,$80K - $120K,Rs66L - Rs1Cr,Mid Income,4041,8219,84,97.8452381,High
43,36 - 45,F,$40K - $60K,Rs33L - Rs50L,Low Income,19713,8301,70,118.5857143,High
48,46 - 55,F,$40K - $60K,Rs33L - Rs50L,Low Income,6725,13891,106,131.0471698,High
31,26 - 35,M,Less than $40K,<Rs33L,Low Income,15261,15442,125,123.536,High
32,26 - 35,F,Unknown,Unknown,Unknown,33779,15200,126,120.6349206,High
42,36 - 45,F,Unknown,Unknown,Unknown,15648,13784,88,156.6363636,High
28,26 - 35,M,$40K - $60K,Rs33L - Rs50L,Low Income,9283,13804,110,125.4909091,High
49,46 - 55,M,$40K - $60K,Rs33L - Rs50L,Low Income,3970,13697,102,134.2843137,High
44,36 - 45,F,Less than $40K,<Rs33L,Low Income,6159,13517,106,127.5188679,High
31,26 - 35,F,Less than $40K,<Rs33L,Low Income,4829,8286,65,127.4769231,High
59,55+,M,$80K - $120K,Rs66L - Rs1Cr,Mid Income,15633,8660,58,149.3103448,High
47,46 - 55,M,$120K +,Rs1Cr +,High Income,34516,14738,113,130.4247788,High
51,46 - 55,M,$40K - $60K,Rs33L - Rs50L,Low Income,10017,15635,116,134.7844828,High
53,46 - 55,F,Less than $40K,<Rs33L,Low Income,3895,16023,119,134.6470588,High
51,46 - 55,M,$80K - $120K,Rs66L - Rs1Cr,Mid Income,5611,16557,120,137.975,High
51,46 - 55,M,$40K - $60K,Rs33L - Rs50L,Low Income,22722,15817,121,130.7190083,High
38,36 - 45,M,$80K - $120K,Rs66L - Rs1Cr,Mid Income,16033,15260,115,132.6956522,High
40,36 - 45,M,$80K - $120K,Rs66L - Rs1Cr,Mid Income,12978,14134,85,166.2823529,High
57,55+,F,Less than $40K,<Rs33L,Low Income,9129,7733,81,95.4691358,High
45,36 - 45,F,Less than $40K,<Rs33L,Low Income,7500,8024,78,102.8717949,High
50,46 - 55,M,$80K - $120K,Rs66L - Rs1Cr,Mid Income,14804,15237,111,137.2702703,High
53,46 - 55,M,$80K - $120K,Rs66L - Rs1Cr,Mid Income,34516,14319,124,115.4758065,High
47,46 - 55,M,$80K - $120K,Rs66L - Rs1Cr,Mid Income,9683,15627,104,150.2596154,High
35,26 - 35,M,$60K - $80K,Rs50L - Rs66L,Mid Income,19671,13908,124,112.1612903,High
42,36 - 45,M,$80K - $120K,Rs66L - Rs1Cr,Mid Income,34516,13845,120,115.375,High
40,36 - 45,F,Less than $40K,<Rs33L,Low Income,5056,15926,117,136.1196581,High
48,46 - 55,M,$60K - $80K,Rs50L - Rs66L,Mid Income,25217,15054,110,136.8545455,High
27,26 - 35,M,Less than $40K,<Rs33L,Low Income,3585,15656,124,126.2580645,High
31,26 - 35,F,Unknown,Unknown,Unknown,21067,9212,71,129.7464789,High
40,36 - 45,M,$60K - $80K,Rs50L - Rs66L,Mid Income,4283,8672,64,135.5,High
37,36 - 45,M,$80K - $120K,Rs66L - Rs1Cr,Mid Income,25187,16606,96,172.9791667,High
60,55+,F,Unknown,Unknown,Unknown,7469,16328,124,131.6774194,High
50,46 - 55,M,$60K - $80K,Rs50L - Rs66L,Mid Income,18142,15427,95,162.3894737,High
49,46 - 55,M,$80K - $120K,Rs66L - Rs1Cr,Mid Income,29865,8636,74,116.7027027,High
52,46 - 55,M,$60K - $80K,Rs50L - Rs66L,Mid Income,3388,15313,91,168.2747253,High
49,46 - 55,M,$80K - $120K,Rs66L - Rs1Cr,Mid Income,34516,15154,99,153.0707071,High
49,46 - 55,F,Less than $40K,<Rs33L,Low Income,9431,14261,99,144.0505051,High
42,36 - 45,F,Unknown,Unknown,Unknown,30770,15998,121,132.214876,High
29,26 - 35,M,$60K - $80K,Rs50L - Rs66L,Mid Income,6500,9451,79,119.6329114,High
45,36 - 45,F,$40K - $60K,Rs33L - Rs50L,Low Income,4209,16078,105,153.1238095,High
32,26 - 35,M,$40K - $60K,Rs33L - Rs50L,Low Income,3657,16236,94,172.7234043,High
30,26 - 35,M,$60K - $80K,Rs50L - Rs66L,Mid Income,4107,14596,104,140.3461538,High
57,55+,F,Less than $40K,<Rs33L,Low Income,3638,16469,115,143.2086957,High
39,36 - 45,F,Less than $40K,<Rs33L,Low Income,8325,14571,91,160.1208791,High
49,46 - 55,M,$120K +,Rs1Cr +,High Income,27124,15195,121,125.5785124,High
38,36 - 45,F,Less than $40K,<Rs33L,Low Income,13747,16401,119,137.8235294,High
36,36 - 45,M,$60K - $80K,Rs50L - Rs66L,Mid Income,28174,16258,108,150.537037,High
31,26 - 35,M,$40K - $60K,Rs33L - Rs50L,Low Income,11109,13988,92,152.0434783,High
52,46 - 55,M,$80K - $120K,Rs66L - Rs1Cr,Mid Income,9959,8517,60,141.95,High
35,26 - 35,F,Less than $40K,<Rs33L,Low Income,4014,14257,94,151.6702128,High
46,46 - 55,M,$60K - $80K,Rs50L - Rs66L,Mid Income,21226,14103,96,146.90625,High
56,55+,F,$40K - $60K,Rs33L - Rs50L,Low Income,3681,13222,112,118.0535714,High
39,36 - 45,M,$80K - $120K,Rs66L - Rs1Cr,Mid Income,26710,14043,117,120.025641,High
32,26 - 35,F,Less than $40K,<Rs33L,Low Income,9550,13783,116,118.8189655,High
33,26 - 35,M,$120K +,Rs1Cr +,High Income,16127,7729,82,94.25609756,High
52,46 - 55,M,$120K +,Rs1Cr +,High Income,4935,7886,64,123.21875,High
55,46 - 55,M,$80K - $120K,Rs66L - Rs1Cr,Mid Income,18022,14485,106,136.6509434,High
50,46 - 55,M,$80K - $120K,Rs66L - Rs1Cr,Mid Income,16748,15338,121,126.7603306,High
44,36 - 45,M,$40K - $60K,Rs33L - Rs50L,Low Income,10973,10583,75,141.1066667,High
32,26 - 35,F,Less than $40K,<Rs33L,Low Income,14143,13785,117,117.8205128,High
51,46 - 55,M,$80K - $120K,Rs66L - Rs1Cr,Mid Income,34516,8614,63,136.7301587,High
54,46 - 55,M,$120K +,Rs1Cr +,High Income,7684,7667,68,112.75,High
45,36 - 45,M,$120K +,Rs1Cr +,High Income,34516,8603,84,102.4166667,High
44,36 - 45,F,Unknown,Unknown,Unknown,26021,8898,60,148.3,High
44,36 - 45,M,$40K - $60K,Rs33L - Rs50L,Low Income,3843,16461,105,156.7714286,High
40,36 - 45,M,$80K - $120K,Rs66L - Rs1Cr,Mid Income,14840,16256,111,146.4504505,High
39,36 - 45,M,$80K - $120K,Rs66L - Rs1Cr,Mid Income,3929,7773,64,121.453125,High
48,46 - 55,M,$40K - $60K,Rs33L - Rs50L,Low Income,11427,15243,107,142.4579439,High
48,46 - 55,F,Unknown,Unknown,Unknown,20974,15903,121,131.4297521,High
43,36 - 45,M,$40K - $60K,Rs33L - Rs50L,Low Income,3771,14662,125,117.296,High
56,55+,M,$120K +,Rs1Cr +,High Income,23362,15399,116,132.75,High
32,26 - 35,F,Less than $40K,<Rs33L,Low Income,8135,8620,67,128.6567164,High
40,36 - 45,F,Less than $40K,<Rs33L,Low Income,13669,15772,130,121.3230769,High
54,46 - 55,M,$80K - $120K,Rs66L - Rs1Cr,Mid Income,34516,13756,106,129.7735849,High
36,36 - 45,M,$60K - $80K,Rs50L - Rs66L,Mid Income,9764,15097,115,131.2782609,High
48,46 - 55,M,$60K - $80K,Rs50L - Rs66L,Mid Income,8431,5189,57,91.03508772,High
47,46 - 55,M,$60K - $80K,Rs50L - Rs66L,Mid Income,10585,18484,108,171.1481481,High
41,36 - 45,M,$120K +,Rs1Cr +,High Income,34516,15033,98,153.3979592,High
57,55+,F,Less than $40K,<Rs33L,Low Income,7882,14651,120,122.0916667,High
39,36 - 45,F,Unknown,Unknown,Unknown,33905,15335,99,154.8989899,High
51,46 - 55,F,Unknown,Unknown,Unknown,33004,10156,72,141.0555556,High
40,36 - 45,M,$120K +,Rs1Cr +,High Income,20891,14641,117,125.1367521,High
59,55+,M,$80K - $120K,Rs66L - Rs1Cr,Mid Income,22715,15004,117,128.2393162,High
46,46 - 55,M,Less than $40K,<Rs33L,Low Income,3818,14731,113,130.3628319,High
52,46 - 55,M,$80K - $120K,Rs66L - Rs1Cr,Mid Income,3526,7775,63,123.4126984,High
41,36 - 45,M,$40K - $60K,Rs33L - Rs50L,Low Income,6991,14994,104,144.1730769,High
41,36 - 45,M,$40K - $60K,Rs33L - Rs50L,Low Income,16268,13969,120,116.4083333,High
38,36 - 45,M,$80K - $120K,Rs66L - Rs1Cr,Mid Income,5768,9867,78,126.5,High
57,55+,M,$120K +,Rs1Cr +,High Income,34516,16392,116,141.3103448,High
41,36 - 45,F,Less than $40K,<Rs33L,Low Income,9491,9061,51,177.6666667,High
45,36 - 45,F,Less than $40K,<Rs33L,Low Income,15987,14209,103,137.9514563,High
37,36 - 45,M,$40K - $60K,Rs33L - Rs50L,Low Income,3645,15559,120,129.6583333,High
61,55+,F,Less than $40K,<Rs33L,Low Income,3466,15075,124,121.5725806,High
49,46 - 55,F,Less than $40K,<Rs33L,Low Income,9797,15013,116,129.4224138,High
31,26 - 35,F,Less than $40K,<Rs33L,Low Income,3399,13148,121,108.661157,High
40,36 - 45,M,$60K - $80K,Rs50L - Rs66L,Mid Income,4155,15851,128,123.8359375,High
46,46 - 55,F,Less than $40K,<Rs33L,Low Income,15164,8356,68,122.8823529,High
30,26 - 35,F,Unknown,Unknown,Unknown,13894,9351,69,135.5217391,High
50,46 - 55,M,$80K - $120K,Rs66L - Rs1Cr,Mid Income,34516,15059,118,127.6186441,High
56,55+,M,$60K - $80K,Rs50L - Rs66L,Mid Income,6828,14713,104,141.4711538,High
46,46 - 55,F,$40K - $60K,Rs33L - Rs50L,Low Income,5542,8246,59,139.7627119,High
58,55+,M,$120K +,Rs1Cr +,High Income,15733,13986,97,144.185567,High
38,36 - 45,M,$60K - $80K,Rs50L - Rs66L,Mid Income,30082,15240,126,120.952381,High
46,46 - 55,M,$120K +,Rs1Cr +,High Income,3659,16252,112,145.1071429,High
58,55+,M,$80K - $120K,Rs66L - Rs1Cr,Mid Income,22718,8100,77,105.1948052,High
43,36 - 45,M,$80K - $120K,Rs66L - Rs1Cr,Mid Income,3676,14651,105,139.5333333,High
53,46 - 55,M,$60K - $80K,Rs50L - Rs66L,Mid Income,17721,14409,83,173.6024096,High
59,55+,F,Less than $40K,<Rs33L,Low Income,4404,15709,93,168.9139785,High
40,36 - 45,F,Less than $40K,<Rs33L,Low Income,4423,8935,87,102.7011494,High
49,46 - 55,M,$60K - $80K,Rs50L - Rs66L,Mid Income,34516,15095,102,147.9901961,High
30,26 - 35,F,Less than $40K,<Rs33L,Low Income,4184,14999,110,136.3545455,High
51,46 - 55,M,$80K - $120K,Rs66L - Rs1Cr,Mid Income,34516,15151,104,145.6826923,High
47,46 - 55,F,Unknown,Unknown,Unknown,26923,13643,94,145.1382979,High
33,26 - 35,M,$40K - $60K,Rs33L - Rs50L,Low Income,15977,7745,64,121.015625,High
59,55+,M,$80K - $120K,Rs66L - Rs1Cr,Mid Income,26812,14838,110,134.8909091,High
44,36 - 45,M,$60K - $80K,Rs50L - Rs66L,Mid Income,5175,14304,99,144.4848485,High
30,26 - 35,F,Less than $40K,<Rs33L,Low Income,3955,16423,109,150.6697248,High
43,36 - 45,M,$120K +,Rs1Cr +,High Income,22355,14268,99,144.1212121,High
56,55+,M,$80K - $120K,Rs66L - Rs1Cr,Mid Income,23240,9441,82,115.1341463,High
43,36 - 45,M,$60K - $80K,Rs50L - Rs66L,Mid Income,5479,14728,126,116.8888889,High
50,46 - 55,M,$120K +,Rs1Cr +,High Income,16081,6100,61,100,High
32,26 - 35,F,Less than $40K,<Rs33L,Low Income,5497,16266,124,131.1774194,High
39,36 - 45,M,Less than $40K,<Rs33L,Low Income,14135,13703,99,138.4141414,High
38,36 - 45,M,$60K - $80K,Rs50L - Rs66L,Mid Income,31546,15311,108,141.7685185,High
49,46 - 55,M,$80K - $120K,Rs66L - Rs1Cr,Mid Income,34516,15134,124,122.0483871,High
52,46 - 55,F,Less than $40K,<Rs33L,Low Income,4353,9226,85,108.5411765,High
48,46 - 55,M,$80K - $120K,Rs66L - Rs1Cr,Mid Income,34516,16579,109,152.1009174,High
48,46 - 55,F,Unknown,Unknown,Unknown,3310,14542,89,163.3932584,High
49,46 - 55,M,$40K - $60K,Rs33L - Rs50L,Low Income,4601,9610,76,126.4473684,High
46,46 - 55,M,$40K - $60K,Rs33L - Rs50L,Low Income,3981,14340,114,125.7894737,High
40,36 - 45,F,Less than $40K,<Rs33L,Low Income,4458,9640,70,137.7142857,High
48,46 - 55,M,$80K - $120K,Rs66L - Rs1Cr,Mid Income,10292,15148,111,136.4684685,High
44,36 - 45,F,Unknown,Unknown,Unknown,15944,9360,67,139.7014925,High
30,26 - 35,F,Unknown,Unknown,Unknown,4377,8759,74,118.3648649,High
46,46 - 55,M,$60K - $80K,Rs50L - Rs66L,Mid Income,4930,7412,60,123.5333333,High
49,46 - 55,F,Less than $40K,<Rs33L,Low Income,4982,9274,65,142.6769231,High
50,46 - 55,M,$120K +,Rs1Cr +,High Income,34162,7572,56,135.2142857,High
55,46 - 55,M,$80K - $120K,Rs66L - Rs1Cr,Mid Income,4047,16191,102,158.7352941,High
43,36 - 45,F,Less than $40K,<Rs33L,Low Income,6380,17119,124,138.0564516,High
42,36 - 45,F,Less than $40K,<Rs33L,Low Income,3534,13588,94,144.5531915,High
36,36 - 45,F,Less than $40K,<Rs33L,Low Income,6091,17437,113,154.3097345,High
42,36 - 45,M,$40K - $60K,Rs33L - Rs50L,Low Income,23981,14840,125,118.72,High
53,46 - 55,F,Less than $40K,<Rs33L,Low Income,7832,14614,106,137.8679245,High
56,55+,M,$120K +,Rs1Cr +,High Income,34516,13759,120,114.6583333,High
49,46 - 55,F,Less than $40K,<Rs33L,Low Income,13704,15872,116,136.8275862,High
39,36 - 45,M,Less than $40K,<Rs33L,Low Income,4423,15467,112,138.0982143,High
56,55+,M,$60K - $80K,Rs50L - Rs66L,Mid Income,6224,8979,68,132.0441176,High
41,36 - 45,F,Less than $40K,<Rs33L,Low Income,4133,16100,119,135.2941176,High
57,55+,M,$120K +,Rs1Cr +,High Income,34516,15176,126,120.4444444,High
56,55+,M,$120K +,Rs1Cr +,High Income,5270,16179,105,154.0857143,High
48,46 - 55,M,$60K - $80K,Rs50L - Rs66L,Mid Income,34516,15279,122,125.2377049,High
38,36 - 45,M,$120K +,Rs1Cr +,High Income,3782,14977,117,128.008547,High
50,46 - 55,F,Unknown,Unknown,Unknown,5173,8757,68,128.7794118,High
56,55+,M,$60K - $80K,Rs50L - Rs66L,Mid Income,4058,15865,105,151.0952381,High
32,26 - 35,M,$60K - $80K,Rs50L - Rs66L,Mid Income,21551,14950,94,159.0425532,High
60,55+,M,$40K - $60K,Rs33L - Rs50L,Low Income,9805,14641,95,154.1157895,High
38,36 - 45,F,Less than $40K,<Rs33L,Low Income,7530,14719,115,127.9913043,High
45,36 - 45,M,$60K - $80K,Rs50L - Rs66L,Mid Income,8983,15163,124,122.2822581,High
53,46 - 55,F,$40K - $60K,Rs33L - Rs50L,Low Income,4855,14969,104,143.9326923,High
53,46 - 55,M,$40K - $60K,Rs33L - Rs50L,Low Income,5735,9088,64,142,High
48,46 - 55,M,$80K - $120K,Rs66L - Rs1Cr,Mid Income,9524,7527,58,129.7758621,High
55,46 - 55,M,Less than $40K,<Rs33L,Low Income,15987,15853,117,135.4957265,High
49,46 - 55,M,$120K +,Rs1Cr +,High Income,5181,8943,68,131.5147059,High
37,36 - 45,M,$60K - $80K,Rs50L - Rs66L,Mid Income,28831,8688,69,125.9130435,High
31,26 - 35,M,$40K - $60K,Rs33L - Rs50L,Low Income,4169,8565,70,122.3571429,High
46,46 - 55,F,$40K - $60K,Rs33L - Rs50L,Low Income,7020,16937,116,146.0086207,High
33,26 - 35,F,Less than $40K,<Rs33L,Low Income,3709,8130,74,109.8648649,High
30,26 - 35,M,Less than $40K,<Rs33L,Low Income,12833,9619,75,128.2533333,High
40,36 - 45,F,Less than $40K,<Rs33L,Low Income,3804,14321,102,140.4019608,High
50,46 - 55,M,$120K +,Rs1Cr +,High Income,21794,15111,116,130.2672414,High
43,36 - 45,M,$80K - $120K,Rs66L - Rs1Cr,Mid Income,3304,14565,120,121.375,High
59,55+,F,Less than $40K,<Rs33L,Low Income,3850,15107,117,129.1196581,High
49,46 - 55,M,$40K - $60K,Rs33L - Rs50L,Low Income,4158,15842,130,121.8615385,High
44,36 - 45,F,Less than $40K,<Rs33L,Low Income,4182,16920,114,148.4210526,High
29,26 - 35,M,$40K - $60K,Rs33L - Rs50L,Low Income,4626,14740,102,144.5098039,High
58,55+,M,$80K - $120K,Rs66L - Rs1Cr,Mid Income,3742,16401,121,135.5454545,High
43,36 - 45,F,Less than $40K,<Rs33L,Low Income,13651,9772,71,137.6338028,High
38,36 - 45,M,$60K - $80K,Rs50L - Rs66L,Mid Income,26794,8788,58,151.5172414,High
53,46 - 55,M,$80K - $120K,Rs66L - Rs1Cr,Mid Income,17190,15055,117,128.6752137,High
49,46 - 55,F,$40K - $60K,Rs33L - Rs50L,Low Income,4167,7590,87,87.24137931,High
44,36 - 45,F,Less than $40K,<Rs33L,Low Income,12944,16161,105,153.9142857,High
31,26 - 35,M,Less than $40K,<Rs33L,Low Income,6933,15585,115,135.5217391,High
47,46 - 55,M,$80K - $120K,Rs66L - Rs1Cr,Mid Income,34516,15930,123,129.5121951,High
37,36 - 45,M,$40K - $60K,Rs33L - Rs50L,Low Income,13589,9456,79,119.6962025,High
44,36 - 45,M,$80K - $120K,Rs66L - Rs1Cr,Mid Income,4552,14418,104,138.6346154,High
51,46 - 55,M,$60K - $80K,Rs50L - Rs66L,Mid Income,3750,17995,116,155.1293103,High
50,46 - 55,M,$60K - $80K,Rs50L - Rs66L,Mid Income,17655,16293,120,135.775,High
57,55+,F,Less than $40K,<Rs33L,Low Income,8224,16319,124,131.6048387,High
43,36 - 45,M,$80K - $120K,Rs66L - Rs1Cr,Mid Income,3946,14822,96,154.3958333,High
41,36 - 45,F,$40K - $60K,Rs33L - Rs50L,Low Income,5654,15123,111,136.2432432,High
40,36 - 45,M,$60K - $80K,Rs50L - Rs66L,Mid Income,16268,15925,124,128.4274194,High
45,36 - 45,M,$60K - $80K,Rs50L - Rs66L,Mid Income,28564,14875,107,139.0186916,High
42,36 - 45,F,Less than $40K,<Rs33L,Low Income,6172,16622,99,167.8989899,High
50,46 - 55,M,$40K - $60K,Rs33L - Rs50L,Low Income,5435,16202,117,138.4786325,High
29,26 - 35,M,$40K - $60K,Rs33L - Rs50L,Low Income,16496,16715,126,132.6587302,High
42,36 - 45,F,Unknown,Unknown,Unknown,8348,15905,111,143.2882883,High
46,46 - 55,F,Less than $40K,<Rs33L,Low Income,7562,14908,100,149.08,High
49,46 - 55,M,$120K +,Rs1Cr +,High Income,14938,15277,131,116.6183206,High
43,36 - 45,M,$80K - $120K,Rs66L - Rs1Cr,Mid Income,34516,16177,122,132.5983607,High
45,36 - 45,M,$40K - $60K,Rs33L - Rs50L,Low Income,7935,15380,122,126.0655738,High
45,36 - 45,M,$60K - $80K,Rs50L - Rs66L,Mid Income,34516,13940,105,132.7619048,High
52,46 - 55,F,Less than $40K,<Rs33L,Low Income,9611,7636,64,119.3125,High
36,36 - 45,F,$40K - $60K,Rs33L - Rs50L,Low Income,12958,15681,96,163.34375,High
52,46 - 55,M,$80K - $120K,Rs66L - Rs1Cr,Mid Income,4103,16344,118,138.5084746,High
40,36 - 45,F,Unknown,Unknown,Unknown,6888,9038,64,141.21875,High
38,36 - 45,M,$60K - $80K,Rs50L - Rs66L,Mid Income,21906,15349,119,128.9831933,High
59,55+,M,$60K - $80K,Rs50L - Rs66L,Mid Income,7288,14873,120,123.9416667,High
46,46 - 55,M,$80K - $120K,Rs66L - Rs1Cr,Mid Income,34516,15490,110,140.8181818,High
56,55+,M,$80K - $120K,Rs66L - Rs1Cr,Mid Income,12540,16518,115,143.6347826,High
31,26 - 35,M,$40K - $60K,Rs33L - Rs50L,Low Income,4493,17744,104,170.6153846,High
55,46 - 55,M,$120K +,Rs1Cr +,High Income,34516,9931,70,141.8714286,High
51,46 - 55,F,Less than $40K,<Rs33L,Low Income,8900,16737,88,190.1931818,High
39,36 - 45,M,$60K - $80K,Rs50L - Rs66L,Mid Income,29808,16098,128,125.765625,High
42,36 - 45,M,$40K - $60K,Rs33L - Rs50L,Low Income,3735,14501,92,157.6195652,High
33,26 - 35,F,Less than $40K,<Rs33L,Low Income,8398,16706,123,135.8211382,High
51,46 - 55,M,$80K - $120K,Rs66L - Rs1Cr,Mid Income,22754,8531,77,110.7922078,High
51,46 - 55,M,$60K - $80K,Rs50L - Rs66L,Mid Income,29663,14638,93,157.3978495,High
59,55+,F,Less than $40K,<Rs33L,Low Income,5043,10170,66,154.0909091,High
58,55+,F,Less than $40K,<Rs33L,Low Income,4299,15068,123,122.504065,High
61,55+,M,$60K - $80K,Rs50L - Rs66L,Mid Income,11859,8930,79,113.0379747,High
47,46 - 55,M,$80K - $120K,Rs66L - Rs1Cr,Mid Income,17504,10468,66,158.6060606,High
47,46 - 55,M,Less than $40K,<Rs33L,Low Income,4165,17093,111,153.990991,High
56,55+,M,$80K - $120K,Rs66L - Rs1Cr,Mid Income,34516,15274,108,141.4259259,High
49,46 - 55,M,$60K - $80K,Rs50L - Rs66L,Mid Income,6481,15937,119,133.9243697,High
33,26 - 35,M,$120K +,Rs1Cr +,High Income,34516,9338,73,127.9178082,High
27,26 - 35,M,$60K - $80K,Rs50L - Rs66L,Mid Income,13303,10219,85,120.2235294,High
29,26 - 35,M,Less than $40K,<Rs33L,Low Income,4700,14723,96,153.3645833,High
38,36 - 45,M,$40K - $60K,Rs33L - Rs50L,Low Income,5639,16628,109,152.5504587,High
46,46 - 55,M,$80K - $120K,Rs66L - Rs1Cr,Mid Income,13187,15354,112,137.0892857,High
57,55+,M,$80K - $120K,Rs66L - Rs1Cr,Mid Income,17925,17498,111,157.6396396,High
50,46 - 55,M,$80K - $120K,Rs66L - Rs1Cr,Mid Income,9959,10310,63,163.6507937,High
55,46 - 55,F,Unknown,Unknown,Unknown,14657,6009,53,113.3773585,High
54,46 - 55,M,$60K - $80K,Rs50L - Rs66L,Mid Income,13940,15577,114,136.6403509,High
56,55+,F,Less than $40K,<Rs33L,Low Income,3688,14596,120,121.6333333,High
50,46 - 55,M,$40K - $60K,Rs33L - Rs50L,Low Income,4003,15476,117,132.2735043,High
41,36 - 45,M,$40K - $60K,Rs33L - Rs50L,Low Income,4277,8764,69,127.0144928,High
44,36 - 45,F,Less than $40K,<Rs33L,Low Income,5409,10291,60,171.5166667,High
30,26 - 35,M,$40K - $60K,Rs33L - Rs50L,Low Income,5281,8395,62,135.4032258,High
43,36 - 45,F,Less than $40K,<Rs33L,Low Income,10388,10294,61,168.7540984,High
